[NX v20.8.4 Daemon Server] - 2026-10-03T05:43:16.775Z - Started listening on: /private/var/folders/yw/6l8187ks2ggf7q3ggsfxcq6h0000gn/T/eda286fc9461980599c4/d.sock
[NX v20.8.4 Daemon Server] - 2026-10-03T05:43:16.777Z - [WATCHER]: Subscribed to changes within: /Users/zhuanzmima0000/Desktop/Pair-wise/pw 1002/pair-wise-gsb-62-20261003-112302-fe80731d/source/candidates/candidate-2 (native)
[NX v20.8.4 Daemon Server] - 2026-10-03T05:43:16.783Z - Established a connection. Number of open connections: 1
[NX v20.8.4 Daemon Server] - 2026-10-03T05:43:16.784Z - Established a connection. Number of open connections: 2
[NX v20.8.4 Daemon Server] - 2026-10-03T05:43:16.785Z - Closed a connection. Number of open connections: 1
[NX v20.8.4 Daemon Server] - 2026-10-03T05:43:16.786Z - [REQUEST]: Responding to the client. Shutdown initiated
[NX v20.8.4 Daemon Server] - 2026-10-03T05:43:16.786Z - Done responding to the client Shutdown initiated
[NX v20.8.4 Daemon Server] - 2026-10-03T05:43:16.786Z - Handled FORCE_SHUTDOWN. Handling time: 0. Response time: 0.
[NX v20.8.4 Daemon Server] - 2026-10-03T05:43:16.787Z - Closed a connection. Number of open connections: 0
[NX v20.8.4 Daemon Server] - 2026-10-03T05:43:16.787Z - [WATCHER]: Stopping the watcher for /Users/zhuanzmima0000/Desktop/Pair-wise/pw 1002/pair-wise-gsb-62-20261003-112302-fe80731d/source/candidates/candidate-2 (sources)
[NX v20.8.4 Daemon Server] - 2026-10-03T05:43:16.787Z - [WATCHER]: Stopping the watcher for /Users/zhuanzmima0000/Desktop/Pair-wise/pw 1002/pair-wise-gsb-62-20261003-112302-fe80731d/source/candidates/candidate-2 (outputs)
[NX v20.8.4 Daemon Server] - 2026-10-03T05:43:16.788Z - Server stopped because: "Request to shutdown"
[NX v20.8.4 Daemon Server] - 2026-10-03T05:43:23.996Z - Started listening on: /private/var/folders/yw/6l8187ks2ggf7q3ggsfxcq6h0000gn/T/eda286fc9461980599c4/d.sock
[NX v20.8.4 Daemon Server] - 2026-10-03T05:43:23.997Z - [WATCHER]: Subscribed to changes within: /Users/zhuanzmima0000/Desktop/Pair-wise/pw 1002/pair-wise-gsb-62-20261003-112302-fe80731d/source/candidates/candidate-2 (native)
[NX v20.8.4 Daemon Server] - 2026-10-03T05:43:24.005Z - Established a connection. Number of open connections: 1
[NX v20.8.4 Daemon Server] - 2026-10-03T05:43:24.005Z - Established a connection. Number of open connections: 2
[NX v20.8.4 Daemon Server] - 2026-10-03T05:43:24.006Z - Closed a connection. Number of open connections: 1
[NX v20.8.4 Daemon Server] - 2026-10-03T05:43:24.007Z - [REQUEST]: Client Request for Project Graph Received
[NX v20.8.4 Daemon Server] - 2026-10-03T05:43:24.012Z - Time taken for 'loadSpecifiedNxPlugins' 0.810750000000013ms
[NX v20.8.4 Daemon Server] - 2026-10-03T05:43:24.058Z - [WATCHER]: Processing file changes in outputs
[NX v20.8.4 Daemon Server] - 2026-10-03T05:43:24.167Z - Time taken for 'Load Nx Plugin: /Users/zhuanzmima0000/Desktop/Pair-wise/pw 1002/pair-wise-gsb-62-20261003-112302-fe80731d/source/candidates/candidate-2/node_modules/nx/src/plugins/project-json/build-nodes/project-json' 158.346042ms
[NX v20.8.4 Daemon Server] - 2026-10-03T05:43:24.167Z - Time taken for 'Load Nx Plugin: /Users/zhuanzmima0000/Desktop/Pair-wise/pw 1002/pair-wise-gsb-62-20261003-112302-fe80731d/source/candidates/candidate-2/node_modules/nx/src/plugins/package-json' 158.77762500000003ms
[NX v20.8.4 Daemon Server] - 2026-10-03T05:43:24.175Z - [REQUEST]: Updated workspace context based on watched changes, recomputing project graph...
[NX v20.8.4 Daemon Server] - 2026-10-03T05:43:24.175Z - [REQUEST]: 
[NX v20.8.4 Daemon Server] - 2026-10-03T05:43:24.175Z - [REQUEST]: 
[NX v20.8.4 Daemon Server] - 2026-10-03T05:43:24.179Z - Time taken for 'loadDefaultNxPlugins' 166.73725ms
[NX v20.8.4 Daemon Server] - 2026-10-03T05:43:24.200Z - Time taken for 'build-project-configs' 10.966042000000016ms
[NX v20.8.4 Daemon Server] - 2026-10-03T05:43:24.226Z - [SYNC]: collect registered sync generators
[NX v20.8.4 Daemon Server] - 2026-10-03T05:43:24.226Z - [REQUEST]: Responding to the client. project-graph
[NX v20.8.4 Daemon Server] - 2026-10-03T05:43:24.226Z - Time taken for 'total for creating and serializing project graph' 218.730917ms
[NX v20.8.4 Daemon Server] - 2026-10-03T05:43:24.228Z - Done responding to the client project-graph
[NX v20.8.4 Daemon Server] - 2026-10-03T05:43:24.228Z - Handled REQUEST_PROJECT_GRAPH. Handling time: 219. Response time: 2.
[NX v20.8.4 Daemon Server] - 2026-10-03T05:43:24.233Z - [REQUEST]: Responding to the client. handleRunPreTasksExecution
[NX v20.8.4 Daemon Server] - 2026-10-03T05:43:24.233Z - Done responding to the client handleRunPreTasksExecution
[NX v20.8.4 Daemon Server] - 2026-10-03T05:43:24.233Z - Handled PRE_TASKS_EXECUTION. Handling time: 0. Response time: 0.
[NX v20.8.4 Daemon Server] - 2026-10-03T05:43:24.233Z - Time taken for 'preTasksExecution' 0.28404199999999946ms
[NX v20.8.4 Daemon Server] - 2026-10-03T05:43:24.287Z - [REQUEST]: Responding to the client. handleHashTasks
[NX v20.8.4 Daemon Server] - 2026-10-03T05:43:24.288Z - Done responding to the client handleHashTasks
[NX v20.8.4 Daemon Server] - 2026-10-03T05:43:24.288Z - Handled HASH_TASKS. Handling time: 9. Response time: 1.
[NX v20.8.4 Daemon Server] - 2026-10-03T05:43:24.289Z - [WATCHER]: 3 file(s) created or restored, 0 file(s) modified, 4 file(s) deleted
[NX v20.8.4 Daemon Server] - 2026-10-03T05:43:24.366Z - [REQUEST]: Responding to the client. handleGetEstimatedTaskTimings
[NX v20.8.4 Daemon Server] - 2026-10-03T05:43:24.366Z - Done responding to the client handleGetEstimatedTaskTimings
[NX v20.8.4 Daemon Server] - 2026-10-03T05:43:24.366Z - Handled GET_ESTIMATED_TASK_TIMINGS. Handling time: 22. Response time: 0.
[NX v20.8.4 Daemon Server] - 2026-10-03T05:43:24.390Z - [REQUEST]: Updated workspace context based on watched changes, recomputing project graph...
[NX v20.8.4 Daemon Server] - 2026-10-03T05:43:24.390Z - [REQUEST]: .nx/workspace-data/source-maps.json,.nx/workspace-data/file-map.json,.nx/workspace-data/project-graph.json
[NX v20.8.4 Daemon Server] - 2026-10-03T05:43:24.390Z - [REQUEST]: .nx/workspace-data/project-graph.json~e7aa7d2c,.nx/workspace-data/file-map.json~e7aa7d2c,.nx/workspace-data/source-maps.json~e7aa7d2c,.nx/workspace-data/7D8459F8-5903-52ED-ABA3-38DBD53DA06B.lock
[NX v20.8.4 Daemon Server] - 2026-10-03T05:43:24.392Z - Time taken for 'hash changed files from watcher' 0.6762079999999742ms
[NX v20.8.4 Daemon Server] - 2026-10-03T05:43:24.403Z - Time taken for 'build-project-configs' 9.774374999999964ms
[NX v20.8.4 Daemon Server] - 2026-10-03T05:43:24.418Z - [SYNC]: collect registered sync generators
[NX v20.8.4 Daemon Server] - 2026-10-03T05:43:24.419Z - [SYNC]: project graph hash is the same, not collecting task sync generators
[NX v20.8.4 Daemon Server] - 2026-10-03T05:43:24.419Z - [SYNC]: nx.json hash is the same, not collecting global sync generators
[NX v20.8.4 Daemon Server] - 2026-10-03T05:43:24.419Z - Time taken for 'total execution time for createProjectGraph()' 12.513833999999974ms
[NX v20.8.4 Daemon Server] - 2026-10-03T05:43:24.423Z - [WATCHER]: .nx/workspace-data/7D8459F8-5903-52ED-ABA3-38DBD53DA06B.lock was deleted
[NX v20.8.4 Daemon Server] - 2026-10-03T05:43:24.480Z - [WATCHER]: 3 file(s) created or restored, 0 file(s) modified, 3 file(s) deleted
[NX v20.8.4 Daemon Server] - 2026-10-03T05:43:24.623Z - [REQUEST]: Updated workspace context based on watched changes, recomputing project graph...
[NX v20.8.4 Daemon Server] - 2026-10-03T05:43:24.623Z - [REQUEST]: .nx/workspace-data/project-graph.json,.nx/workspace-data/file-map.json,.nx/workspace-data/source-maps.json
[NX v20.8.4 Daemon Server] - 2026-10-03T05:43:24.623Z - [REQUEST]: .nx/workspace-data/7D8459F8-5903-52ED-ABA3-38DBD53DA06B.lock,.nx/workspace-data/project-graph.json~97acdc8f,.nx/workspace-data/source-maps.json~97acdc8f,.nx/workspace-data/file-map.json~97acdc8f
[NX v20.8.4 Daemon Server] - 2026-10-03T05:43:24.625Z - Time taken for 'hash changed files from watcher' 0.47858399999995527ms
[NX v20.8.4 Daemon Server] - 2026-10-03T05:43:24.634Z - Time taken for 'build-project-configs' 7.530959000000053ms
[NX v20.8.4 Daemon Server] - 2026-10-03T05:43:24.648Z - [SYNC]: collect registered sync generators
[NX v20.8.4 Daemon Server] - 2026-10-03T05:43:24.649Z - [SYNC]: project graph hash is the same, not collecting task sync generators
[NX v20.8.4 Daemon Server] - 2026-10-03T05:43:24.649Z - [SYNC]: nx.json hash is the same, not collecting global sync generators
[NX v20.8.4 Daemon Server] - 2026-10-03T05:43:24.649Z - Time taken for 'total execution time for createProjectGraph()' 12.51379099999997ms
[NX v20.8.4 Daemon Server] - 2026-10-03T05:43:24.711Z - [WATCHER]: 3 file(s) created or restored, 0 file(s) modified, 3 file(s) deleted
[NX v20.8.4 Daemon Server] - 2026-10-03T05:43:24.813Z - [REQUEST]: Updated workspace context based on watched changes, recomputing project graph...
[NX v20.8.4 Daemon Server] - 2026-10-03T05:43:24.813Z - [REQUEST]: .nx/workspace-data/file-map.json,.nx/workspace-data/source-maps.json,.nx/workspace-data/project-graph.json
[NX v20.8.4 Daemon Server] - 2026-10-03T05:43:24.813Z - [REQUEST]: .nx/workspace-data/project-graph.json~eb96f337,.nx/workspace-data/source-maps.json~eb96f337,.nx/workspace-data/file-map.json~eb96f337
[NX v20.8.4 Daemon Server] - 2026-10-03T05:43:24.816Z - Time taken for 'hash changed files from watcher' 0.6872499999999491ms
[NX v20.8.4 Daemon Server] - 2026-10-03T05:43:24.823Z - Time taken for 'build-project-configs' 6.817457999999988ms
[NX v20.8.4 Daemon Server] - 2026-10-03T05:43:24.837Z - [SYNC]: collect registered sync generators
[NX v20.8.4 Daemon Server] - 2026-10-03T05:43:24.837Z - [SYNC]: project graph hash is the same, not collecting task sync generators
[NX v20.8.4 Daemon Server] - 2026-10-03T05:43:24.837Z - [SYNC]: nx.json hash is the same, not collecting global sync generators
[NX v20.8.4 Daemon Server] - 2026-10-03T05:43:24.838Z - Time taken for 'total execution time for createProjectGraph()' 11.430374999999913ms
[NX v20.8.4 Daemon Server] - 2026-10-03T05:43:24.902Z - [WATCHER]: 3 file(s) created or restored, 0 file(s) modified, 3 file(s) deleted
[NX v20.8.4 Daemon Server] - 2026-10-03T05:43:24.933Z - Established a connection. Number of open connections: 2
[NX v20.8.4 Daemon Server] - 2026-10-03T05:43:24.933Z - Closed a connection. Number of open connections: 1
[NX v20.8.4 Daemon Server] - 2026-10-03T05:43:24.934Z - Established a connection. Number of open connections: 2
[NX v20.8.4 Daemon Server] - 2026-10-03T05:43:24.935Z - [REQUEST]: Client Request for Project Graph Received
[NX v20.8.4 Daemon Server] - 2026-10-03T05:43:24.935Z - [REQUEST]: Updated workspace context based on watched changes, recomputing project graph...
[NX v20.8.4 Daemon Server] - 2026-10-03T05:43:24.935Z - [REQUEST]: .nx/workspace-data/source-maps.json,.nx/workspace-data/project-graph.json,.nx/workspace-data/file-map.json
[NX v20.8.4 Daemon Server] - 2026-10-03T05:43:24.935Z - [REQUEST]: .nx/workspace-data/file-map.json~b1551d9a,.nx/workspace-data/source-maps.json~b1551d9a,.nx/workspace-data/project-graph.json~b1551d9a
[NX v20.8.4 Daemon Server] - 2026-10-03T05:43:24.936Z - Time taken for 'hash changed files from watcher' 0.49450000000001637ms
[NX v20.8.4 Daemon Server] - 2026-10-03T05:43:24.945Z - Time taken for 'build-project-configs' 7.39166699999987ms
[NX v20.8.4 Daemon Server] - 2026-10-03T05:43:24.959Z - [SYNC]: collect registered sync generators
[NX v20.8.4 Daemon Server] - 2026-10-03T05:43:24.959Z - [SYNC]: project graph hash is the same, not collecting task sync generators
[NX v20.8.4 Daemon Server] - 2026-10-03T05:43:24.959Z - [SYNC]: nx.json hash is the same, not collecting global sync generators
[NX v20.8.4 Daemon Server] - 2026-10-03T05:43:24.959Z - [REQUEST]: Responding to the client. project-graph
[NX v20.8.4 Daemon Server] - 2026-10-03T05:43:24.959Z - Time taken for 'total for creating and serializing project graph' 24.67079200000012ms
[NX v20.8.4 Daemon Server] - 2026-10-03T05:43:24.962Z - Done responding to the client project-graph
[NX v20.8.4 Daemon Server] - 2026-10-03T05:43:24.962Z - Handled REQUEST_PROJECT_GRAPH. Handling time: 24. Response time: 3.
[NX v20.8.4 Daemon Server] - 2026-10-03T05:43:25.024Z - [WATCHER]: 3 file(s) created or restored, 0 file(s) modified, 3 file(s) deleted
[NX v20.8.4 Daemon Server] - 2026-10-03T05:43:25.125Z - [REQUEST]: Updated workspace context based on watched changes, recomputing project graph...
[NX v20.8.4 Daemon Server] - 2026-10-03T05:43:25.125Z - [REQUEST]: .nx/workspace-data/project-graph.json,.nx/workspace-data/source-maps.json,.nx/workspace-data/file-map.json
[NX v20.8.4 Daemon Server] - 2026-10-03T05:43:25.125Z - [REQUEST]: .nx/workspace-data/project-graph.json~2187bef6,.nx/workspace-data/source-maps.json~2187bef6,.nx/workspace-data/file-map.json~2187bef6
[NX v20.8.4 Daemon Server] - 2026-10-03T05:43:25.127Z - Time taken for 'hash changed files from watcher' 0.820667000000185ms
[NX v20.8.4 Daemon Server] - 2026-10-03T05:43:25.139Z - Time taken for 'build-project-configs' 11.097582999999986ms
[NX v20.8.4 Daemon Server] - 2026-10-03T05:43:25.154Z - [SYNC]: collect registered sync generators
[NX v20.8.4 Daemon Server] - 2026-10-03T05:43:25.154Z - [SYNC]: project graph hash is the same, not collecting task sync generators
[NX v20.8.4 Daemon Server] - 2026-10-03T05:43:25.154Z - [SYNC]: nx.json hash is the same, not collecting global sync generators
[NX v20.8.4 Daemon Server] - 2026-10-03T05:43:25.154Z - Time taken for 'total execution time for createProjectGraph()' 12.001915999999937ms
[NX v20.8.4 Daemon Server] - 2026-10-03T05:43:25.217Z - [WATCHER]: 3 file(s) created or restored, 0 file(s) modified, 3 file(s) deleted
[NX v20.8.4 Daemon Server] - 2026-10-03T05:43:25.318Z - [REQUEST]: Updated workspace context based on watched changes, recomputing project graph...
[NX v20.8.4 Daemon Server] - 2026-10-03T05:43:25.318Z - [REQUEST]: .nx/workspace-data/project-graph.json,.nx/workspace-data/file-map.json,.nx/workspace-data/source-maps.json
[NX v20.8.4 Daemon Server] - 2026-10-03T05:43:25.318Z - [REQUEST]: .nx/workspace-data/file-map.json~d8b86e90,.nx/workspace-data/project-graph.json~d8b86e90,.nx/workspace-data/source-maps.json~d8b86e90
[NX v20.8.4 Daemon Server] - 2026-10-03T05:43:25.324Z - Time taken for 'hash changed files from watcher' 1.4702499999998508ms
[NX v20.8.4 Daemon Server] - 2026-10-03T05:43:25.347Z - Time taken for 'build-project-configs' 22.43270899999993ms
[NX v20.8.4 Daemon Server] - 2026-10-03T05:43:25.377Z - [SYNC]: collect registered sync generators
[NX v20.8.4 Daemon Server] - 2026-10-03T05:43:25.378Z - [SYNC]: project graph hash is the same, not collecting task sync generators
[NX v20.8.4 Daemon Server] - 2026-10-03T05:43:25.378Z - [SYNC]: nx.json hash is the same, not collecting global sync generators
[NX v20.8.4 Daemon Server] - 2026-10-03T05:43:25.378Z - Time taken for 'total execution time for createProjectGraph()' 25.80049999999983ms
[NX v20.8.4 Daemon Server] - 2026-10-03T05:43:25.440Z - [WATCHER]: 3 file(s) created or restored, 0 file(s) modified, 3 file(s) deleted
[NX v20.8.4 Daemon Server] - 2026-10-03T05:43:25.542Z - [REQUEST]: Updated workspace context based on watched changes, recomputing project graph...
[NX v20.8.4 Daemon Server] - 2026-10-03T05:43:25.542Z - [REQUEST]: .nx/workspace-data/project-graph.json,.nx/workspace-data/source-maps.json,.nx/workspace-data/file-map.json
[NX v20.8.4 Daemon Server] - 2026-10-03T05:43:25.542Z - [REQUEST]: .nx/workspace-data/source-maps.json~c6fb2a7f,.nx/workspace-data/project-graph.json~c6fb2a7f,.nx/workspace-data/file-map.json~c6fb2a7f
[NX v20.8.4 Daemon Server] - 2026-10-03T05:43:25.548Z - Time taken for 'hash changed files from watcher' 0.4262079999998605ms
[NX v20.8.4 Daemon Server] - 2026-10-03T05:43:25.566Z - Time taken for 'build-project-configs' 17.609750000000076ms
[NX v20.8.4 Daemon Server] - 2026-10-03T05:43:25.584Z - [SYNC]: collect registered sync generators
[NX v20.8.4 Daemon Server] - 2026-10-03T05:43:25.584Z - [SYNC]: project graph hash is the same, not collecting task sync generators
[NX v20.8.4 Daemon Server] - 2026-10-03T05:43:25.584Z - [SYNC]: nx.json hash is the same, not collecting global sync generators
[NX v20.8.4 Daemon Server] - 2026-10-03T05:43:25.584Z - Time taken for 'total execution time for createProjectGraph()' 14.402041999999938ms
[NX v20.8.4 Daemon Server] - 2026-10-03T05:43:25.649Z - [WATCHER]: 3 file(s) created or restored, 0 file(s) modified, 3 file(s) deleted
[NX v20.8.4 Daemon Server] - 2026-10-03T05:43:25.752Z - [REQUEST]: Updated workspace context based on watched changes, recomputing project graph...
[NX v20.8.4 Daemon Server] - 2026-10-03T05:43:25.752Z - [REQUEST]: .nx/workspace-data/file-map.json,.nx/workspace-data/source-maps.json,.nx/workspace-data/project-graph.json
[NX v20.8.4 Daemon Server] - 2026-10-03T05:43:25.752Z - [REQUEST]: .nx/workspace-data/source-maps.json~3823924c,.nx/workspace-data/file-map.json~3823924c,.nx/workspace-data/project-graph.json~3823924c
[NX v20.8.4 Daemon Server] - 2026-10-03T05:43:25.755Z - Time taken for 'hash changed files from watcher' 2.895625000000109ms
[NX v20.8.4 Daemon Server] - 2026-10-03T05:43:25.772Z - Time taken for 'build-project-configs' 15.042292000000089ms
[NX v20.8.4 Daemon Server] - 2026-10-03T05:43:25.805Z - [SYNC]: collect registered sync generators
[NX v20.8.4 Daemon Server] - 2026-10-03T05:43:25.805Z - [SYNC]: project graph hash is the same, not collecting task sync generators
[NX v20.8.4 Daemon Server] - 2026-10-03T05:43:25.805Z - [SYNC]: nx.json hash is the same, not collecting global sync generators
[NX v20.8.4 Daemon Server] - 2026-10-03T05:43:25.805Z - Time taken for 'total execution time for createProjectGraph()' 29.714874999999893ms
[NX v20.8.4 Daemon Server] - 2026-10-03T05:43:25.867Z - [WATCHER]: 3 file(s) created or restored, 0 file(s) modified, 3 file(s) deleted
[NX v20.8.4 Daemon Server] - 2026-10-03T05:43:25.969Z - [REQUEST]: Updated workspace context based on watched changes, recomputing project graph...
[NX v20.8.4 Daemon Server] - 2026-10-03T05:43:25.969Z - [REQUEST]: .nx/workspace-data/source-maps.json,.nx/workspace-data/project-graph.json,.nx/workspace-data/file-map.json
[NX v20.8.4 Daemon Server] - 2026-10-03T05:43:25.969Z - [REQUEST]: .nx/workspace-data/source-maps.json~d72e7e53,.nx/workspace-data/project-graph.json~d72e7e53,.nx/workspace-data/file-map.json~d72e7e53
[NX v20.8.4 Daemon Server] - 2026-10-03T05:43:25.972Z - Time taken for 'hash changed files from watcher' 1.2492080000001806ms
[NX v20.8.4 Daemon Server] - 2026-10-03T05:43:25.986Z - Time taken for 'build-project-configs' 10.240125000000262ms
[NX v20.8.4 Daemon Server] - 2026-10-03T05:43:26.002Z - [SYNC]: collect registered sync generators
[NX v20.8.4 Daemon Server] - 2026-10-03T05:43:26.002Z - [SYNC]: project graph hash is the same, not collecting task sync generators
[NX v20.8.4 Daemon Server] - 2026-10-03T05:43:26.002Z - [SYNC]: nx.json hash is the same, not collecting global sync generators
[NX v20.8.4 Daemon Server] - 2026-10-03T05:43:26.002Z - Time taken for 'total execution time for createProjectGraph()' 15.575291000000107ms
[NX v20.8.4 Daemon Server] - 2026-10-03T05:43:26.065Z - [WATCHER]: 3 file(s) created or restored, 0 file(s) modified, 3 file(s) deleted
[NX v20.8.4 Daemon Server] - 2026-10-03T05:43:26.169Z - [REQUEST]: Updated workspace context based on watched changes, recomputing project graph...
[NX v20.8.4 Daemon Server] - 2026-10-03T05:43:26.169Z - [REQUEST]: .nx/workspace-data/file-map.json,.nx/workspace-data/source-maps.json,.nx/workspace-data/project-graph.json
[NX v20.8.4 Daemon Server] - 2026-10-03T05:43:26.169Z - [REQUEST]: .nx/workspace-data/file-map.json~01d31fdd,.nx/workspace-data/source-maps.json~01d31fdd,.nx/workspace-data/project-graph.json~01d31fdd
[NX v20.8.4 Daemon Server] - 2026-10-03T05:43:26.170Z - Time taken for 'hash changed files from watcher' 2.333458000000064ms
[NX v20.8.4 Daemon Server] - 2026-10-03T05:43:26.179Z - Time taken for 'build-project-configs' 7.349624999999833ms
[NX v20.8.4 Daemon Server] - 2026-10-03T05:43:26.191Z - [SYNC]: collect registered sync generators
[NX v20.8.4 Daemon Server] - 2026-10-03T05:43:26.192Z - [SYNC]: project graph hash is the same, not collecting task sync generators
[NX v20.8.4 Daemon Server] - 2026-10-03T05:43:26.192Z - [SYNC]: nx.json hash is the same, not collecting global sync generators
[NX v20.8.4 Daemon Server] - 2026-10-03T05:43:26.192Z - Time taken for 'total execution time for createProjectGraph()' 10.191459000000123ms
[NX v20.8.4 Daemon Server] - 2026-10-03T05:43:26.256Z - [WATCHER]: 3 file(s) created or restored, 0 file(s) modified, 3 file(s) deleted
[NX v20.8.4 Daemon Server] - 2026-10-03T05:43:26.357Z - [REQUEST]: Updated workspace context based on watched changes, recomputing project graph...
[NX v20.8.4 Daemon Server] - 2026-10-03T05:43:26.357Z - [REQUEST]: .nx/workspace-data/project-graph.json,.nx/workspace-data/file-map.json,.nx/workspace-data/source-maps.json
[NX v20.8.4 Daemon Server] - 2026-10-03T05:43:26.357Z - [REQUEST]: .nx/workspace-data/project-graph.json~fee22850,.nx/workspace-data/file-map.json~fee22850,.nx/workspace-data/source-maps.json~fee22850
[NX v20.8.4 Daemon Server] - 2026-10-03T05:43:26.359Z - Time taken for 'hash changed files from watcher' 0.4859590000000935ms
[NX v20.8.4 Daemon Server] - 2026-10-03T05:43:26.370Z - Time taken for 'build-project-configs' 10.086624999999913ms
[NX v20.8.4 Daemon Server] - 2026-10-03T05:43:26.388Z - [SYNC]: collect registered sync generators
[NX v20.8.4 Daemon Server] - 2026-10-03T05:43:26.388Z - [SYNC]: project graph hash is the same, not collecting task sync generators
[NX v20.8.4 Daemon Server] - 2026-10-03T05:43:26.388Z - [SYNC]: nx.json hash is the same, not collecting global sync generators
[NX v20.8.4 Daemon Server] - 2026-10-03T05:43:26.388Z - Time taken for 'total execution time for createProjectGraph()' 14.095792000000074ms
[NX v20.8.4 Daemon Server] - 2026-10-03T05:43:26.458Z - [WATCHER]: 3 file(s) created or restored, 0 file(s) modified, 3 file(s) deleted
[NX v20.8.4 Daemon Server] - 2026-10-03T05:43:26.559Z - [REQUEST]: Updated workspace context based on watched changes, recomputing project graph...
[NX v20.8.4 Daemon Server] - 2026-10-03T05:43:26.559Z - [REQUEST]: .nx/workspace-data/file-map.json,.nx/workspace-data/project-graph.json,.nx/workspace-data/source-maps.json
[NX v20.8.4 Daemon Server] - 2026-10-03T05:43:26.559Z - [REQUEST]: .nx/workspace-data/project-graph.json~54032156,.nx/workspace-data/source-maps.json~54032156,.nx/workspace-data/file-map.json~54032156
[NX v20.8.4 Daemon Server] - 2026-10-03T05:43:26.564Z - Time taken for 'hash changed files from watcher' 0.7942500000003747ms
[NX v20.8.4 Daemon Server] - 2026-10-03T05:43:26.589Z - Time taken for 'build-project-configs' 24.92599999999993ms
[NX v20.8.4 Daemon Server] - 2026-10-03T05:43:26.619Z - [SYNC]: collect registered sync generators
[NX v20.8.4 Daemon Server] - 2026-10-03T05:43:26.620Z - [SYNC]: project graph hash is the same, not collecting task sync generators
[NX v20.8.4 Daemon Server] - 2026-10-03T05:43:26.620Z - [SYNC]: nx.json hash is the same, not collecting global sync generators
[NX v20.8.4 Daemon Server] - 2026-10-03T05:43:26.620Z - Time taken for 'total execution time for createProjectGraph()' 24.99116600000025ms
[NX v20.8.4 Daemon Server] - 2026-10-03T05:43:26.672Z - [WATCHER]: 3 file(s) created or restored, 0 file(s) modified, 3 file(s) deleted
[NX v20.8.4 Daemon Server] - 2026-10-03T05:43:26.774Z - [REQUEST]: Updated workspace context based on watched changes, recomputing project graph...
[NX v20.8.4 Daemon Server] - 2026-10-03T05:43:26.774Z - [REQUEST]: .nx/workspace-data/file-map.json,.nx/workspace-data/source-maps.json,.nx/workspace-data/project-graph.json
[NX v20.8.4 Daemon Server] - 2026-10-03T05:43:26.774Z - [REQUEST]: .nx/workspace-data/file-map.json~1ec2ab68,.nx/workspace-data/project-graph.json~1ec2ab68,.nx/workspace-data/source-maps.json~1ec2ab68
[NX v20.8.4 Daemon Server] - 2026-10-03T05:43:26.778Z - Time taken for 'hash changed files from watcher' 1.3673330000001442ms
[NX v20.8.4 Daemon Server] - 2026-10-03T05:43:26.797Z - Time taken for 'build-project-configs' 17.143833000000086ms
[NX v20.8.4 Daemon Server] - 2026-10-03T05:43:26.812Z - [SYNC]: collect registered sync generators
[NX v20.8.4 Daemon Server] - 2026-10-03T05:43:26.812Z - [SYNC]: project graph hash is the same, not collecting task sync generators
[NX v20.8.4 Daemon Server] - 2026-10-03T05:43:26.812Z - [SYNC]: nx.json hash is the same, not collecting global sync generators
[NX v20.8.4 Daemon Server] - 2026-10-03T05:43:26.812Z - Time taken for 'total execution time for createProjectGraph()' 12.266500000000178ms
[NX v20.8.4 Daemon Server] - 2026-10-03T05:43:26.877Z - [WATCHER]: 3 file(s) created or restored, 0 file(s) modified, 3 file(s) deleted
[NX v20.8.4 Daemon Server] - 2026-10-03T05:43:26.978Z - [REQUEST]: Updated workspace context based on watched changes, recomputing project graph...
[NX v20.8.4 Daemon Server] - 2026-10-03T05:43:26.978Z - [REQUEST]: .nx/workspace-data/project-graph.json,.nx/workspace-data/source-maps.json,.nx/workspace-data/file-map.json
[NX v20.8.4 Daemon Server] - 2026-10-03T05:43:26.978Z - [REQUEST]: .nx/workspace-data/source-maps.json~43c4f212,.nx/workspace-data/project-graph.json~43c4f212,.nx/workspace-data/file-map.json~43c4f212
[NX v20.8.4 Daemon Server] - 2026-10-03T05:43:26.986Z - Time taken for 'hash changed files from watcher' 0.48729099999991377ms
[NX v20.8.4 Daemon Server] - 2026-10-03T05:43:26.995Z - Time taken for 'build-project-configs' 8.07312499999989ms
[NX v20.8.4 Daemon Server] - 2026-10-03T05:43:27.019Z - [SYNC]: collect registered sync generators
[NX v20.8.4 Daemon Server] - 2026-10-03T05:43:27.020Z - [SYNC]: project graph hash is the same, not collecting task sync generators
[NX v20.8.4 Daemon Server] - 2026-10-03T05:43:27.020Z - [SYNC]: nx.json hash is the same, not collecting global sync generators
[NX v20.8.4 Daemon Server] - 2026-10-03T05:43:27.020Z - Time taken for 'total execution time for createProjectGraph()' 20.957916999999725ms
[NX v20.8.4 Daemon Server] - 2026-10-03T05:43:27.090Z - [WATCHER]: 3 file(s) created or restored, 0 file(s) modified, 3 file(s) deleted
[NX v20.8.4 Daemon Server] - 2026-10-03T05:43:27.192Z - [REQUEST]: Updated workspace context based on watched changes, recomputing project graph...
[NX v20.8.4 Daemon Server] - 2026-10-03T05:43:27.192Z - [REQUEST]: .nx/workspace-data/file-map.json,.nx/workspace-data/project-graph.json,.nx/workspace-data/source-maps.json
[NX v20.8.4 Daemon Server] - 2026-10-03T05:43:27.192Z - [REQUEST]: .nx/workspace-data/source-maps.json~9868398a,.nx/workspace-data/project-graph.json~9868398a,.nx/workspace-data/file-map.json~9868398a
[NX v20.8.4 Daemon Server] - 2026-10-03T05:43:27.195Z - Time taken for 'hash changed files from watcher' 1.8479999999999563ms
[NX v20.8.4 Daemon Server] - 2026-10-03T05:43:27.204Z - Time taken for 'build-project-configs' 7.16924999999992ms
[NX v20.8.4 Daemon Server] - 2026-10-03T05:43:27.239Z - [SYNC]: collect registered sync generators
[NX v20.8.4 Daemon Server] - 2026-10-03T05:43:27.239Z - [SYNC]: project graph hash is the same, not collecting task sync generators
[NX v20.8.4 Daemon Server] - 2026-10-03T05:43:27.239Z - [SYNC]: nx.json hash is the same, not collecting global sync generators
[NX v20.8.4 Daemon Server] - 2026-10-03T05:43:27.239Z - Time taken for 'total execution time for createProjectGraph()' 32.96275000000014ms
[NX v20.8.4 Daemon Server] - 2026-10-03T05:43:27.313Z - [WATCHER]: 3 file(s) created or restored, 0 file(s) modified, 3 file(s) deleted
[NX v20.8.4 Daemon Server] - 2026-10-03T05:43:27.419Z - [REQUEST]: Updated workspace context based on watched changes, recomputing project graph...
[NX v20.8.4 Daemon Server] - 2026-10-03T05:43:27.419Z - [REQUEST]: .nx/workspace-data/file-map.json,.nx/workspace-data/project-graph.json,.nx/workspace-data/source-maps.json
[NX v20.8.4 Daemon Server] - 2026-10-03T05:43:27.419Z - [REQUEST]: .nx/workspace-data/project-graph.json~f0a7a856,.nx/workspace-data/source-maps.json~f0a7a856,.nx/workspace-data/file-map.json~f0a7a856
[NX v20.8.4 Daemon Server] - 2026-10-03T05:43:27.427Z - Time taken for 'hash changed files from watcher' 4.768207999999959ms
[NX v20.8.4 Daemon Server] - 2026-10-03T05:43:27.471Z - Time taken for 'build-project-configs' 39.980958999999984ms
[NX v20.8.4 Daemon Server] - 2026-10-03T05:43:27.501Z - [SYNC]: collect registered sync generators
[NX v20.8.4 Daemon Server] - 2026-10-03T05:43:27.501Z - [SYNC]: project graph hash is the same, not collecting task sync generators
[NX v20.8.4 Daemon Server] - 2026-10-03T05:43:27.501Z - [SYNC]: nx.json hash is the same, not collecting global sync generators
[NX v20.8.4 Daemon Server] - 2026-10-03T05:43:27.501Z - Time taken for 'total execution time for createProjectGraph()' 29.35849999999982ms
[NX v20.8.4 Daemon Server] - 2026-10-03T05:43:27.541Z - [WATCHER]: 3 file(s) created or restored, 1 file(s) modified, 3 file(s) deleted
[NX v20.8.4 Daemon Server] - 2026-10-03T05:43:27.541Z - [WATCHER]: Processing file changes in outputs
[NX v20.8.4 Daemon Server] - 2026-10-03T05:43:27.644Z - [REQUEST]: Updated workspace context based on watched changes, recomputing project graph...
[NX v20.8.4 Daemon Server] - 2026-10-03T05:43:27.644Z - [REQUEST]: .nx/workspace-data/file-map.json,.nx/workspace-data/project-graph.json,.nx/workspace-data/source-maps.json,.angular/cache/19.2.27/tailings-monitor/.tsbuildinfo
[NX v20.8.4 Daemon Server] - 2026-10-03T05:43:27.645Z - [REQUEST]: .nx/workspace-data/file-map.json~e6ea311c,.nx/workspace-data/source-maps.json~e6ea311c,.nx/workspace-data/project-graph.json~e6ea311c
[NX v20.8.4 Daemon Server] - 2026-10-03T05:43:27.651Z - Time taken for 'hash changed files from watcher' 2.566584000000148ms
[NX v20.8.4 Daemon Server] - 2026-10-03T05:43:27.710Z - Time taken for 'build-project-configs' 57.14800000000014ms
[NX v20.8.4 Daemon Server] - 2026-10-03T05:43:27.754Z - [SYNC]: collect registered sync generators
[NX v20.8.4 Daemon Server] - 2026-10-03T05:43:27.754Z - [SYNC]: project graph hash is the same, not collecting task sync generators
[NX v20.8.4 Daemon Server] - 2026-10-03T05:43:27.754Z - [SYNC]: nx.json hash is the same, not collecting global sync generators
[NX v20.8.4 Daemon Server] - 2026-10-03T05:43:27.754Z - Time taken for 'total execution time for createProjectGraph()' 41.16795899999988ms
[NX v20.8.4 Daemon Server] - 2026-10-03T05:43:27.821Z - [WATCHER]: 3 file(s) created or restored, 0 file(s) modified, 3 file(s) deleted
[NX v20.8.4 Daemon Server] - 2026-10-03T05:43:27.922Z - [REQUEST]: Updated workspace context based on watched changes, recomputing project graph...
[NX v20.8.4 Daemon Server] - 2026-10-03T05:43:27.922Z - [REQUEST]: .nx/workspace-data/project-graph.json,.nx/workspace-data/source-maps.json,.nx/workspace-data/file-map.json
[NX v20.8.4 Daemon Server] - 2026-10-03T05:43:27.922Z - [REQUEST]: .nx/workspace-data/project-graph.json~da35db98,.nx/workspace-data/source-maps.json~da35db98,.nx/workspace-data/file-map.json~da35db98
[NX v20.8.4 Daemon Server] - 2026-10-03T05:43:27.924Z - Time taken for 'hash changed files from watcher' 0.48233299999992596ms
[NX v20.8.4 Daemon Server] - 2026-10-03T05:43:27.932Z - Time taken for 'build-project-configs' 6.732292000000143ms
[NX v20.8.4 Daemon Server] - 2026-10-03T05:43:27.950Z - [SYNC]: collect registered sync generators
[NX v20.8.4 Daemon Server] - 2026-10-03T05:43:27.951Z - [SYNC]: project graph hash is the same, not collecting task sync generators
[NX v20.8.4 Daemon Server] - 2026-10-03T05:43:27.951Z - [SYNC]: nx.json hash is the same, not collecting global sync generators
[NX v20.8.4 Daemon Server] - 2026-10-03T05:43:27.951Z - Time taken for 'total execution time for createProjectGraph()' 14.846875000000182ms
[NX v20.8.4 Daemon Server] - 2026-10-03T05:43:28.019Z - [WATCHER]: 3 file(s) created or restored, 0 file(s) modified, 3 file(s) deleted
[NX v20.8.4 Daemon Server] - 2026-10-03T05:43:28.124Z - [REQUEST]: Updated workspace context based on watched changes, recomputing project graph...
[NX v20.8.4 Daemon Server] - 2026-10-03T05:43:28.124Z - [REQUEST]: .nx/workspace-data/source-maps.json,.nx/workspace-data/project-graph.json,.nx/workspace-data/file-map.json
[NX v20.8.4 Daemon Server] - 2026-10-03T05:43:28.124Z - [REQUEST]: .nx/workspace-data/project-graph.json~f970a58b,.nx/workspace-data/file-map.json~f970a58b,.nx/workspace-data/source-maps.json~f970a58b
[NX v20.8.4 Daemon Server] - 2026-10-03T05:43:28.154Z - Time taken for 'hash changed files from watcher' 2.233791999999994ms
[NX v20.8.4 Daemon Server] - 2026-10-03T05:43:28.176Z - Time taken for 'build-project-configs' 21.47362499999963ms
[NX v20.8.4 Daemon Server] - 2026-10-03T05:43:28.219Z - [SYNC]: collect registered sync generators
[NX v20.8.4 Daemon Server] - 2026-10-03T05:43:28.220Z - [SYNC]: project graph hash is the same, not collecting task sync generators
[NX v20.8.4 Daemon Server] - 2026-10-03T05:43:28.220Z - [SYNC]: nx.json hash is the same, not collecting global sync generators
[NX v20.8.4 Daemon Server] - 2026-10-03T05:43:28.220Z - Time taken for 'total execution time for createProjectGraph()' 37.672583999999915ms
[NX v20.8.4 Daemon Server] - 2026-10-03T05:43:28.301Z - [WATCHER]: 3 file(s) created or restored, 0 file(s) modified, 3 file(s) deleted
[NX v20.8.4 Daemon Server] - 2026-10-03T05:43:28.402Z - [REQUEST]: Updated workspace context based on watched changes, recomputing project graph...
[NX v20.8.4 Daemon Server] - 2026-10-03T05:43:28.403Z - [REQUEST]: .nx/workspace-data/source-maps.json,.nx/workspace-data/project-graph.json,.nx/workspace-data/file-map.json
[NX v20.8.4 Daemon Server] - 2026-10-03T05:43:28.403Z - [REQUEST]: .nx/workspace-data/source-maps.json~194f8074,.nx/workspace-data/file-map.json~194f8074,.nx/workspace-data/project-graph.json~194f8074
[NX v20.8.4 Daemon Server] - 2026-10-03T05:43:28.411Z - Time taken for 'hash changed files from watcher' 0.5340420000002268ms
[NX v20.8.4 Daemon Server] - 2026-10-03T05:43:28.424Z - Time taken for 'build-project-configs' 11.49329200000011ms
[NX v20.8.4 Daemon Server] - 2026-10-03T05:43:28.446Z - [SYNC]: collect registered sync generators
[NX v20.8.4 Daemon Server] - 2026-10-03T05:43:28.446Z - [SYNC]: project graph hash is the same, not collecting task sync generators
[NX v20.8.4 Daemon Server] - 2026-10-03T05:43:28.447Z - [SYNC]: nx.json hash is the same, not collecting global sync generators
[NX v20.8.4 Daemon Server] - 2026-10-03T05:43:28.447Z - Time taken for 'total execution time for createProjectGraph()' 19.557333000000654ms
[NX v20.8.4 Daemon Server] - 2026-10-03T05:43:28.531Z - [WATCHER]: 3 file(s) created or restored, 0 file(s) modified, 3 file(s) deleted
[NX v20.8.4 Daemon Server] - 2026-10-03T05:43:28.633Z - [REQUEST]: Updated workspace context based on watched changes, recomputing project graph...
[NX v20.8.4 Daemon Server] - 2026-10-03T05:43:28.633Z - [REQUEST]: .nx/workspace-data/file-map.json,.nx/workspace-data/source-maps.json,.nx/workspace-data/project-graph.json
[NX v20.8.4 Daemon Server] - 2026-10-03T05:43:28.633Z - [REQUEST]: .nx/workspace-data/project-graph.json~948be2e9,.nx/workspace-data/file-map.json~948be2e9,.nx/workspace-data/source-maps.json~948be2e9
[NX v20.8.4 Daemon Server] - 2026-10-03T05:43:28.636Z - Time taken for 'hash changed files from watcher' 1.9490420000001905ms
[NX v20.8.4 Daemon Server] - 2026-10-03T05:43:28.668Z - Time taken for 'build-project-configs' 28.28283300000021ms
[NX v20.8.4 Daemon Server] - 2026-10-03T05:43:28.753Z - [SYNC]: collect registered sync generators
[NX v20.8.4 Daemon Server] - 2026-10-03T05:43:28.754Z - [SYNC]: project graph hash is the same, not collecting task sync generators
[NX v20.8.4 Daemon Server] - 2026-10-03T05:43:28.754Z - [SYNC]: nx.json hash is the same, not collecting global sync generators
[NX v20.8.4 Daemon Server] - 2026-10-03T05:43:28.754Z - Time taken for 'total execution time for createProjectGraph()' 82.88941700000032ms
[NX v20.8.4 Daemon Server] - 2026-10-03T05:43:28.823Z - [WATCHER]: 3 file(s) created or restored, 0 file(s) modified, 3 file(s) deleted
[NX v20.8.4 Daemon Server] - 2026-10-03T05:43:28.925Z - [REQUEST]: Updated workspace context based on watched changes, recomputing project graph...
[NX v20.8.4 Daemon Server] - 2026-10-03T05:43:28.925Z - [REQUEST]: .nx/workspace-data/source-maps.json,.nx/workspace-data/project-graph.json,.nx/workspace-data/file-map.json
[NX v20.8.4 Daemon Server] - 2026-10-03T05:43:28.925Z - [REQUEST]: .nx/workspace-data/project-graph.json~bdbd9660,.nx/workspace-data/file-map.json~bdbd9660,.nx/workspace-data/source-maps.json~bdbd9660
[NX v20.8.4 Daemon Server] - 2026-10-03T05:43:28.927Z - Time taken for 'hash changed files from watcher' 0.9927499999994325ms
[NX v20.8.4 Daemon Server] - 2026-10-03T05:43:29.005Z - Time taken for 'build-project-configs' 74.70812500000011ms
[NX v20.8.4 Daemon Server] - 2026-10-03T05:43:29.080Z - [SYNC]: collect registered sync generators
[NX v20.8.4 Daemon Server] - 2026-10-03T05:43:29.080Z - [SYNC]: project graph hash is the same, not collecting task sync generators
[NX v20.8.4 Daemon Server] - 2026-10-03T05:43:29.080Z - [SYNC]: nx.json hash is the same, not collecting global sync generators
[NX v20.8.4 Daemon Server] - 2026-10-03T05:43:29.080Z - Time taken for 'total execution time for createProjectGraph()' 71.78854199999932ms
[NX v20.8.4 Daemon Server] - 2026-10-03T05:43:29.148Z - [WATCHER]: 3 file(s) created or restored, 0 file(s) modified, 3 file(s) deleted
[NX v20.8.4 Daemon Server] - 2026-10-03T05:43:29.252Z - [REQUEST]: Updated workspace context based on watched changes, recomputing project graph...
[NX v20.8.4 Daemon Server] - 2026-10-03T05:43:29.252Z - [REQUEST]: .nx/workspace-data/source-maps.json,.nx/workspace-data/file-map.json,.nx/workspace-data/project-graph.json
[NX v20.8.4 Daemon Server] - 2026-10-03T05:43:29.252Z - [REQUEST]: .nx/workspace-data/file-map.json~73c7d8b5,.nx/workspace-data/project-graph.json~73c7d8b5,.nx/workspace-data/source-maps.json~73c7d8b5
[NX v20.8.4 Daemon Server] - 2026-10-03T05:43:29.278Z - Time taken for 'hash changed files from watcher' 1.8357919999998558ms
[NX v20.8.4 Daemon Server] - 2026-10-03T05:43:29.348Z - Time taken for 'build-project-configs' 68.33616700000039ms
[NX v20.8.4 Daemon Server] - 2026-10-03T05:43:29.370Z - [SYNC]: collect registered sync generators
[NX v20.8.4 Daemon Server] - 2026-10-03T05:43:29.370Z - [SYNC]: project graph hash is the same, not collecting task sync generators
[NX v20.8.4 Daemon Server] - 2026-10-03T05:43:29.370Z - [SYNC]: nx.json hash is the same, not collecting global sync generators
[NX v20.8.4 Daemon Server] - 2026-10-03T05:43:29.370Z - Time taken for 'total execution time for createProjectGraph()' 18.676916999999776ms
[NX v20.8.4 Daemon Server] - 2026-10-03T05:43:29.444Z - [WATCHER]: 3 file(s) created or restored, 0 file(s) modified, 3 file(s) deleted
[NX v20.8.4 Daemon Server] - 2026-10-03T05:43:29.547Z - [REQUEST]: Updated workspace context based on watched changes, recomputing project graph...
[NX v20.8.4 Daemon Server] - 2026-10-03T05:43:29.547Z - [REQUEST]: .nx/workspace-data/project-graph.json,.nx/workspace-data/source-maps.json,.nx/workspace-data/file-map.json
[NX v20.8.4 Daemon Server] - 2026-10-03T05:43:29.547Z - [REQUEST]: .nx/workspace-data/project-graph.json~78b1256d,.nx/workspace-data/file-map.json~78b1256d,.nx/workspace-data/source-maps.json~78b1256d
[NX v20.8.4 Daemon Server] - 2026-10-03T05:43:29.548Z - Time taken for 'hash changed files from watcher' 0.7041659999995318ms
[NX v20.8.4 Daemon Server] - 2026-10-03T05:43:29.579Z - Time taken for 'build-project-configs' 28.742833000000246ms
[NX v20.8.4 Daemon Server] - 2026-10-03T05:43:29.599Z - [SYNC]: collect registered sync generators
[NX v20.8.4 Daemon Server] - 2026-10-03T05:43:29.599Z - [SYNC]: project graph hash is the same, not collecting task sync generators
[NX v20.8.4 Daemon Server] - 2026-10-03T05:43:29.599Z - [SYNC]: nx.json hash is the same, not collecting global sync generators
[NX v20.8.4 Daemon Server] - 2026-10-03T05:43:29.599Z - Time taken for 'total execution time for createProjectGraph()' 16.436916999999994ms
[NX v20.8.4 Daemon Server] - 2026-10-03T05:43:29.667Z - [WATCHER]: 3 file(s) created or restored, 0 file(s) modified, 3 file(s) deleted
[NX v20.8.4 Daemon Server] - 2026-10-03T05:43:29.772Z - [REQUEST]: Updated workspace context based on watched changes, recomputing project graph...
[NX v20.8.4 Daemon Server] - 2026-10-03T05:43:29.772Z - [REQUEST]: .nx/workspace-data/project-graph.json,.nx/workspace-data/file-map.json,.nx/workspace-data/source-maps.json
[NX v20.8.4 Daemon Server] - 2026-10-03T05:43:29.772Z - [REQUEST]: .nx/workspace-data/project-graph.json~cf3c7788,.nx/workspace-data/source-maps.json~cf3c7788,.nx/workspace-data/file-map.json~cf3c7788
[NX v20.8.4 Daemon Server] - 2026-10-03T05:43:29.774Z - Time taken for 'hash changed files from watcher' 1.561916999999994ms
[NX v20.8.4 Daemon Server] - 2026-10-03T05:43:29.787Z - Time taken for 'build-project-configs' 12.307624999999462ms
[NX v20.8.4 Daemon Server] - 2026-10-03T05:43:29.831Z - [SYNC]: collect registered sync generators
[NX v20.8.4 Daemon Server] - 2026-10-03T05:43:29.831Z - [SYNC]: project graph hash is the same, not collecting task sync generators
[NX v20.8.4 Daemon Server] - 2026-10-03T05:43:29.831Z - [SYNC]: nx.json hash is the same, not collecting global sync generators
[NX v20.8.4 Daemon Server] - 2026-10-03T05:43:29.831Z - Time taken for 'total execution time for createProjectGraph()' 40.86308300000019ms
[NX v20.8.4 Daemon Server] - 2026-10-03T05:43:29.865Z - [WATCHER]: 3 file(s) created or restored, 2 file(s) modified, 3 file(s) deleted
[NX v20.8.4 Daemon Server] - 2026-10-03T05:43:29.866Z - [WATCHER]: Processing file changes in outputs
[NX v20.8.4 Daemon Server] - 2026-10-03T05:43:29.987Z - [REQUEST]: Updated workspace context based on watched changes, recomputing project graph...
[NX v20.8.4 Daemon Server] - 2026-10-03T05:43:29.987Z - [REQUEST]: .nx/workspace-data/file-map.json,.nx/workspace-data/project-graph.json,.nx/workspace-data/source-maps.json,.angular/cache/19.2.27/tailings-monitor/angular-compiler.db,.angular/cache/19.2.27/tailings-monitor/angular-compiler.db-lock
[NX v20.8.4 Daemon Server] - 2026-10-03T05:43:29.987Z - [REQUEST]: .nx/workspace-data/project-graph.json~f85bc09f,.nx/workspace-data/source-maps.json~f85bc09f,.nx/workspace-data/file-map.json~f85bc09f
[NX v20.8.4 Daemon Server] - 2026-10-03T05:43:29.988Z - Time taken for 'hash changed files from watcher' 20.55829100000028ms
[NX v20.8.4 Daemon Server] - 2026-10-03T05:43:29.999Z - Time taken for 'build-project-configs' 9.643540999999459ms
[NX v20.8.4 Daemon Server] - 2026-10-03T05:43:30.037Z - [SYNC]: collect registered sync generators
[NX v20.8.4 Daemon Server] - 2026-10-03T05:43:30.037Z - [SYNC]: project graph hash is the same, not collecting task sync generators
[NX v20.8.4 Daemon Server] - 2026-10-03T05:43:30.037Z - [SYNC]: nx.json hash is the same, not collecting global sync generators
[NX v20.8.4 Daemon Server] - 2026-10-03T05:43:30.037Z - Time taken for 'total execution time for createProjectGraph()' 32.670250000000124ms
[NX v20.8.4 Daemon Server] - 2026-10-03T05:43:30.100Z - [WATCHER]: 3 file(s) created or restored, 0 file(s) modified, 3 file(s) deleted
[NX v20.8.4 Daemon Server] - 2026-10-03T05:43:30.200Z - [REQUEST]: Updated workspace context based on watched changes, recomputing project graph...
[NX v20.8.4 Daemon Server] - 2026-10-03T05:43:30.201Z - [REQUEST]: .nx/workspace-data/file-map.json,.nx/workspace-data/source-maps.json,.nx/workspace-data/project-graph.json
[NX v20.8.4 Daemon Server] - 2026-10-03T05:43:30.201Z - [REQUEST]: .nx/workspace-data/source-maps.json~11cdf44d,.nx/workspace-data/project-graph.json~11cdf44d,.nx/workspace-data/file-map.json~11cdf44d
[NX v20.8.4 Daemon Server] - 2026-10-03T05:43:30.202Z - Time taken for 'hash changed files from watcher' 0.635958999999275ms
[NX v20.8.4 Daemon Server] - 2026-10-03T05:43:30.211Z - Time taken for 'build-project-configs' 7.614249999999629ms
[NX v20.8.4 Daemon Server] - 2026-10-03T05:43:30.226Z - [SYNC]: collect registered sync generators
[NX v20.8.4 Daemon Server] - 2026-10-03T05:43:30.227Z - [SYNC]: project graph hash is the same, not collecting task sync generators
[NX v20.8.4 Daemon Server] - 2026-10-03T05:43:30.227Z - [SYNC]: nx.json hash is the same, not collecting global sync generators
[NX v20.8.4 Daemon Server] - 2026-10-03T05:43:30.227Z - Time taken for 'total execution time for createProjectGraph()' 12.03204100000039ms
[NX v20.8.4 Daemon Server] - 2026-10-03T05:43:30.291Z - [WATCHER]: 3 file(s) created or restored, 0 file(s) modified, 3 file(s) deleted
[NX v20.8.4 Daemon Server] - 2026-10-03T05:43:30.392Z - [REQUEST]: Updated workspace context based on watched changes, recomputing project graph...
[NX v20.8.4 Daemon Server] - 2026-10-03T05:43:30.392Z - [REQUEST]: .nx/workspace-data/project-graph.json,.nx/workspace-data/source-maps.json,.nx/workspace-data/file-map.json
[NX v20.8.4 Daemon Server] - 2026-10-03T05:43:30.392Z - [REQUEST]: .nx/workspace-data/source-maps.json~baf8e8a6,.nx/workspace-data/file-map.json~baf8e8a6,.nx/workspace-data/project-graph.json~baf8e8a6
[NX v20.8.4 Daemon Server] - 2026-10-03T05:43:30.394Z - Time taken for 'hash changed files from watcher' 0.42591600000014296ms
[NX v20.8.4 Daemon Server] - 2026-10-03T05:43:30.403Z - Time taken for 'build-project-configs' 8.011249999999563ms
[NX v20.8.4 Daemon Server] - 2026-10-03T05:43:30.417Z - [SYNC]: collect registered sync generators
[NX v20.8.4 Daemon Server] - 2026-10-03T05:43:30.418Z - [SYNC]: project graph hash is the same, not collecting task sync generators
[NX v20.8.4 Daemon Server] - 2026-10-03T05:43:30.418Z - [SYNC]: nx.json hash is the same, not collecting global sync generators
[NX v20.8.4 Daemon Server] - 2026-10-03T05:43:30.418Z - Time taken for 'total execution time for createProjectGraph()' 11.348250000000007ms
[NX v20.8.4 Daemon Server] - 2026-10-03T05:43:30.486Z - [WATCHER]: 3 file(s) created or restored, 0 file(s) modified, 3 file(s) deleted
[NX v20.8.4 Daemon Server] - 2026-10-03T05:43:30.587Z - [REQUEST]: Updated workspace context based on watched changes, recomputing project graph...
[NX v20.8.4 Daemon Server] - 2026-10-03T05:43:30.588Z - [REQUEST]: .nx/workspace-data/source-maps.json,.nx/workspace-data/file-map.json,.nx/workspace-data/project-graph.json
[NX v20.8.4 Daemon Server] - 2026-10-03T05:43:30.588Z - [REQUEST]: .nx/workspace-data/source-maps.json~4a9273c3,.nx/workspace-data/file-map.json~4a9273c3,.nx/workspace-data/project-graph.json~4a9273c3
[NX v20.8.4 Daemon Server] - 2026-10-03T05:43:30.590Z - Time taken for 'hash changed files from watcher' 0.8229579999997441ms
[NX v20.8.4 Daemon Server] - 2026-10-03T05:43:30.598Z - Time taken for 'build-project-configs' 8.282709000000068ms
[NX v20.8.4 Daemon Server] - 2026-10-03T05:43:30.613Z - [SYNC]: collect registered sync generators
[NX v20.8.4 Daemon Server] - 2026-10-03T05:43:30.613Z - [SYNC]: project graph hash is the same, not collecting task sync generators
[NX v20.8.4 Daemon Server] - 2026-10-03T05:43:30.613Z - [SYNC]: nx.json hash is the same, not collecting global sync generators
[NX v20.8.4 Daemon Server] - 2026-10-03T05:43:30.613Z - Time taken for 'total execution time for createProjectGraph()' 11.51550000000043ms
[NX v20.8.4 Daemon Server] - 2026-10-03T05:43:30.680Z - [WATCHER]: 3 file(s) created or restored, 0 file(s) modified, 3 file(s) deleted
[NX v20.8.4 Daemon Server] - 2026-10-03T05:43:30.781Z - [REQUEST]: Updated workspace context based on watched changes, recomputing project graph...
[NX v20.8.4 Daemon Server] - 2026-10-03T05:43:30.781Z - [REQUEST]: .nx/workspace-data/source-maps.json,.nx/workspace-data/file-map.json,.nx/workspace-data/project-graph.json
[NX v20.8.4 Daemon Server] - 2026-10-03T05:43:30.781Z - [REQUEST]: .nx/workspace-data/source-maps.json~366b2f8c,.nx/workspace-data/file-map.json~366b2f8c,.nx/workspace-data/project-graph.json~366b2f8c
[NX v20.8.4 Daemon Server] - 2026-10-03T05:43:30.783Z - Time taken for 'hash changed files from watcher' 0.4647500000000946ms
[NX v20.8.4 Daemon Server] - 2026-10-03T05:43:30.791Z - Time taken for 'build-project-configs' 6.926249999999527ms
[NX v20.8.4 Daemon Server] - 2026-10-03T05:43:30.807Z - [SYNC]: collect registered sync generators
[NX v20.8.4 Daemon Server] - 2026-10-03T05:43:30.808Z - [SYNC]: project graph hash is the same, not collecting task sync generators
[NX v20.8.4 Daemon Server] - 2026-10-03T05:43:30.808Z - [SYNC]: nx.json hash is the same, not collecting global sync generators
[NX v20.8.4 Daemon Server] - 2026-10-03T05:43:30.808Z - Time taken for 'total execution time for createProjectGraph()' 13.169707999999446ms
[NX v20.8.4 Daemon Server] - 2026-10-03T05:43:30.872Z - [WATCHER]: 3 file(s) created or restored, 0 file(s) modified, 3 file(s) deleted
[NX v20.8.4 Daemon Server] - 2026-10-03T05:43:30.972Z - [REQUEST]: Updated workspace context based on watched changes, recomputing project graph...
[NX v20.8.4 Daemon Server] - 2026-10-03T05:43:30.972Z - [REQUEST]: .nx/workspace-data/project-graph.json,.nx/workspace-data/source-maps.json,.nx/workspace-data/file-map.json
[NX v20.8.4 Daemon Server] - 2026-10-03T05:43:30.972Z - [REQUEST]: .nx/workspace-data/file-map.json~7e813e04,.nx/workspace-data/source-maps.json~7e813e04,.nx/workspace-data/project-graph.json~7e813e04
[NX v20.8.4 Daemon Server] - 2026-10-03T05:43:30.974Z - Time taken for 'hash changed files from watcher' 0.3867919999993319ms
[NX v20.8.4 Daemon Server] - 2026-10-03T05:43:30.988Z - Time taken for 'build-project-configs' 12.662792000000081ms
[NX v20.8.4 Daemon Server] - 2026-10-03T05:43:31.007Z - [SYNC]: collect registered sync generators
[NX v20.8.4 Daemon Server] - 2026-10-03T05:43:31.007Z - [SYNC]: project graph hash is the same, not collecting task sync generators
[NX v20.8.4 Daemon Server] - 2026-10-03T05:43:31.007Z - [SYNC]: nx.json hash is the same, not collecting global sync generators
[NX v20.8.4 Daemon Server] - 2026-10-03T05:43:31.007Z - Time taken for 'total execution time for createProjectGraph()' 13.524875000000065ms
[NX v20.8.4 Daemon Server] - 2026-10-03T05:43:31.070Z - [WATCHER]: 3 file(s) created or restored, 0 file(s) modified, 3 file(s) deleted
[NX v20.8.4 Daemon Server] - 2026-10-03T05:43:31.172Z - [REQUEST]: Updated workspace context based on watched changes, recomputing project graph...
[NX v20.8.4 Daemon Server] - 2026-10-03T05:43:31.172Z - [REQUEST]: .nx/workspace-data/file-map.json,.nx/workspace-data/source-maps.json,.nx/workspace-data/project-graph.json
[NX v20.8.4 Daemon Server] - 2026-10-03T05:43:31.172Z - [REQUEST]: .nx/workspace-data/source-maps.json~6adbba44,.nx/workspace-data/project-graph.json~6adbba44,.nx/workspace-data/file-map.json~6adbba44
[NX v20.8.4 Daemon Server] - 2026-10-03T05:43:31.173Z - Time taken for 'hash changed files from watcher' 0.5686670000004597ms
[NX v20.8.4 Daemon Server] - 2026-10-03T05:43:31.181Z - Time taken for 'build-project-configs' 7.090874999999869ms
[NX v20.8.4 Daemon Server] - 2026-10-03T05:43:31.196Z - [SYNC]: collect registered sync generators
[NX v20.8.4 Daemon Server] - 2026-10-03T05:43:31.196Z - [SYNC]: project graph hash is the same, not collecting task sync generators
[NX v20.8.4 Daemon Server] - 2026-10-03T05:43:31.196Z - [SYNC]: nx.json hash is the same, not collecting global sync generators
[NX v20.8.4 Daemon Server] - 2026-10-03T05:43:31.196Z - Time taken for 'total execution time for createProjectGraph()' 11.535167000000001ms
[NX v20.8.4 Daemon Server] - 2026-10-03T05:43:31.258Z - [WATCHER]: 3 file(s) created or restored, 0 file(s) modified, 3 file(s) deleted
[NX v20.8.4 Daemon Server] - 2026-10-03T05:43:31.360Z - [REQUEST]: Updated workspace context based on watched changes, recomputing project graph...
[NX v20.8.4 Daemon Server] - 2026-10-03T05:43:31.360Z - [REQUEST]: .nx/workspace-data/source-maps.json,.nx/workspace-data/file-map.json,.nx/workspace-data/project-graph.json
[NX v20.8.4 Daemon Server] - 2026-10-03T05:43:31.360Z - [REQUEST]: .nx/workspace-data/file-map.json~a9bdf77b,.nx/workspace-data/source-maps.json~a9bdf77b,.nx/workspace-data/project-graph.json~a9bdf77b
[NX v20.8.4 Daemon Server] - 2026-10-03T05:43:31.362Z - Time taken for 'hash changed files from watcher' 0.473374999999578ms
[NX v20.8.4 Daemon Server] - 2026-10-03T05:43:31.370Z - Time taken for 'build-project-configs' 6.853167000000212ms
[NX v20.8.4 Daemon Server] - 2026-10-03T05:43:31.386Z - [SYNC]: collect registered sync generators
[NX v20.8.4 Daemon Server] - 2026-10-03T05:43:31.386Z - [SYNC]: project graph hash is the same, not collecting task sync generators
[NX v20.8.4 Daemon Server] - 2026-10-03T05:43:31.386Z - [SYNC]: nx.json hash is the same, not collecting global sync generators
[NX v20.8.4 Daemon Server] - 2026-10-03T05:43:31.386Z - Time taken for 'total execution time for createProjectGraph()' 11.21691699999974ms
[NX v20.8.4 Daemon Server] - 2026-10-03T05:43:31.448Z - [WATCHER]: 3 file(s) created or restored, 0 file(s) modified, 3 file(s) deleted
[NX v20.8.4 Daemon Server] - 2026-10-03T05:43:31.506Z - Closed a connection. Number of open connections: 1
[NX v20.8.4 Daemon Server] - 2026-10-03T05:43:31.520Z - [REQUEST]: Responding to the client. recordOutputsHash
[NX v20.8.4 Daemon Server] - 2026-10-03T05:43:31.520Z - Done responding to the client recordOutputsHash
[NX v20.8.4 Daemon Server] - 2026-10-03T05:43:31.521Z - Handled RECORD_OUTPUTS_HASH. Handling time: 3. Response time: 1.
[NX v20.8.4 Daemon Server] - 2026-10-03T05:43:31.524Z - [REQUEST]: Responding to the client. handleRecordTaskRuns
[NX v20.8.4 Daemon Server] - 2026-10-03T05:43:31.524Z - Done responding to the client handleRecordTaskRuns
[NX v20.8.4 Daemon Server] - 2026-10-03T05:43:31.524Z - Handled RECORD_TASK_RUNS. Handling time: 1. Response time: 0.
[NX v20.8.4 Daemon Server] - 2026-10-03T05:43:31.525Z - [REQUEST]: Responding to the client. handleGetFlakyTasks
[NX v20.8.4 Daemon Server] - 2026-10-03T05:43:31.525Z - Done responding to the client handleGetFlakyTasks
[NX v20.8.4 Daemon Server] - 2026-10-03T05:43:31.525Z - Handled GET_FLAKY_TASKS. Handling time: 0. Response time: 0.
[NX v20.8.4 Daemon Server] - 2026-10-03T05:43:31.527Z - [REQUEST]: Responding to the client. handleRunPostTasksExecution
[NX v20.8.4 Daemon Server] - 2026-10-03T05:43:31.527Z - Done responding to the client handleRunPostTasksExecution
[NX v20.8.4 Daemon Server] - 2026-10-03T05:43:31.527Z - Handled POST_TASKS_EXECUTION. Handling time: 0. Response time: 0.
[NX v20.8.4 Daemon Server] - 2026-10-03T05:43:31.528Z - Time taken for 'postTasksExecution' 0.13691599999947357ms
[NX v20.8.4 Daemon Server] - 2026-10-03T05:43:31.532Z - Closed a connection. Number of open connections: 0
[NX v20.8.4 Daemon Server] - 2026-10-03T05:43:31.536Z - [WATCHER]: Processing file changes in outputs
[NX v20.8.4 Daemon Server] - 2026-10-03T05:43:31.538Z - [WATCHER]: 23 file(s) created or restored, 2 file(s) modified, 0 file(s) deleted
[NX v20.8.4 Daemon Server] - 2026-10-03T05:43:31.549Z - [REQUEST]: Updated workspace context based on watched changes, recomputing project graph...
[NX v20.8.4 Daemon Server] - 2026-10-03T05:43:31.549Z - [REQUEST]: .nx/workspace-data/file-map.json,.nx/workspace-data/project-graph.json,.nx/workspace-data/source-maps.json,dist/apps/tailings-monitor/browser/chunk-N6DEIXFN.js,dist/apps/tailings-monitor/3rdpartylicenses.txt,dist/apps/tailings-monitor/browser/chunk-SVZBK5XK.js,dist/apps/tailings-monitor/browser/index.html,dist/apps/tailings-monitor/browser/chunk-ESTAWB6G.js,dist/apps/tailings-monitor/browser/chunk-THMNQWYX.js,dist/apps/tailings-monitor/browser/styles-75ZUP2CV.css,dist/apps/tailings-monitor/browser/chunk-COVYWPNF.js,dist/apps/tailings-monitor/browser/chunk-X74356D3.js,dist/apps/tailings-monitor/browser/chunk-F2CSOAGY.js,dist/apps/tailings-monitor/prerendered-routes.json,dist/apps/tailings-monitor/browser/chunk-RIRLS6QZ.js,dist/apps/tailings-monitor/browser/chunk-Q3VBZ264.js,dist/apps/tailings-monitor/browser/chunk-53BKKE2V.js,dist/apps/tailings-monitor/browser/chunk-XWAHRBGF.js,dist/apps/tailings-monitor/browser/chunk-524J6CVC.js,dist/apps/tailings-monitor/browser/chunk-IUVLUK2M.js,dist/apps/tailings-monitor/browser/chunk-CLWTXQGQ.js,dist/apps/tailings-monitor/browser/chunk-KAUD5CAU.js,dist/apps/tailings-monitor/browser/chunk-CRFDRDFS.js,dist/apps/tailings-monitor/browser/chunk-PDE36SJQ.js,dist/apps/tailings-monitor/browser/chunk-72DM5EZ3.js,dist/apps/tailings-monitor/browser/main-XCE3X73P.js,.nx/cache/terminalOutputs/11914170913765421343,.nx/cache/run.json
[NX v20.8.4 Daemon Server] - 2026-10-03T05:43:31.549Z - [REQUEST]: .nx/workspace-data/source-maps.json~686bcd56,.nx/workspace-data/project-graph.json~686bcd56,.nx/workspace-data/file-map.json~686bcd56
[NX v20.8.4 Daemon Server] - 2026-10-03T05:43:31.551Z - Time taken for 'hash changed files from watcher' 0.7823749999997744ms
[NX v20.8.4 Daemon Server] - 2026-10-03T05:43:31.559Z - Time taken for 'build-project-configs' 7.837666999999783ms
[NX v20.8.4 Daemon Server] - 2026-10-03T05:43:31.574Z - [SYNC]: collect registered sync generators
[NX v20.8.4 Daemon Server] - 2026-10-03T05:43:31.574Z - [SYNC]: project graph hash is the same, not collecting task sync generators
[NX v20.8.4 Daemon Server] - 2026-10-03T05:43:31.574Z - [SYNC]: nx.json hash is the same, not collecting global sync generators
[NX v20.8.4 Daemon Server] - 2026-10-03T05:43:31.574Z - Time taken for 'total execution time for createProjectGraph()' 11.76550000000043ms
[NX v20.8.4 Daemon Server] - 2026-10-03T05:43:31.612Z - [WATCHER]: 3 file(s) created or restored, 2 file(s) modified, 3 file(s) deleted
[NX v20.8.4 Daemon Server] - 2026-10-03T05:43:31.713Z - [REQUEST]: Updated workspace context based on watched changes, recomputing project graph...
[NX v20.8.4 Daemon Server] - 2026-10-03T05:43:31.713Z - [REQUEST]: .nx/workspace-data/project-graph.json,.nx/workspace-data/file-map.json,.nx/workspace-data/source-maps.json,.nx/workspace-data/7D8459F8-5903-52ED-ABA3-38DBD53DA06B.db-shm,.nx/workspace-data/7D8459F8-5903-52ED-ABA3-38DBD53DA06B.db-wal
[NX v20.8.4 Daemon Server] - 2026-10-03T05:43:31.713Z - [REQUEST]: .nx/workspace-data/source-maps.json~98a2ccb2,.nx/workspace-data/project-graph.json~98a2ccb2,.nx/workspace-data/file-map.json~98a2ccb2
[NX v20.8.4 Daemon Server] - 2026-10-03T05:43:31.714Z - Time taken for 'hash changed files from watcher' 0.610208999999486ms
[NX v20.8.4 Daemon Server] - 2026-10-03T05:43:31.722Z - Time taken for 'build-project-configs' 6.7719999999999345ms
[NX v20.8.4 Daemon Server] - 2026-10-03T05:43:31.735Z - [SYNC]: collect registered sync generators
[NX v20.8.4 Daemon Server] - 2026-10-03T05:43:31.735Z - [SYNC]: project graph hash is the same, not collecting task sync generators
[NX v20.8.4 Daemon Server] - 2026-10-03T05:43:31.735Z - [SYNC]: nx.json hash is the same, not collecting global sync generators
[NX v20.8.4 Daemon Server] - 2026-10-03T05:43:31.735Z - Time taken for 'total execution time for createProjectGraph()' 9.774916000000303ms
[NX v20.8.4 Daemon Server] - 2026-10-03T05:43:31.798Z - [WATCHER]: 3 file(s) created or restored, 0 file(s) modified, 3 file(s) deleted
[NX v20.8.4 Daemon Server] - 2026-10-03T05:43:31.899Z - [REQUEST]: Updated workspace context based on watched changes, recomputing project graph...
[NX v20.8.4 Daemon Server] - 2026-10-03T05:43:31.899Z - [REQUEST]: .nx/workspace-data/project-graph.json,.nx/workspace-data/file-map.json,.nx/workspace-data/source-maps.json
[NX v20.8.4 Daemon Server] - 2026-10-03T05:43:31.899Z - [REQUEST]: .nx/workspace-data/source-maps.json~eb673e37,.nx/workspace-data/file-map.json~eb673e37,.nx/workspace-data/project-graph.json~eb673e37
[NX v20.8.4 Daemon Server] - 2026-10-03T05:43:31.900Z - Time taken for 'hash changed files from watcher' 0.5004580000004353ms
[NX v20.8.4 Daemon Server] - 2026-10-03T05:43:31.909Z - Time taken for 'build-project-configs' 6.900499999999738ms
[NX v20.8.4 Daemon Server] - 2026-10-03T05:43:31.922Z - [SYNC]: collect registered sync generators
[NX v20.8.4 Daemon Server] - 2026-10-03T05:43:31.922Z - [SYNC]: project graph hash is the same, not collecting task sync generators
[NX v20.8.4 Daemon Server] - 2026-10-03T05:43:31.922Z - [SYNC]: nx.json hash is the same, not collecting global sync generators
[NX v20.8.4 Daemon Server] - 2026-10-03T05:43:31.922Z - Time taken for 'total execution time for createProjectGraph()' 10.427500000000691ms
[NX v20.8.4 Daemon Server] - 2026-10-03T05:43:31.986Z - [WATCHER]: 3 file(s) created or restored, 0 file(s) modified, 3 file(s) deleted
[NX v20.8.4 Daemon Server] - 2026-10-03T05:43:32.087Z - [REQUEST]: Updated workspace context based on watched changes, recomputing project graph...
[NX v20.8.4 Daemon Server] - 2026-10-03T05:43:32.087Z - [REQUEST]: .nx/workspace-data/file-map.json,.nx/workspace-data/source-maps.json,.nx/workspace-data/project-graph.json
[NX v20.8.4 Daemon Server] - 2026-10-03T05:43:32.087Z - [REQUEST]: .nx/workspace-data/source-maps.json~70d46a06,.nx/workspace-data/project-graph.json~70d46a06,.nx/workspace-data/file-map.json~70d46a06
[NX v20.8.4 Daemon Server] - 2026-10-03T05:43:32.088Z - Time taken for 'hash changed files from watcher' 0.5012500000011642ms
[NX v20.8.4 Daemon Server] - 2026-10-03T05:43:32.097Z - Time taken for 'build-project-configs' 7.324957999999242ms
[NX v20.8.4 Daemon Server] - 2026-10-03T05:43:32.111Z - [SYNC]: collect registered sync generators
[NX v20.8.4 Daemon Server] - 2026-10-03T05:43:32.111Z - [SYNC]: project graph hash is the same, not collecting task sync generators
[NX v20.8.4 Daemon Server] - 2026-10-03T05:43:32.111Z - [SYNC]: nx.json hash is the same, not collecting global sync generators
[NX v20.8.4 Daemon Server] - 2026-10-03T05:43:32.111Z - Time taken for 'total execution time for createProjectGraph()' 11.139874999998938ms
[NX v20.8.4 Daemon Server] - 2026-10-03T05:43:32.174Z - [WATCHER]: 3 file(s) created or restored, 0 file(s) modified, 3 file(s) deleted
[NX v20.8.4 Daemon Server] - 2026-10-03T05:43:32.276Z - [REQUEST]: Updated workspace context based on watched changes, recomputing project graph...
[NX v20.8.4 Daemon Server] - 2026-10-03T05:43:32.276Z - [REQUEST]: .nx/workspace-data/source-maps.json,.nx/workspace-data/project-graph.json,.nx/workspace-data/file-map.json
[NX v20.8.4 Daemon Server] - 2026-10-03T05:43:32.276Z - [REQUEST]: .nx/workspace-data/project-graph.json~3c3fcf4f,.nx/workspace-data/source-maps.json~3c3fcf4f,.nx/workspace-data/file-map.json~3c3fcf4f
[NX v20.8.4 Daemon Server] - 2026-10-03T05:43:32.277Z - Time taken for 'hash changed files from watcher' 0.5050419999988662ms
[NX v20.8.4 Daemon Server] - 2026-10-03T05:43:32.285Z - Time taken for 'build-project-configs' 6.433082999999897ms
[NX v20.8.4 Daemon Server] - 2026-10-03T05:43:32.299Z - [SYNC]: collect registered sync generators
[NX v20.8.4 Daemon Server] - 2026-10-03T05:43:32.299Z - [SYNC]: project graph hash is the same, not collecting task sync generators
[NX v20.8.4 Daemon Server] - 2026-10-03T05:43:32.299Z - [SYNC]: nx.json hash is the same, not collecting global sync generators
[NX v20.8.4 Daemon Server] - 2026-10-03T05:43:32.299Z - Time taken for 'total execution time for createProjectGraph()' 10.380875000000742ms
[NX v20.8.4 Daemon Server] - 2026-10-03T05:43:32.363Z - [WATCHER]: 3 file(s) created or restored, 0 file(s) modified, 3 file(s) deleted
[NX v20.8.4 Daemon Server] - 2026-10-03T05:43:32.465Z - [REQUEST]: Updated workspace context based on watched changes, recomputing project graph...
[NX v20.8.4 Daemon Server] - 2026-10-03T05:43:32.465Z - [REQUEST]: .nx/workspace-data/file-map.json,.nx/workspace-data/project-graph.json,.nx/workspace-data/source-maps.json
[NX v20.8.4 Daemon Server] - 2026-10-03T05:43:32.465Z - [REQUEST]: .nx/workspace-data/project-graph.json~af4a41c7,.nx/workspace-data/file-map.json~af4a41c7,.nx/workspace-data/source-maps.json~af4a41c7
[NX v20.8.4 Daemon Server] - 2026-10-03T05:43:32.466Z - Time taken for 'hash changed files from watcher' 0.49587500000052387ms
[NX v20.8.4 Daemon Server] - 2026-10-03T05:43:32.475Z - Time taken for 'build-project-configs' 6.754833000000872ms
[NX v20.8.4 Daemon Server] - 2026-10-03T05:43:32.489Z - [SYNC]: collect registered sync generators
[NX v20.8.4 Daemon Server] - 2026-10-03T05:43:32.489Z - [SYNC]: project graph hash is the same, not collecting task sync generators
[NX v20.8.4 Daemon Server] - 2026-10-03T05:43:32.489Z - [SYNC]: nx.json hash is the same, not collecting global sync generators
[NX v20.8.4 Daemon Server] - 2026-10-03T05:43:32.489Z - Time taken for 'total execution time for createProjectGraph()' 10.927459000000454ms
[NX v20.8.4 Daemon Server] - 2026-10-03T05:43:32.552Z - [WATCHER]: 3 file(s) created or restored, 0 file(s) modified, 3 file(s) deleted
[NX v20.8.4 Daemon Server] - 2026-10-03T05:43:32.653Z - [REQUEST]: Updated workspace context based on watched changes, recomputing project graph...
[NX v20.8.4 Daemon Server] - 2026-10-03T05:43:32.653Z - [REQUEST]: .nx/workspace-data/source-maps.json,.nx/workspace-data/project-graph.json,.nx/workspace-data/file-map.json
[NX v20.8.4 Daemon Server] - 2026-10-03T05:43:32.653Z - [REQUEST]: .nx/workspace-data/file-map.json~09669d34,.nx/workspace-data/project-graph.json~09669d34,.nx/workspace-data/source-maps.json~09669d34
[NX v20.8.4 Daemon Server] - 2026-10-03T05:43:32.655Z - Time taken for 'hash changed files from watcher' 0.43729200000052515ms
[NX v20.8.4 Daemon Server] - 2026-10-03T05:43:32.663Z - Time taken for 'build-project-configs' 7.525582999998733ms
[NX v20.8.4 Daemon Server] - 2026-10-03T05:43:32.676Z - [SYNC]: collect registered sync generators
[NX v20.8.4 Daemon Server] - 2026-10-03T05:43:32.676Z - [SYNC]: project graph hash is the same, not collecting task sync generators
[NX v20.8.4 Daemon Server] - 2026-10-03T05:43:32.676Z - [SYNC]: nx.json hash is the same, not collecting global sync generators
[NX v20.8.4 Daemon Server] - 2026-10-03T05:43:32.676Z - Time taken for 'total execution time for createProjectGraph()' 9.713917000000947ms
[NX v20.8.4 Daemon Server] - 2026-10-03T05:43:32.738Z - [WATCHER]: 3 file(s) created or restored, 0 file(s) modified, 3 file(s) deleted
[NX v20.8.4 Daemon Server] - 2026-10-03T05:43:32.839Z - [REQUEST]: Updated workspace context based on watched changes, recomputing project graph...
[NX v20.8.4 Daemon Server] - 2026-10-03T05:43:32.839Z - [REQUEST]: .nx/workspace-data/file-map.json,.nx/workspace-data/project-graph.json,.nx/workspace-data/source-maps.json
[NX v20.8.4 Daemon Server] - 2026-10-03T05:43:32.839Z - [REQUEST]: .nx/workspace-data/file-map.json~0542bd46,.nx/workspace-data/source-maps.json~0542bd46,.nx/workspace-data/project-graph.json~0542bd46
[NX v20.8.4 Daemon Server] - 2026-10-03T05:43:32.840Z - Time taken for 'hash changed files from watcher' 0.43745900000067195ms
[NX v20.8.4 Daemon Server] - 2026-10-03T05:43:32.848Z - Time taken for 'build-project-configs' 6.6524999999983265ms
[NX v20.8.4 Daemon Server] - 2026-10-03T05:43:32.862Z - [SYNC]: collect registered sync generators
[NX v20.8.4 Daemon Server] - 2026-10-03T05:43:32.862Z - [SYNC]: project graph hash is the same, not collecting task sync generators
[NX v20.8.4 Daemon Server] - 2026-10-03T05:43:32.862Z - [SYNC]: nx.json hash is the same, not collecting global sync generators
[NX v20.8.4 Daemon Server] - 2026-10-03T05:43:32.863Z - Time taken for 'total execution time for createProjectGraph()' 11.158291000001554ms
[NX v20.8.4 Daemon Server] - 2026-10-03T05:43:32.926Z - [WATCHER]: 3 file(s) created or restored, 0 file(s) modified, 3 file(s) deleted
[NX v20.8.4 Daemon Server] - 2026-10-03T05:43:33.027Z - [REQUEST]: Updated workspace context based on watched changes, recomputing project graph...
[NX v20.8.4 Daemon Server] - 2026-10-03T05:43:33.027Z - [REQUEST]: .nx/workspace-data/project-graph.json,.nx/workspace-data/source-maps.json,.nx/workspace-data/file-map.json
[NX v20.8.4 Daemon Server] - 2026-10-03T05:43:33.027Z - [REQUEST]: .nx/workspace-data/source-maps.json~99c9c12b,.nx/workspace-data/project-graph.json~99c9c12b,.nx/workspace-data/file-map.json~99c9c12b
[NX v20.8.4 Daemon Server] - 2026-10-03T05:43:33.028Z - Time taken for 'hash changed files from watcher' 0.4787080000005517ms
[NX v20.8.4 Daemon Server] - 2026-10-03T05:43:33.036Z - Time taken for 'build-project-configs' 6.330292000000554ms
[NX v20.8.4 Daemon Server] - 2026-10-03T05:43:33.048Z - [SYNC]: collect registered sync generators
[NX v20.8.4 Daemon Server] - 2026-10-03T05:43:33.048Z - [SYNC]: project graph hash is the same, not collecting task sync generators
[NX v20.8.4 Daemon Server] - 2026-10-03T05:43:33.048Z - [SYNC]: nx.json hash is the same, not collecting global sync generators
[NX v20.8.4 Daemon Server] - 2026-10-03T05:43:33.048Z - Time taken for 'total execution time for createProjectGraph()' 9.506666000001132ms
[NX v20.8.4 Daemon Server] - 2026-10-03T05:43:33.112Z - [WATCHER]: 3 file(s) created or restored, 0 file(s) modified, 3 file(s) deleted
[NX v20.8.4 Daemon Server] - 2026-10-03T05:43:33.212Z - [REQUEST]: Updated workspace context based on watched changes, recomputing project graph...
[NX v20.8.4 Daemon Server] - 2026-10-03T05:43:33.212Z - [REQUEST]: .nx/workspace-data/project-graph.json,.nx/workspace-data/file-map.json,.nx/workspace-data/source-maps.json
[NX v20.8.4 Daemon Server] - 2026-10-03T05:43:33.212Z - [REQUEST]: .nx/workspace-data/file-map.json~a1399c7b,.nx/workspace-data/project-graph.json~a1399c7b,.nx/workspace-data/source-maps.json~a1399c7b
[NX v20.8.4 Daemon Server] - 2026-10-03T05:43:33.213Z - Time taken for 'hash changed files from watcher' 0.5039170000000013ms
[NX v20.8.4 Daemon Server] - 2026-10-03T05:43:33.222Z - Time taken for 'build-project-configs' 7.55658399999993ms
[NX v20.8.4 Daemon Server] - 2026-10-03T05:43:33.235Z - [SYNC]: collect registered sync generators
[NX v20.8.4 Daemon Server] - 2026-10-03T05:43:33.236Z - [SYNC]: project graph hash is the same, not collecting task sync generators
[NX v20.8.4 Daemon Server] - 2026-10-03T05:43:33.236Z - [SYNC]: nx.json hash is the same, not collecting global sync generators
[NX v20.8.4 Daemon Server] - 2026-10-03T05:43:33.236Z - Time taken for 'total execution time for createProjectGraph()' 10.120584000000235ms
[NX v20.8.4 Daemon Server] - 2026-10-03T05:43:33.299Z - [WATCHER]: 3 file(s) created or restored, 0 file(s) modified, 3 file(s) deleted
[NX v20.8.4 Daemon Server] - 2026-10-03T05:43:33.400Z - [REQUEST]: Updated workspace context based on watched changes, recomputing project graph...
[NX v20.8.4 Daemon Server] - 2026-10-03T05:43:33.400Z - [REQUEST]: .nx/workspace-data/file-map.json,.nx/workspace-data/source-maps.json,.nx/workspace-data/project-graph.json
[NX v20.8.4 Daemon Server] - 2026-10-03T05:43:33.400Z - [REQUEST]: .nx/workspace-data/source-maps.json~fad53b84,.nx/workspace-data/file-map.json~fad53b84,.nx/workspace-data/project-graph.json~fad53b84
[NX v20.8.4 Daemon Server] - 2026-10-03T05:43:33.401Z - Time taken for 'hash changed files from watcher' 0.5389999999988504ms
[NX v20.8.4 Daemon Server] - 2026-10-03T05:43:33.410Z - Time taken for 'build-project-configs' 6.687041999999565ms
[NX v20.8.4 Daemon Server] - 2026-10-03T05:43:33.424Z - [SYNC]: collect registered sync generators
[NX v20.8.4 Daemon Server] - 2026-10-03T05:43:33.424Z - [SYNC]: project graph hash is the same, not collecting task sync generators
[NX v20.8.4 Daemon Server] - 2026-10-03T05:43:33.424Z - [SYNC]: nx.json hash is the same, not collecting global sync generators
[NX v20.8.4 Daemon Server] - 2026-10-03T05:43:33.424Z - Time taken for 'total execution time for createProjectGraph()' 12.119458000001032ms
[NX v20.8.4 Daemon Server] - 2026-10-03T05:43:33.486Z - [WATCHER]: 3 file(s) created or restored, 0 file(s) modified, 3 file(s) deleted
[NX v20.8.4 Daemon Server] - 2026-10-03T05:43:33.587Z - [REQUEST]: Updated workspace context based on watched changes, recomputing project graph...
[NX v20.8.4 Daemon Server] - 2026-10-03T05:43:33.587Z - [REQUEST]: .nx/workspace-data/project-graph.json,.nx/workspace-data/source-maps.json,.nx/workspace-data/file-map.json
[NX v20.8.4 Daemon Server] - 2026-10-03T05:43:33.587Z - [REQUEST]: .nx/workspace-data/project-graph.json~7b31f441,.nx/workspace-data/source-maps.json~7b31f441,.nx/workspace-data/file-map.json~7b31f441
[NX v20.8.4 Daemon Server] - 2026-10-03T05:43:33.589Z - Time taken for 'hash changed files from watcher' 0.5332089999992604ms
[NX v20.8.4 Daemon Server] - 2026-10-03T05:43:33.597Z - Time taken for 'build-project-configs' 6.725875000000087ms
[NX v20.8.4 Daemon Server] - 2026-10-03T05:43:33.610Z - [SYNC]: collect registered sync generators
[NX v20.8.4 Daemon Server] - 2026-10-03T05:43:33.610Z - [SYNC]: project graph hash is the same, not collecting task sync generators
[NX v20.8.4 Daemon Server] - 2026-10-03T05:43:33.610Z - [SYNC]: nx.json hash is the same, not collecting global sync generators
[NX v20.8.4 Daemon Server] - 2026-10-03T05:43:33.610Z - Time taken for 'total execution time for createProjectGraph()' 9.880957999999737ms
[NX v20.8.4 Daemon Server] - 2026-10-03T05:43:33.673Z - [WATCHER]: 3 file(s) created or restored, 0 file(s) modified, 3 file(s) deleted
[NX v20.8.4 Daemon Server] - 2026-10-03T05:43:33.774Z - [REQUEST]: Updated workspace context based on watched changes, recomputing project graph...
[NX v20.8.4 Daemon Server] - 2026-10-03T05:43:33.774Z - [REQUEST]: .nx/workspace-data/source-maps.json,.nx/workspace-data/file-map.json,.nx/workspace-data/project-graph.json
[NX v20.8.4 Daemon Server] - 2026-10-03T05:43:33.774Z - [REQUEST]: .nx/workspace-data/project-graph.json~07413f0d,.nx/workspace-data/source-maps.json~07413f0d,.nx/workspace-data/file-map.json~07413f0d
[NX v20.8.4 Daemon Server] - 2026-10-03T05:43:33.775Z - Time taken for 'hash changed files from watcher' 0.4092910000017582ms
[NX v20.8.4 Daemon Server] - 2026-10-03T05:43:33.784Z - Time taken for 'build-project-configs' 7.7132500000006985ms
[NX v20.8.4 Daemon Server] - 2026-10-03T05:43:33.797Z - [SYNC]: collect registered sync generators
[NX v20.8.4 Daemon Server] - 2026-10-03T05:43:33.797Z - [SYNC]: project graph hash is the same, not collecting task sync generators
[NX v20.8.4 Daemon Server] - 2026-10-03T05:43:33.797Z - [SYNC]: nx.json hash is the same, not collecting global sync generators
[NX v20.8.4 Daemon Server] - 2026-10-03T05:43:33.797Z - Time taken for 'total execution time for createProjectGraph()' 9.530040999999983ms
[NX v20.8.4 Daemon Server] - 2026-10-03T05:43:33.858Z - [WATCHER]: 3 file(s) created or restored, 0 file(s) modified, 3 file(s) deleted
[NX v20.8.4 Daemon Server] - 2026-10-03T05:43:33.960Z - [REQUEST]: Updated workspace context based on watched changes, recomputing project graph...
[NX v20.8.4 Daemon Server] - 2026-10-03T05:43:33.960Z - [REQUEST]: .nx/workspace-data/file-map.json,.nx/workspace-data/source-maps.json,.nx/workspace-data/project-graph.json
[NX v20.8.4 Daemon Server] - 2026-10-03T05:43:33.960Z - [REQUEST]: .nx/workspace-data/source-maps.json~b44e0190,.nx/workspace-data/file-map.json~b44e0190,.nx/workspace-data/project-graph.json~b44e0190
[NX v20.8.4 Daemon Server] - 2026-10-03T05:43:33.961Z - Time taken for 'hash changed files from watcher' 0.4998749999995198ms
[NX v20.8.4 Daemon Server] - 2026-10-03T05:43:33.969Z - Time taken for 'build-project-configs' 6.75354200000038ms
[NX v20.8.4 Daemon Server] - 2026-10-03T05:43:33.982Z - [SYNC]: collect registered sync generators
[NX v20.8.4 Daemon Server] - 2026-10-03T05:43:33.983Z - [SYNC]: project graph hash is the same, not collecting task sync generators
[NX v20.8.4 Daemon Server] - 2026-10-03T05:43:33.983Z - [SYNC]: nx.json hash is the same, not collecting global sync generators
[NX v20.8.4 Daemon Server] - 2026-10-03T05:43:33.983Z - Time taken for 'total execution time for createProjectGraph()' 9.948707999999897ms
[NX v20.8.4 Daemon Server] - 2026-10-03T05:43:34.045Z - [WATCHER]: 3 file(s) created or restored, 0 file(s) modified, 3 file(s) deleted
[NX v20.8.4 Daemon Server] - 2026-10-03T05:43:34.146Z - [REQUEST]: Updated workspace context based on watched changes, recomputing project graph...
[NX v20.8.4 Daemon Server] - 2026-10-03T05:43:34.146Z - [REQUEST]: .nx/workspace-data/source-maps.json,.nx/workspace-data/project-graph.json,.nx/workspace-data/file-map.json
[NX v20.8.4 Daemon Server] - 2026-10-03T05:43:34.146Z - [REQUEST]: .nx/workspace-data/source-maps.json~a39aae21,.nx/workspace-data/file-map.json~a39aae21,.nx/workspace-data/project-graph.json~a39aae21
[NX v20.8.4 Daemon Server] - 2026-10-03T05:43:34.147Z - Time taken for 'hash changed files from watcher' 0.5386250000010477ms
[NX v20.8.4 Daemon Server] - 2026-10-03T05:43:34.155Z - Time taken for 'build-project-configs' 6.541957999999795ms
[NX v20.8.4 Daemon Server] - 2026-10-03T05:43:34.168Z - [SYNC]: collect registered sync generators
[NX v20.8.4 Daemon Server] - 2026-10-03T05:43:34.168Z - [SYNC]: project graph hash is the same, not collecting task sync generators
[NX v20.8.4 Daemon Server] - 2026-10-03T05:43:34.168Z - [SYNC]: nx.json hash is the same, not collecting global sync generators
[NX v20.8.4 Daemon Server] - 2026-10-03T05:43:34.168Z - Time taken for 'total execution time for createProjectGraph()' 9.431124999999156ms
[NX v20.8.4 Daemon Server] - 2026-10-03T05:43:34.230Z - [WATCHER]: 3 file(s) created or restored, 0 file(s) modified, 3 file(s) deleted
[NX v20.8.4 Daemon Server] - 2026-10-03T05:43:34.330Z - [REQUEST]: Updated workspace context based on watched changes, recomputing project graph...
[NX v20.8.4 Daemon Server] - 2026-10-03T05:43:34.331Z - [REQUEST]: .nx/workspace-data/project-graph.json,.nx/workspace-data/source-maps.json,.nx/workspace-data/file-map.json
[NX v20.8.4 Daemon Server] - 2026-10-03T05:43:34.331Z - [REQUEST]: .nx/workspace-data/project-graph.json~49a790bc,.nx/workspace-data/source-maps.json~49a790bc,.nx/workspace-data/file-map.json~49a790bc
[NX v20.8.4 Daemon Server] - 2026-10-03T05:43:34.332Z - Time taken for 'hash changed files from watcher' 0.42162500000085856ms
[NX v20.8.4 Daemon Server] - 2026-10-03T05:43:34.341Z - Time taken for 'build-project-configs' 8.11816700000054ms
[NX v20.8.4 Daemon Server] - 2026-10-03T05:43:34.357Z - [SYNC]: collect registered sync generators
[NX v20.8.4 Daemon Server] - 2026-10-03T05:43:34.357Z - [SYNC]: project graph hash is the same, not collecting task sync generators
[NX v20.8.4 Daemon Server] - 2026-10-03T05:43:34.357Z - [SYNC]: nx.json hash is the same, not collecting global sync generators
[NX v20.8.4 Daemon Server] - 2026-10-03T05:43:34.357Z - Time taken for 'total execution time for createProjectGraph()' 11.486290999999255ms
[NX v20.8.4 Daemon Server] - 2026-10-03T05:43:34.423Z - [WATCHER]: 3 file(s) created or restored, 0 file(s) modified, 3 file(s) deleted
[NX v20.8.4 Daemon Server] - 2026-10-03T05:43:34.524Z - [REQUEST]: Updated workspace context based on watched changes, recomputing project graph...
[NX v20.8.4 Daemon Server] - 2026-10-03T05:43:34.524Z - [REQUEST]: .nx/workspace-data/file-map.json,.nx/workspace-data/project-graph.json,.nx/workspace-data/source-maps.json
[NX v20.8.4 Daemon Server] - 2026-10-03T05:43:34.524Z - [REQUEST]: .nx/workspace-data/source-maps.json~e595e01f,.nx/workspace-data/file-map.json~e595e01f,.nx/workspace-data/project-graph.json~e595e01f
[NX v20.8.4 Daemon Server] - 2026-10-03T05:43:34.526Z - Time taken for 'hash changed files from watcher' 0.5520420000011654ms
[NX v20.8.4 Daemon Server] - 2026-10-03T05:43:34.533Z - Time taken for 'build-project-configs' 6.780291000000943ms
[NX v20.8.4 Daemon Server] - 2026-10-03T05:43:34.546Z - [SYNC]: collect registered sync generators
[NX v20.8.4 Daemon Server] - 2026-10-03T05:43:34.547Z - [SYNC]: project graph hash is the same, not collecting task sync generators
[NX v20.8.4 Daemon Server] - 2026-10-03T05:43:34.547Z - [SYNC]: nx.json hash is the same, not collecting global sync generators
[NX v20.8.4 Daemon Server] - 2026-10-03T05:43:34.547Z - Time taken for 'total execution time for createProjectGraph()' 9.9325000000008ms
[NX v20.8.4 Daemon Server] - 2026-10-03T05:43:34.609Z - [WATCHER]: 3 file(s) created or restored, 0 file(s) modified, 3 file(s) deleted
[NX v20.8.4 Daemon Server] - 2026-10-03T05:43:34.710Z - [REQUEST]: Updated workspace context based on watched changes, recomputing project graph...
[NX v20.8.4 Daemon Server] - 2026-10-03T05:43:34.710Z - [REQUEST]: .nx/workspace-data/source-maps.json,.nx/workspace-data/file-map.json,.nx/workspace-data/project-graph.json
[NX v20.8.4 Daemon Server] - 2026-10-03T05:43:34.710Z - [REQUEST]: .nx/workspace-data/file-map.json~34ad6531,.nx/workspace-data/source-maps.json~34ad6531,.nx/workspace-data/project-graph.json~34ad6531
[NX v20.8.4 Daemon Server] - 2026-10-03T05:43:34.711Z - Time taken for 'hash changed files from watcher' 0.5558750000000146ms
[NX v20.8.4 Daemon Server] - 2026-10-03T05:43:34.719Z - Time taken for 'build-project-configs' 6.511666000000332ms
[NX v20.8.4 Daemon Server] - 2026-10-03T05:43:34.734Z - [SYNC]: collect registered sync generators
[NX v20.8.4 Daemon Server] - 2026-10-03T05:43:34.734Z - [SYNC]: project graph hash is the same, not collecting task sync generators
[NX v20.8.4 Daemon Server] - 2026-10-03T05:43:34.734Z - [SYNC]: nx.json hash is the same, not collecting global sync generators
[NX v20.8.4 Daemon Server] - 2026-10-03T05:43:34.734Z - Time taken for 'total execution time for createProjectGraph()' 11.614125000000058ms
[NX v20.8.4 Daemon Server] - 2026-10-03T05:43:34.805Z - [WATCHER]: 3 file(s) created or restored, 0 file(s) modified, 3 file(s) deleted
[NX v20.8.4 Daemon Server] - 2026-10-03T05:43:34.905Z - [REQUEST]: Updated workspace context based on watched changes, recomputing project graph...
[NX v20.8.4 Daemon Server] - 2026-10-03T05:43:34.905Z - [REQUEST]: .nx/workspace-data/file-map.json,.nx/workspace-data/project-graph.json,.nx/workspace-data/source-maps.json
[NX v20.8.4 Daemon Server] - 2026-10-03T05:43:34.905Z - [REQUEST]: .nx/workspace-data/source-maps.json~a5af46e9,.nx/workspace-data/project-graph.json~a5af46e9,.nx/workspace-data/file-map.json~a5af46e9
[NX v20.8.4 Daemon Server] - 2026-10-03T05:43:34.906Z - Time taken for 'hash changed files from watcher' 0.44720799999959127ms
[NX v20.8.4 Daemon Server] - 2026-10-03T05:43:34.915Z - Time taken for 'build-project-configs' 7.609000000000378ms
[NX v20.8.4 Daemon Server] - 2026-10-03T05:43:34.929Z - [SYNC]: collect registered sync generators
[NX v20.8.4 Daemon Server] - 2026-10-03T05:43:34.929Z - [SYNC]: project graph hash is the same, not collecting task sync generators
[NX v20.8.4 Daemon Server] - 2026-10-03T05:43:34.929Z - [SYNC]: nx.json hash is the same, not collecting global sync generators
[NX v20.8.4 Daemon Server] - 2026-10-03T05:43:34.929Z - Time taken for 'total execution time for createProjectGraph()' 10.33087499999965ms
[NX v20.8.4 Daemon Server] - 2026-10-03T05:43:34.998Z - [WATCHER]: 3 file(s) created or restored, 0 file(s) modified, 3 file(s) deleted
[NX v20.8.4 Daemon Server] - 2026-10-03T05:43:35.099Z - [REQUEST]: Updated workspace context based on watched changes, recomputing project graph...
[NX v20.8.4 Daemon Server] - 2026-10-03T05:43:35.099Z - [REQUEST]: .nx/workspace-data/project-graph.json,.nx/workspace-data/source-maps.json,.nx/workspace-data/file-map.json
[NX v20.8.4 Daemon Server] - 2026-10-03T05:43:35.099Z - [REQUEST]: .nx/workspace-data/file-map.json~3c31375a,.nx/workspace-data/project-graph.json~3c31375a,.nx/workspace-data/source-maps.json~3c31375a
[NX v20.8.4 Daemon Server] - 2026-10-03T05:43:35.100Z - Time taken for 'hash changed files from watcher' 0.4069159999999101ms
[NX v20.8.4 Daemon Server] - 2026-10-03T05:43:35.108Z - Time taken for 'build-project-configs' 6.793165999999474ms
[NX v20.8.4 Daemon Server] - 2026-10-03T05:43:35.122Z - [SYNC]: collect registered sync generators
[NX v20.8.4 Daemon Server] - 2026-10-03T05:43:35.122Z - [SYNC]: project graph hash is the same, not collecting task sync generators
[NX v20.8.4 Daemon Server] - 2026-10-03T05:43:35.122Z - [SYNC]: nx.json hash is the same, not collecting global sync generators
[NX v20.8.4 Daemon Server] - 2026-10-03T05:43:35.122Z - Time taken for 'total execution time for createProjectGraph()' 10.34795800000029ms
[NX v20.8.4 Daemon Server] - 2026-10-03T05:43:35.185Z - [WATCHER]: 3 file(s) created or restored, 0 file(s) modified, 3 file(s) deleted
[NX v20.8.4 Daemon Server] - 2026-10-03T05:43:35.286Z - [REQUEST]: Updated workspace context based on watched changes, recomputing project graph...
[NX v20.8.4 Daemon Server] - 2026-10-03T05:43:35.286Z - [REQUEST]: .nx/workspace-data/file-map.json,.nx/workspace-data/source-maps.json,.nx/workspace-data/project-graph.json
[NX v20.8.4 Daemon Server] - 2026-10-03T05:43:35.286Z - [REQUEST]: .nx/workspace-data/file-map.json~80ecb032,.nx/workspace-data/source-maps.json~80ecb032,.nx/workspace-data/project-graph.json~80ecb032
[NX v20.8.4 Daemon Server] - 2026-10-03T05:43:35.287Z - Time taken for 'hash changed files from watcher' 0.454834000000119ms
[NX v20.8.4 Daemon Server] - 2026-10-03T05:43:35.295Z - Time taken for 'build-project-configs' 6.713958000000275ms
[NX v20.8.4 Daemon Server] - 2026-10-03T05:43:35.310Z - [SYNC]: collect registered sync generators
[NX v20.8.4 Daemon Server] - 2026-10-03T05:43:35.310Z - [SYNC]: project graph hash is the same, not collecting task sync generators
[NX v20.8.4 Daemon Server] - 2026-10-03T05:43:35.310Z - [SYNC]: nx.json hash is the same, not collecting global sync generators
[NX v20.8.4 Daemon Server] - 2026-10-03T05:43:35.310Z - Time taken for 'total execution time for createProjectGraph()' 11.263957999999548ms
[NX v20.8.4 Daemon Server] - 2026-10-03T05:43:35.373Z - [WATCHER]: 3 file(s) created or restored, 0 file(s) modified, 3 file(s) deleted
[NX v20.8.4 Daemon Server] - 2026-10-03T05:43:35.474Z - [REQUEST]: Updated workspace context based on watched changes, recomputing project graph...
[NX v20.8.4 Daemon Server] - 2026-10-03T05:43:35.474Z - [REQUEST]: .nx/workspace-data/project-graph.json,.nx/workspace-data/file-map.json,.nx/workspace-data/source-maps.json
[NX v20.8.4 Daemon Server] - 2026-10-03T05:43:35.474Z - [REQUEST]: .nx/workspace-data/file-map.json~539197de,.nx/workspace-data/project-graph.json~539197de,.nx/workspace-data/source-maps.json~539197de
[NX v20.8.4 Daemon Server] - 2026-10-03T05:43:35.475Z - Time taken for 'hash changed files from watcher' 0.4367920000004233ms
[NX v20.8.4 Daemon Server] - 2026-10-03T05:43:35.484Z - Time taken for 'build-project-configs' 7.515999999999622ms
[NX v20.8.4 Daemon Server] - 2026-10-03T05:43:35.498Z - [SYNC]: collect registered sync generators
[NX v20.8.4 Daemon Server] - 2026-10-03T05:43:35.498Z - [SYNC]: project graph hash is the same, not collecting task sync generators
[NX v20.8.4 Daemon Server] - 2026-10-03T05:43:35.498Z - [SYNC]: nx.json hash is the same, not collecting global sync generators
[NX v20.8.4 Daemon Server] - 2026-10-03T05:43:35.498Z - Time taken for 'total execution time for createProjectGraph()' 10.39091599999847ms
[NX v20.8.4 Daemon Server] - 2026-10-03T05:43:35.561Z - [WATCHER]: 3 file(s) created or restored, 0 file(s) modified, 3 file(s) deleted
[NX v20.8.4 Daemon Server] - 2026-10-03T05:43:35.661Z - [REQUEST]: Updated workspace context based on watched changes, recomputing project graph...
[NX v20.8.4 Daemon Server] - 2026-10-03T05:43:35.661Z - [REQUEST]: .nx/workspace-data/project-graph.json,.nx/workspace-data/file-map.json,.nx/workspace-data/source-maps.json
[NX v20.8.4 Daemon Server] - 2026-10-03T05:43:35.661Z - [REQUEST]: .nx/workspace-data/source-maps.json~96eaee8b,.nx/workspace-data/file-map.json~96eaee8b,.nx/workspace-data/project-graph.json~96eaee8b
[NX v20.8.4 Daemon Server] - 2026-10-03T05:43:35.662Z - Time taken for 'hash changed files from watcher' 0.4541669999998703ms
[NX v20.8.4 Daemon Server] - 2026-10-03T05:43:35.670Z - Time taken for 'build-project-configs' 6.745750000000044ms
[NX v20.8.4 Daemon Server] - 2026-10-03T05:43:35.685Z - [SYNC]: collect registered sync generators
[NX v20.8.4 Daemon Server] - 2026-10-03T05:43:35.685Z - [SYNC]: project graph hash is the same, not collecting task sync generators
[NX v20.8.4 Daemon Server] - 2026-10-03T05:43:35.685Z - [SYNC]: nx.json hash is the same, not collecting global sync generators
[NX v20.8.4 Daemon Server] - 2026-10-03T05:43:35.685Z - Time taken for 'total execution time for createProjectGraph()' 9.877249999999549ms
[NX v20.8.4 Daemon Server] - 2026-10-03T05:43:35.748Z - [WATCHER]: 3 file(s) created or restored, 0 file(s) modified, 3 file(s) deleted
[NX v20.8.4 Daemon Server] - 2026-10-03T05:43:35.848Z - [REQUEST]: Updated workspace context based on watched changes, recomputing project graph...
[NX v20.8.4 Daemon Server] - 2026-10-03T05:43:35.848Z - [REQUEST]: .nx/workspace-data/source-maps.json,.nx/workspace-data/project-graph.json,.nx/workspace-data/file-map.json
[NX v20.8.4 Daemon Server] - 2026-10-03T05:43:35.848Z - [REQUEST]: .nx/workspace-data/project-graph.json~61f71b49,.nx/workspace-data/source-maps.json~61f71b49,.nx/workspace-data/file-map.json~61f71b49
[NX v20.8.4 Daemon Server] - 2026-10-03T05:43:35.849Z - Time taken for 'hash changed files from watcher' 0.42920800000138115ms
[NX v20.8.4 Daemon Server] - 2026-10-03T05:43:35.857Z - Time taken for 'build-project-configs' 6.494584000000032ms
[NX v20.8.4 Daemon Server] - 2026-10-03T05:43:35.870Z - [SYNC]: collect registered sync generators
[NX v20.8.4 Daemon Server] - 2026-10-03T05:43:35.870Z - [SYNC]: project graph hash is the same, not collecting task sync generators
[NX v20.8.4 Daemon Server] - 2026-10-03T05:43:35.870Z - [SYNC]: nx.json hash is the same, not collecting global sync generators
[NX v20.8.4 Daemon Server] - 2026-10-03T05:43:35.870Z - Time taken for 'total execution time for createProjectGraph()' 10.1218340000014ms
[NX v20.8.4 Daemon Server] - 2026-10-03T05:43:35.934Z - [WATCHER]: 3 file(s) created or restored, 0 file(s) modified, 3 file(s) deleted
[NX v20.8.4 Daemon Server] - 2026-10-03T05:43:36.035Z - [REQUEST]: Updated workspace context based on watched changes, recomputing project graph...
[NX v20.8.4 Daemon Server] - 2026-10-03T05:43:36.035Z - [REQUEST]: .nx/workspace-data/file-map.json,.nx/workspace-data/source-maps.json,.nx/workspace-data/project-graph.json
[NX v20.8.4 Daemon Server] - 2026-10-03T05:43:36.035Z - [REQUEST]: .nx/workspace-data/source-maps.json~dcbbd857,.nx/workspace-data/file-map.json~dcbbd857,.nx/workspace-data/project-graph.json~dcbbd857
[NX v20.8.4 Daemon Server] - 2026-10-03T05:43:36.036Z - Time taken for 'hash changed files from watcher' 0.5322919999998703ms
[NX v20.8.4 Daemon Server] - 2026-10-03T05:43:36.046Z - Time taken for 'build-project-configs' 8.190749999999753ms
[NX v20.8.4 Daemon Server] - 2026-10-03T05:43:36.060Z - [SYNC]: collect registered sync generators
[NX v20.8.4 Daemon Server] - 2026-10-03T05:43:36.060Z - [SYNC]: project graph hash is the same, not collecting task sync generators
[NX v20.8.4 Daemon Server] - 2026-10-03T05:43:36.060Z - [SYNC]: nx.json hash is the same, not collecting global sync generators
[NX v20.8.4 Daemon Server] - 2026-10-03T05:43:36.060Z - Time taken for 'total execution time for createProjectGraph()' 11.026458000000275ms
[NX v20.8.4 Daemon Server] - 2026-10-03T05:43:36.124Z - [WATCHER]: 3 file(s) created or restored, 0 file(s) modified, 3 file(s) deleted
[NX v20.8.4 Daemon Server] - 2026-10-03T05:43:36.225Z - [REQUEST]: Updated workspace context based on watched changes, recomputing project graph...
[NX v20.8.4 Daemon Server] - 2026-10-03T05:43:36.225Z - [REQUEST]: .nx/workspace-data/project-graph.json,.nx/workspace-data/file-map.json,.nx/workspace-data/source-maps.json
[NX v20.8.4 Daemon Server] - 2026-10-03T05:43:36.225Z - [REQUEST]: .nx/workspace-data/source-maps.json~f7ceca1f,.nx/workspace-data/file-map.json~f7ceca1f,.nx/workspace-data/project-graph.json~f7ceca1f
[NX v20.8.4 Daemon Server] - 2026-10-03T05:43:36.226Z - Time taken for 'hash changed files from watcher' 0.49875000000065484ms
[NX v20.8.4 Daemon Server] - 2026-10-03T05:43:36.234Z - Time taken for 'build-project-configs' 6.420416999999361ms
[NX v20.8.4 Daemon Server] - 2026-10-03T05:43:36.247Z - [SYNC]: collect registered sync generators
[NX v20.8.4 Daemon Server] - 2026-10-03T05:43:36.247Z - [SYNC]: project graph hash is the same, not collecting task sync generators
[NX v20.8.4 Daemon Server] - 2026-10-03T05:43:36.247Z - [SYNC]: nx.json hash is the same, not collecting global sync generators
[NX v20.8.4 Daemon Server] - 2026-10-03T05:43:36.247Z - Time taken for 'total execution time for createProjectGraph()' 10.217082999999548ms
[NX v20.8.4 Daemon Server] - 2026-10-03T05:43:36.309Z - [WATCHER]: 3 file(s) created or restored, 0 file(s) modified, 3 file(s) deleted
[NX v20.8.4 Daemon Server] - 2026-10-03T05:43:36.411Z - [REQUEST]: Updated workspace context based on watched changes, recomputing project graph...
[NX v20.8.4 Daemon Server] - 2026-10-03T05:43:36.411Z - [REQUEST]: .nx/workspace-data/file-map.json,.nx/workspace-data/source-maps.json,.nx/workspace-data/project-graph.json
[NX v20.8.4 Daemon Server] - 2026-10-03T05:43:36.411Z - [REQUEST]: .nx/workspace-data/source-maps.json~27c4dbe7,.nx/workspace-data/file-map.json~27c4dbe7,.nx/workspace-data/project-graph.json~27c4dbe7
[NX v20.8.4 Daemon Server] - 2026-10-03T05:43:36.412Z - Time taken for 'hash changed files from watcher' 0.47308300000076997ms
[NX v20.8.4 Daemon Server] - 2026-10-03T05:43:36.419Z - Time taken for 'build-project-configs' 6.274791999998342ms
[NX v20.8.4 Daemon Server] - 2026-10-03T05:43:36.432Z - [SYNC]: collect registered sync generators
[NX v20.8.4 Daemon Server] - 2026-10-03T05:43:36.433Z - [SYNC]: project graph hash is the same, not collecting task sync generators
[NX v20.8.4 Daemon Server] - 2026-10-03T05:43:36.433Z - [SYNC]: nx.json hash is the same, not collecting global sync generators
[NX v20.8.4 Daemon Server] - 2026-10-03T05:43:36.433Z - Time taken for 'total execution time for createProjectGraph()' 10.163040999999794ms
[NX v20.8.4 Daemon Server] - 2026-10-03T05:43:36.495Z - [WATCHER]: 3 file(s) created or restored, 0 file(s) modified, 3 file(s) deleted
[NX v20.8.4 Daemon Server] - 2026-10-03T05:43:36.596Z - [REQUEST]: Updated workspace context based on watched changes, recomputing project graph...
[NX v20.8.4 Daemon Server] - 2026-10-03T05:43:36.596Z - [REQUEST]: .nx/workspace-data/source-maps.json,.nx/workspace-data/project-graph.json,.nx/workspace-data/file-map.json
[NX v20.8.4 Daemon Server] - 2026-10-03T05:43:36.597Z - [REQUEST]: .nx/workspace-data/source-maps.json~9e19129c,.nx/workspace-data/project-graph.json~9e19129c,.nx/workspace-data/file-map.json~9e19129c
[NX v20.8.4 Daemon Server] - 2026-10-03T05:43:36.598Z - Time taken for 'hash changed files from watcher' 0.5657919999994192ms
[NX v20.8.4 Daemon Server] - 2026-10-03T05:43:36.606Z - Time taken for 'build-project-configs' 7.335542000000714ms
[NX v20.8.4 Daemon Server] - 2026-10-03T05:43:36.619Z - [SYNC]: collect registered sync generators
[NX v20.8.4 Daemon Server] - 2026-10-03T05:43:36.620Z - [SYNC]: project graph hash is the same, not collecting task sync generators
[NX v20.8.4 Daemon Server] - 2026-10-03T05:43:36.620Z - [SYNC]: nx.json hash is the same, not collecting global sync generators
[NX v20.8.4 Daemon Server] - 2026-10-03T05:43:36.620Z - Time taken for 'total execution time for createProjectGraph()' 10.378042000000278ms
[NX v20.8.4 Daemon Server] - 2026-10-03T05:43:36.686Z - [WATCHER]: 3 file(s) created or restored, 0 file(s) modified, 3 file(s) deleted
[NX v20.8.4 Daemon Server] - 2026-10-03T05:43:36.787Z - [REQUEST]: Updated workspace context based on watched changes, recomputing project graph...
[NX v20.8.4 Daemon Server] - 2026-10-03T05:43:36.787Z - [REQUEST]: .nx/workspace-data/file-map.json,.nx/workspace-data/project-graph.json,.nx/workspace-data/source-maps.json
[NX v20.8.4 Daemon Server] - 2026-10-03T05:43:36.787Z - [REQUEST]: .nx/workspace-data/project-graph.json~e288dab6,.nx/workspace-data/source-maps.json~e288dab6,.nx/workspace-data/file-map.json~e288dab6
[NX v20.8.4 Daemon Server] - 2026-10-03T05:43:36.788Z - Time taken for 'hash changed files from watcher' 0.4367499999989377ms
[NX v20.8.4 Daemon Server] - 2026-10-03T05:43:36.795Z - Time taken for 'build-project-configs' 6.378375000000233ms
[NX v20.8.4 Daemon Server] - 2026-10-03T05:43:36.808Z - [SYNC]: collect registered sync generators
[NX v20.8.4 Daemon Server] - 2026-10-03T05:43:36.808Z - [SYNC]: project graph hash is the same, not collecting task sync generators
[NX v20.8.4 Daemon Server] - 2026-10-03T05:43:36.808Z - [SYNC]: nx.json hash is the same, not collecting global sync generators
[NX v20.8.4 Daemon Server] - 2026-10-03T05:43:36.808Z - Time taken for 'total execution time for createProjectGraph()' 9.757958000000144ms
[NX v20.8.4 Daemon Server] - 2026-10-03T05:43:36.877Z - [WATCHER]: 3 file(s) created or restored, 0 file(s) modified, 3 file(s) deleted
[NX v20.8.4 Daemon Server] - 2026-10-03T05:43:36.978Z - [REQUEST]: Updated workspace context based on watched changes, recomputing project graph...
[NX v20.8.4 Daemon Server] - 2026-10-03T05:43:36.978Z - [REQUEST]: .nx/workspace-data/project-graph.json,.nx/workspace-data/file-map.json,.nx/workspace-data/source-maps.json
[NX v20.8.4 Daemon Server] - 2026-10-03T05:43:36.978Z - [REQUEST]: .nx/workspace-data/project-graph.json~9655dfd5,.nx/workspace-data/source-maps.json~9655dfd5,.nx/workspace-data/file-map.json~9655dfd5
[NX v20.8.4 Daemon Server] - 2026-10-03T05:43:36.979Z - Time taken for 'hash changed files from watcher' 0.42612499999995634ms
[NX v20.8.4 Daemon Server] - 2026-10-03T05:43:36.987Z - Time taken for 'build-project-configs' 6.550374999998894ms
[NX v20.8.4 Daemon Server] - 2026-10-03T05:43:37.002Z - [SYNC]: collect registered sync generators
[NX v20.8.4 Daemon Server] - 2026-10-03T05:43:37.002Z - [SYNC]: project graph hash is the same, not collecting task sync generators
[NX v20.8.4 Daemon Server] - 2026-10-03T05:43:37.003Z - [SYNC]: nx.json hash is the same, not collecting global sync generators
[NX v20.8.4 Daemon Server] - 2026-10-03T05:43:37.003Z - Time taken for 'total execution time for createProjectGraph()' 11.969790999999532ms
[NX v20.8.4 Daemon Server] - 2026-10-03T05:43:37.070Z - [WATCHER]: 3 file(s) created or restored, 0 file(s) modified, 3 file(s) deleted
[NX v20.8.4 Daemon Server] - 2026-10-03T05:43:37.170Z - [REQUEST]: Updated workspace context based on watched changes, recomputing project graph...
[NX v20.8.4 Daemon Server] - 2026-10-03T05:43:37.170Z - [REQUEST]: .nx/workspace-data/file-map.json,.nx/workspace-data/source-maps.json,.nx/workspace-data/project-graph.json
[NX v20.8.4 Daemon Server] - 2026-10-03T05:43:37.170Z - [REQUEST]: .nx/workspace-data/source-maps.json~5d7ce853,.nx/workspace-data/file-map.json~5d7ce853,.nx/workspace-data/project-graph.json~5d7ce853
[NX v20.8.4 Daemon Server] - 2026-10-03T05:43:37.172Z - Time taken for 'hash changed files from watcher' 0.509582999999111ms
[NX v20.8.4 Daemon Server] - 2026-10-03T05:43:37.181Z - Time taken for 'build-project-configs' 7.684500000001208ms
[NX v20.8.4 Daemon Server] - 2026-10-03T05:43:37.194Z - [SYNC]: collect registered sync generators
[NX v20.8.4 Daemon Server] - 2026-10-03T05:43:37.194Z - [SYNC]: project graph hash is the same, not collecting task sync generators
[NX v20.8.4 Daemon Server] - 2026-10-03T05:43:37.194Z - [SYNC]: nx.json hash is the same, not collecting global sync generators
[NX v20.8.4 Daemon Server] - 2026-10-03T05:43:37.194Z - Time taken for 'total execution time for createProjectGraph()' 10.344124999999622ms
[NX v20.8.4 Daemon Server] - 2026-10-03T05:43:37.257Z - [WATCHER]: 3 file(s) created or restored, 0 file(s) modified, 3 file(s) deleted
[NX v20.8.4 Daemon Server] - 2026-10-03T05:43:37.359Z - [REQUEST]: Updated workspace context based on watched changes, recomputing project graph...
[NX v20.8.4 Daemon Server] - 2026-10-03T05:43:37.359Z - [REQUEST]: .nx/workspace-data/file-map.json,.nx/workspace-data/source-maps.json,.nx/workspace-data/project-graph.json
[NX v20.8.4 Daemon Server] - 2026-10-03T05:43:37.359Z - [REQUEST]: .nx/workspace-data/project-graph.json~912070b4,.nx/workspace-data/source-maps.json~912070b4,.nx/workspace-data/file-map.json~912070b4
[NX v20.8.4 Daemon Server] - 2026-10-03T05:43:37.360Z - Time taken for 'hash changed files from watcher' 0.42554199999904085ms
[NX v20.8.4 Daemon Server] - 2026-10-03T05:43:37.368Z - Time taken for 'build-project-configs' 6.810916000000361ms
[NX v20.8.4 Daemon Server] - 2026-10-03T05:43:37.383Z - [SYNC]: collect registered sync generators
[NX v20.8.4 Daemon Server] - 2026-10-03T05:43:37.383Z - [SYNC]: project graph hash is the same, not collecting task sync generators
[NX v20.8.4 Daemon Server] - 2026-10-03T05:43:37.383Z - [SYNC]: nx.json hash is the same, not collecting global sync generators
[NX v20.8.4 Daemon Server] - 2026-10-03T05:43:37.383Z - Time taken for 'total execution time for createProjectGraph()' 12.449209000000337ms
[NX v20.8.4 Daemon Server] - 2026-10-03T05:43:37.446Z - [WATCHER]: 3 file(s) created or restored, 0 file(s) modified, 3 file(s) deleted
[NX v20.8.4 Daemon Server] - 2026-10-03T05:43:37.546Z - [REQUEST]: Updated workspace context based on watched changes, recomputing project graph...
[NX v20.8.4 Daemon Server] - 2026-10-03T05:43:37.546Z - [REQUEST]: .nx/workspace-data/project-graph.json,.nx/workspace-data/file-map.json,.nx/workspace-data/source-maps.json
[NX v20.8.4 Daemon Server] - 2026-10-03T05:43:37.546Z - [REQUEST]: .nx/workspace-data/project-graph.json~f85cbe68,.nx/workspace-data/source-maps.json~f85cbe68,.nx/workspace-data/file-map.json~f85cbe68
[NX v20.8.4 Daemon Server] - 2026-10-03T05:43:37.547Z - Time taken for 'hash changed files from watcher' 0.4135000000005675ms
[NX v20.8.4 Daemon Server] - 2026-10-03T05:43:37.555Z - Time taken for 'build-project-configs' 6.57129200000054ms
[NX v20.8.4 Daemon Server] - 2026-10-03T05:43:37.568Z - [SYNC]: collect registered sync generators
[NX v20.8.4 Daemon Server] - 2026-10-03T05:43:37.568Z - [SYNC]: project graph hash is the same, not collecting task sync generators
[NX v20.8.4 Daemon Server] - 2026-10-03T05:43:37.568Z - [SYNC]: nx.json hash is the same, not collecting global sync generators
[NX v20.8.4 Daemon Server] - 2026-10-03T05:43:37.568Z - Time taken for 'total execution time for createProjectGraph()' 9.42370800000026ms
[NX v20.8.4 Daemon Server] - 2026-10-03T05:43:37.629Z - [WATCHER]: 3 file(s) created or restored, 0 file(s) modified, 3 file(s) deleted
[NX v20.8.4 Daemon Server] - 2026-10-03T05:43:37.730Z - [REQUEST]: Updated workspace context based on watched changes, recomputing project graph...
[NX v20.8.4 Daemon Server] - 2026-10-03T05:43:37.730Z - [REQUEST]: .nx/workspace-data/source-maps.json,.nx/workspace-data/file-map.json,.nx/workspace-data/project-graph.json
[NX v20.8.4 Daemon Server] - 2026-10-03T05:43:37.730Z - [REQUEST]: .nx/workspace-data/file-map.json~34fcd8bb,.nx/workspace-data/project-graph.json~34fcd8bb,.nx/workspace-data/source-maps.json~34fcd8bb
[NX v20.8.4 Daemon Server] - 2026-10-03T05:43:37.731Z - Time taken for 'hash changed files from watcher' 0.5010829999991984ms
[NX v20.8.4 Daemon Server] - 2026-10-03T05:43:37.741Z - Time taken for 'build-project-configs' 7.585915999999997ms
[NX v20.8.4 Daemon Server] - 2026-10-03T05:43:37.754Z - [SYNC]: collect registered sync generators
[NX v20.8.4 Daemon Server] - 2026-10-03T05:43:37.754Z - [SYNC]: project graph hash is the same, not collecting task sync generators
[NX v20.8.4 Daemon Server] - 2026-10-03T05:43:37.754Z - [SYNC]: nx.json hash is the same, not collecting global sync generators
[NX v20.8.4 Daemon Server] - 2026-10-03T05:43:37.754Z - Time taken for 'total execution time for createProjectGraph()' 10.445416999998997ms
[NX v20.8.4 Daemon Server] - 2026-10-03T05:43:37.820Z - [WATCHER]: 3 file(s) created or restored, 0 file(s) modified, 3 file(s) deleted
[NX v20.8.4 Daemon Server] - 2026-10-03T05:43:37.921Z - [REQUEST]: Updated workspace context based on watched changes, recomputing project graph...
[NX v20.8.4 Daemon Server] - 2026-10-03T05:43:37.921Z - [REQUEST]: .nx/workspace-data/source-maps.json,.nx/workspace-data/file-map.json,.nx/workspace-data/project-graph.json
[NX v20.8.4 Daemon Server] - 2026-10-03T05:43:37.921Z - [REQUEST]: .nx/workspace-data/project-graph.json~f6f61a74,.nx/workspace-data/source-maps.json~f6f61a74,.nx/workspace-data/file-map.json~f6f61a74
[NX v20.8.4 Daemon Server] - 2026-10-03T05:43:37.922Z - Time taken for 'hash changed files from watcher' 0.4155829999999696ms
[NX v20.8.4 Daemon Server] - 2026-10-03T05:43:37.931Z - Time taken for 'build-project-configs' 7.059333000001061ms
[NX v20.8.4 Daemon Server] - 2026-10-03T05:43:37.945Z - [SYNC]: collect registered sync generators
[NX v20.8.4 Daemon Server] - 2026-10-03T05:43:37.946Z - [SYNC]: project graph hash is the same, not collecting task sync generators
[NX v20.8.4 Daemon Server] - 2026-10-03T05:43:37.946Z - [SYNC]: nx.json hash is the same, not collecting global sync generators
[NX v20.8.4 Daemon Server] - 2026-10-03T05:43:37.946Z - Time taken for 'total execution time for createProjectGraph()' 11.110500000000684ms
[NX v20.8.4 Daemon Server] - 2026-10-03T05:43:38.011Z - [WATCHER]: 3 file(s) created or restored, 0 file(s) modified, 3 file(s) deleted
[NX v20.8.4 Daemon Server] - 2026-10-03T05:43:38.112Z - [REQUEST]: Updated workspace context based on watched changes, recomputing project graph...
[NX v20.8.4 Daemon Server] - 2026-10-03T05:43:38.112Z - [REQUEST]: .nx/workspace-data/file-map.json,.nx/workspace-data/project-graph.json,.nx/workspace-data/source-maps.json
[NX v20.8.4 Daemon Server] - 2026-10-03T05:43:38.112Z - [REQUEST]: .nx/workspace-data/project-graph.json~78146574,.nx/workspace-data/source-maps.json~78146574,.nx/workspace-data/file-map.json~78146574
[NX v20.8.4 Daemon Server] - 2026-10-03T05:43:38.114Z - Time taken for 'hash changed files from watcher' 0.4447909999998956ms
[NX v20.8.4 Daemon Server] - 2026-10-03T05:43:38.122Z - Time taken for 'build-project-configs' 6.778542000000016ms
[NX v20.8.4 Daemon Server] - 2026-10-03T05:43:38.135Z - [SYNC]: collect registered sync generators
[NX v20.8.4 Daemon Server] - 2026-10-03T05:43:38.135Z - [SYNC]: project graph hash is the same, not collecting task sync generators
[NX v20.8.4 Daemon Server] - 2026-10-03T05:43:38.135Z - [SYNC]: nx.json hash is the same, not collecting global sync generators
[NX v20.8.4 Daemon Server] - 2026-10-03T05:43:38.135Z - Time taken for 'total execution time for createProjectGraph()' 9.759167000000161ms
[NX v20.8.4 Daemon Server] - 2026-10-03T05:43:38.198Z - [WATCHER]: 3 file(s) created or restored, 0 file(s) modified, 3 file(s) deleted
[NX v20.8.4 Daemon Server] - 2026-10-03T05:43:38.299Z - [REQUEST]: Updated workspace context based on watched changes, recomputing project graph...
[NX v20.8.4 Daemon Server] - 2026-10-03T05:43:38.299Z - [REQUEST]: .nx/workspace-data/file-map.json,.nx/workspace-data/project-graph.json,.nx/workspace-data/source-maps.json
[NX v20.8.4 Daemon Server] - 2026-10-03T05:43:38.299Z - [REQUEST]: .nx/workspace-data/file-map.json~2380735a,.nx/workspace-data/project-graph.json~2380735a,.nx/workspace-data/source-maps.json~2380735a
[NX v20.8.4 Daemon Server] - 2026-10-03T05:43:38.300Z - Time taken for 'hash changed files from watcher' 0.449958000001061ms
[NX v20.8.4 Daemon Server] - 2026-10-03T05:43:38.309Z - Time taken for 'build-project-configs' 7.465582999999242ms
[NX v20.8.4 Daemon Server] - 2026-10-03T05:43:38.322Z - [SYNC]: collect registered sync generators
[NX v20.8.4 Daemon Server] - 2026-10-03T05:43:38.322Z - [SYNC]: project graph hash is the same, not collecting task sync generators
[NX v20.8.4 Daemon Server] - 2026-10-03T05:43:38.322Z - [SYNC]: nx.json hash is the same, not collecting global sync generators
[NX v20.8.4 Daemon Server] - 2026-10-03T05:43:38.322Z - Time taken for 'total execution time for createProjectGraph()' 10.229208000000654ms
[NX v20.8.4 Daemon Server] - 2026-10-03T05:43:38.386Z - [WATCHER]: 3 file(s) created or restored, 0 file(s) modified, 3 file(s) deleted
[NX v20.8.4 Daemon Server] - 2026-10-03T05:43:38.487Z - [REQUEST]: Updated workspace context based on watched changes, recomputing project graph...
[NX v20.8.4 Daemon Server] - 2026-10-03T05:43:38.487Z - [REQUEST]: .nx/workspace-data/source-maps.json,.nx/workspace-data/file-map.json,.nx/workspace-data/project-graph.json
[NX v20.8.4 Daemon Server] - 2026-10-03T05:43:38.487Z - [REQUEST]: .nx/workspace-data/file-map.json~c3bcc330,.nx/workspace-data/project-graph.json~c3bcc330,.nx/workspace-data/source-maps.json~c3bcc330
[NX v20.8.4 Daemon Server] - 2026-10-03T05:43:38.488Z - Time taken for 'hash changed files from watcher' 0.49245799999880546ms
[NX v20.8.4 Daemon Server] - 2026-10-03T05:43:38.497Z - Time taken for 'build-project-configs' 7.178874999999607ms
[NX v20.8.4 Daemon Server] - 2026-10-03T05:43:38.511Z - [SYNC]: collect registered sync generators
[NX v20.8.4 Daemon Server] - 2026-10-03T05:43:38.511Z - [SYNC]: project graph hash is the same, not collecting task sync generators
[NX v20.8.4 Daemon Server] - 2026-10-03T05:43:38.511Z - [SYNC]: nx.json hash is the same, not collecting global sync generators
[NX v20.8.4 Daemon Server] - 2026-10-03T05:43:38.511Z - Time taken for 'total execution time for createProjectGraph()' 10.510916999999608ms
[NX v20.8.4 Daemon Server] - 2026-10-03T05:43:38.575Z - [WATCHER]: 3 file(s) created or restored, 0 file(s) modified, 3 file(s) deleted
[NX v20.8.4 Daemon Server] - 2026-10-03T05:43:38.677Z - [REQUEST]: Updated workspace context based on watched changes, recomputing project graph...
[NX v20.8.4 Daemon Server] - 2026-10-03T05:43:38.677Z - [REQUEST]: .nx/workspace-data/source-maps.json,.nx/workspace-data/file-map.json,.nx/workspace-data/project-graph.json
[NX v20.8.4 Daemon Server] - 2026-10-03T05:43:38.677Z - [REQUEST]: .nx/workspace-data/file-map.json~86f6facd,.nx/workspace-data/project-graph.json~86f6facd,.nx/workspace-data/source-maps.json~86f6facd
[NX v20.8.4 Daemon Server] - 2026-10-03T05:43:38.678Z - Time taken for 'hash changed files from watcher' 0.5484999999989668ms
[NX v20.8.4 Daemon Server] - 2026-10-03T05:43:38.686Z - Time taken for 'build-project-configs' 6.36370800000077ms
[NX v20.8.4 Daemon Server] - 2026-10-03T05:43:38.702Z - [SYNC]: collect registered sync generators
[NX v20.8.4 Daemon Server] - 2026-10-03T05:43:38.702Z - [SYNC]: project graph hash is the same, not collecting task sync generators
[NX v20.8.4 Daemon Server] - 2026-10-03T05:43:38.702Z - [SYNC]: nx.json hash is the same, not collecting global sync generators
[NX v20.8.4 Daemon Server] - 2026-10-03T05:43:38.702Z - Time taken for 'total execution time for createProjectGraph()' 11.311665999999605ms
[NX v20.8.4 Daemon Server] - 2026-10-03T05:43:38.764Z - [WATCHER]: 3 file(s) created or restored, 0 file(s) modified, 3 file(s) deleted
[NX v20.8.4 Daemon Server] - 2026-10-03T05:43:38.865Z - [REQUEST]: Updated workspace context based on watched changes, recomputing project graph...
[NX v20.8.4 Daemon Server] - 2026-10-03T05:43:38.865Z - [REQUEST]: .nx/workspace-data/project-graph.json,.nx/workspace-data/file-map.json,.nx/workspace-data/source-maps.json
[NX v20.8.4 Daemon Server] - 2026-10-03T05:43:38.865Z - [REQUEST]: .nx/workspace-data/file-map.json~5174d828,.nx/workspace-data/project-graph.json~5174d828,.nx/workspace-data/source-maps.json~5174d828
[NX v20.8.4 Daemon Server] - 2026-10-03T05:43:38.866Z - Time taken for 'hash changed files from watcher' 0.4015419999996084ms
[NX v20.8.4 Daemon Server] - 2026-10-03T05:43:38.875Z - Time taken for 'build-project-configs' 8.086374999998952ms
[NX v20.8.4 Daemon Server] - 2026-10-03T05:43:38.889Z - [SYNC]: collect registered sync generators
[NX v20.8.4 Daemon Server] - 2026-10-03T05:43:38.889Z - [SYNC]: project graph hash is the same, not collecting task sync generators
[NX v20.8.4 Daemon Server] - 2026-10-03T05:43:38.889Z - [SYNC]: nx.json hash is the same, not collecting global sync generators
[NX v20.8.4 Daemon Server] - 2026-10-03T05:43:38.889Z - Time taken for 'total execution time for createProjectGraph()' 10.701375000000553ms
[NX v20.8.4 Daemon Server] - 2026-10-03T05:43:38.955Z - [WATCHER]: 3 file(s) created or restored, 0 file(s) modified, 3 file(s) deleted
[NX v20.8.4 Daemon Server] - 2026-10-03T05:43:39.055Z - [REQUEST]: Updated workspace context based on watched changes, recomputing project graph...
[NX v20.8.4 Daemon Server] - 2026-10-03T05:43:39.055Z - [REQUEST]: .nx/workspace-data/source-maps.json,.nx/workspace-data/file-map.json,.nx/workspace-data/project-graph.json
[NX v20.8.4 Daemon Server] - 2026-10-03T05:43:39.055Z - [REQUEST]: .nx/workspace-data/project-graph.json~330527c9,.nx/workspace-data/file-map.json~330527c9,.nx/workspace-data/source-maps.json~330527c9
[NX v20.8.4 Daemon Server] - 2026-10-03T05:43:39.056Z - Time taken for 'hash changed files from watcher' 0.45187499999883585ms
[NX v20.8.4 Daemon Server] - 2026-10-03T05:43:39.063Z - Time taken for 'build-project-configs' 6.075875000000451ms
[NX v20.8.4 Daemon Server] - 2026-10-03T05:43:39.076Z - [SYNC]: collect registered sync generators
[NX v20.8.4 Daemon Server] - 2026-10-03T05:43:39.076Z - [SYNC]: project graph hash is the same, not collecting task sync generators
[NX v20.8.4 Daemon Server] - 2026-10-03T05:43:39.077Z - [SYNC]: nx.json hash is the same, not collecting global sync generators
[NX v20.8.4 Daemon Server] - 2026-10-03T05:43:39.077Z - Time taken for 'total execution time for createProjectGraph()' 9.811917000000903ms
[NX v20.8.4 Daemon Server] - 2026-10-03T05:43:39.131Z - [WATCHER]: 3 file(s) created or restored, 0 file(s) modified, 3 file(s) deleted
[NX v20.8.4 Daemon Server] - 2026-10-03T05:43:39.232Z - [REQUEST]: Updated workspace context based on watched changes, recomputing project graph...
[NX v20.8.4 Daemon Server] - 2026-10-03T05:43:39.232Z - [REQUEST]: .nx/workspace-data/source-maps.json,.nx/workspace-data/file-map.json,.nx/workspace-data/project-graph.json
[NX v20.8.4 Daemon Server] - 2026-10-03T05:43:39.232Z - [REQUEST]: .nx/workspace-data/file-map.json~0aaff2d1,.nx/workspace-data/project-graph.json~0aaff2d1,.nx/workspace-data/source-maps.json~0aaff2d1
[NX v20.8.4 Daemon Server] - 2026-10-03T05:43:39.243Z - Time taken for 'hash changed files from watcher' 0.5255419999994047ms
[NX v20.8.4 Daemon Server] - 2026-10-03T05:43:39.250Z - Time taken for 'build-project-configs' 6.457083000001148ms
[NX v20.8.4 Daemon Server] - 2026-10-03T05:43:39.264Z - [SYNC]: collect registered sync generators
[NX v20.8.4 Daemon Server] - 2026-10-03T05:43:39.264Z - [SYNC]: project graph hash is the same, not collecting task sync generators
[NX v20.8.4 Daemon Server] - 2026-10-03T05:43:39.264Z - [SYNC]: nx.json hash is the same, not collecting global sync generators
[NX v20.8.4 Daemon Server] - 2026-10-03T05:43:39.264Z - Time taken for 'total execution time for createProjectGraph()' 10.163415999999415ms
[NX v20.8.4 Daemon Server] - 2026-10-03T05:43:39.328Z - [WATCHER]: 3 file(s) created or restored, 0 file(s) modified, 3 file(s) deleted
[NX v20.8.4 Daemon Server] - 2026-10-03T05:43:39.429Z - [REQUEST]: Updated workspace context based on watched changes, recomputing project graph...
[NX v20.8.4 Daemon Server] - 2026-10-03T05:43:39.429Z - [REQUEST]: .nx/workspace-data/file-map.json,.nx/workspace-data/project-graph.json,.nx/workspace-data/source-maps.json
[NX v20.8.4 Daemon Server] - 2026-10-03T05:43:39.429Z - [REQUEST]: .nx/workspace-data/file-map.json~6203d6b7,.nx/workspace-data/project-graph.json~6203d6b7,.nx/workspace-data/source-maps.json~6203d6b7
[NX v20.8.4 Daemon Server] - 2026-10-03T05:43:39.430Z - Time taken for 'hash changed files from watcher' 0.41891599999871687ms
[NX v20.8.4 Daemon Server] - 2026-10-03T05:43:39.439Z - Time taken for 'build-project-configs' 7.889917000000423ms
[NX v20.8.4 Daemon Server] - 2026-10-03T05:43:39.452Z - [SYNC]: collect registered sync generators
[NX v20.8.4 Daemon Server] - 2026-10-03T05:43:39.452Z - [SYNC]: project graph hash is the same, not collecting task sync generators
[NX v20.8.4 Daemon Server] - 2026-10-03T05:43:39.452Z - [SYNC]: nx.json hash is the same, not collecting global sync generators
[NX v20.8.4 Daemon Server] - 2026-10-03T05:43:39.453Z - Time taken for 'total execution time for createProjectGraph()' 10.426416999998764ms
[NX v20.8.4 Daemon Server] - 2026-10-03T05:43:39.515Z - [WATCHER]: 3 file(s) created or restored, 0 file(s) modified, 3 file(s) deleted
[NX v20.8.4 Daemon Server] - 2026-10-03T05:43:39.617Z - [REQUEST]: Updated workspace context based on watched changes, recomputing project graph...
[NX v20.8.4 Daemon Server] - 2026-10-03T05:43:39.617Z - [REQUEST]: .nx/workspace-data/source-maps.json,.nx/workspace-data/file-map.json,.nx/workspace-data/project-graph.json
[NX v20.8.4 Daemon Server] - 2026-10-03T05:43:39.617Z - [REQUEST]: .nx/workspace-data/file-map.json~a55dc39b,.nx/workspace-data/project-graph.json~a55dc39b,.nx/workspace-data/source-maps.json~a55dc39b
[NX v20.8.4 Daemon Server] - 2026-10-03T05:43:39.619Z - Time taken for 'hash changed files from watcher' 0.4969170000003942ms
[NX v20.8.4 Daemon Server] - 2026-10-03T05:43:39.627Z - Time taken for 'build-project-configs' 6.53479200000038ms
[NX v20.8.4 Daemon Server] - 2026-10-03T05:43:39.640Z - [SYNC]: collect registered sync generators
[NX v20.8.4 Daemon Server] - 2026-10-03T05:43:39.640Z - [SYNC]: project graph hash is the same, not collecting task sync generators
[NX v20.8.4 Daemon Server] - 2026-10-03T05:43:39.640Z - [SYNC]: nx.json hash is the same, not collecting global sync generators
[NX v20.8.4 Daemon Server] - 2026-10-03T05:43:39.640Z - Time taken for 'total execution time for createProjectGraph()' 10.336750000000393ms
[NX v20.8.4 Daemon Server] - 2026-10-03T05:43:39.705Z - [WATCHER]: 3 file(s) created or restored, 0 file(s) modified, 3 file(s) deleted
[NX v20.8.4 Daemon Server] - 2026-10-03T05:43:39.806Z - [REQUEST]: Updated workspace context based on watched changes, recomputing project graph...
[NX v20.8.4 Daemon Server] - 2026-10-03T05:43:39.806Z - [REQUEST]: .nx/workspace-data/project-graph.json,.nx/workspace-data/file-map.json,.nx/workspace-data/source-maps.json
[NX v20.8.4 Daemon Server] - 2026-10-03T05:43:39.806Z - [REQUEST]: .nx/workspace-data/source-maps.json~95ec68a5,.nx/workspace-data/project-graph.json~95ec68a5,.nx/workspace-data/file-map.json~95ec68a5
[NX v20.8.4 Daemon Server] - 2026-10-03T05:43:39.807Z - Time taken for 'hash changed files from watcher' 0.42241699999976845ms
[NX v20.8.4 Daemon Server] - 2026-10-03T05:43:39.815Z - Time taken for 'build-project-configs' 6.6319579999999405ms
[NX v20.8.4 Daemon Server] - 2026-10-03T05:43:39.828Z - [SYNC]: collect registered sync generators
[NX v20.8.4 Daemon Server] - 2026-10-03T05:43:39.828Z - [SYNC]: project graph hash is the same, not collecting task sync generators
[NX v20.8.4 Daemon Server] - 2026-10-03T05:43:39.829Z - [SYNC]: nx.json hash is the same, not collecting global sync generators
[NX v20.8.4 Daemon Server] - 2026-10-03T05:43:39.829Z - Time taken for 'total execution time for createProjectGraph()' 10.079250000000684ms
[NX v20.8.4 Daemon Server] - 2026-10-03T05:43:39.891Z - [WATCHER]: 3 file(s) created or restored, 0 file(s) modified, 3 file(s) deleted
[NX v20.8.4 Daemon Server] - 2026-10-03T05:43:39.991Z - [REQUEST]: Updated workspace context based on watched changes, recomputing project graph...
[NX v20.8.4 Daemon Server] - 2026-10-03T05:43:39.991Z - [REQUEST]: .nx/workspace-data/project-graph.json,.nx/workspace-data/file-map.json,.nx/workspace-data/source-maps.json
[NX v20.8.4 Daemon Server] - 2026-10-03T05:43:39.991Z - [REQUEST]: .nx/workspace-data/file-map.json~a1cf2322,.nx/workspace-data/project-graph.json~a1cf2322,.nx/workspace-data/source-maps.json~a1cf2322
[NX v20.8.4 Daemon Server] - 2026-10-03T05:43:39.992Z - Time taken for 'hash changed files from watcher' 0.4347090000010212ms
[NX v20.8.4 Daemon Server] - 2026-10-03T05:43:40.001Z - Time taken for 'build-project-configs' 7.148791999999958ms
[NX v20.8.4 Daemon Server] - 2026-10-03T05:43:40.015Z - [SYNC]: collect registered sync generators
[NX v20.8.4 Daemon Server] - 2026-10-03T05:43:40.015Z - [SYNC]: project graph hash is the same, not collecting task sync generators
[NX v20.8.4 Daemon Server] - 2026-10-03T05:43:40.015Z - [SYNC]: nx.json hash is the same, not collecting global sync generators
[NX v20.8.4 Daemon Server] - 2026-10-03T05:43:40.015Z - Time taken for 'total execution time for createProjectGraph()' 11.119082999999591ms
[NX v20.8.4 Daemon Server] - 2026-10-03T05:43:40.080Z - [WATCHER]: 3 file(s) created or restored, 0 file(s) modified, 3 file(s) deleted
[NX v20.8.4 Daemon Server] - 2026-10-03T05:43:40.181Z - [REQUEST]: Updated workspace context based on watched changes, recomputing project graph...
[NX v20.8.4 Daemon Server] - 2026-10-03T05:43:40.181Z - [REQUEST]: .nx/workspace-data/project-graph.json,.nx/workspace-data/file-map.json,.nx/workspace-data/source-maps.json
[NX v20.8.4 Daemon Server] - 2026-10-03T05:43:40.181Z - [REQUEST]: .nx/workspace-data/project-graph.json~265c1424,.nx/workspace-data/file-map.json~265c1424,.nx/workspace-data/source-maps.json~265c1424
[NX v20.8.4 Daemon Server] - 2026-10-03T05:43:40.182Z - Time taken for 'hash changed files from watcher' 0.4197500000009313ms
[NX v20.8.4 Daemon Server] - 2026-10-03T05:43:40.190Z - Time taken for 'build-project-configs' 6.266791000000012ms
[NX v20.8.4 Daemon Server] - 2026-10-03T05:43:40.202Z - [SYNC]: collect registered sync generators
[NX v20.8.4 Daemon Server] - 2026-10-03T05:43:40.203Z - [SYNC]: project graph hash is the same, not collecting task sync generators
[NX v20.8.4 Daemon Server] - 2026-10-03T05:43:40.203Z - [SYNC]: nx.json hash is the same, not collecting global sync generators
[NX v20.8.4 Daemon Server] - 2026-10-03T05:43:40.203Z - Time taken for 'total execution time for createProjectGraph()' 9.85333399999945ms
[NX v20.8.4 Daemon Server] - 2026-10-03T05:43:40.256Z - [WATCHER]: 3 file(s) created or restored, 0 file(s) modified, 3 file(s) deleted
[NX v20.8.4 Daemon Server] - 2026-10-03T05:43:40.356Z - [REQUEST]: Updated workspace context based on watched changes, recomputing project graph...
[NX v20.8.4 Daemon Server] - 2026-10-03T05:43:40.356Z - [REQUEST]: .nx/workspace-data/project-graph.json,.nx/workspace-data/file-map.json,.nx/workspace-data/source-maps.json
[NX v20.8.4 Daemon Server] - 2026-10-03T05:43:40.356Z - [REQUEST]: .nx/workspace-data/file-map.json~9ea01232,.nx/workspace-data/source-maps.json~9ea01232,.nx/workspace-data/project-graph.json~9ea01232
[NX v20.8.4 Daemon Server] - 2026-10-03T05:43:40.357Z - Time taken for 'hash changed files from watcher' 0.4399169999996957ms
[NX v20.8.4 Daemon Server] - 2026-10-03T05:43:40.365Z - Time taken for 'build-project-configs' 6.561541999999463ms
[NX v20.8.4 Daemon Server] - 2026-10-03T05:43:40.378Z - [SYNC]: collect registered sync generators
[NX v20.8.4 Daemon Server] - 2026-10-03T05:43:40.378Z - [SYNC]: project graph hash is the same, not collecting task sync generators
[NX v20.8.4 Daemon Server] - 2026-10-03T05:43:40.378Z - [SYNC]: nx.json hash is the same, not collecting global sync generators
[NX v20.8.4 Daemon Server] - 2026-10-03T05:43:40.378Z - Time taken for 'total execution time for createProjectGraph()' 9.54083399999945ms
[NX v20.8.4 Daemon Server] - 2026-10-03T05:43:40.441Z - [WATCHER]: 3 file(s) created or restored, 0 file(s) modified, 3 file(s) deleted
[NX v20.8.4 Daemon Server] - 2026-10-03T05:43:40.543Z - [REQUEST]: Updated workspace context based on watched changes, recomputing project graph...
[NX v20.8.4 Daemon Server] - 2026-10-03T05:43:40.543Z - [REQUEST]: .nx/workspace-data/project-graph.json,.nx/workspace-data/source-maps.json,.nx/workspace-data/file-map.json
[NX v20.8.4 Daemon Server] - 2026-10-03T05:43:40.543Z - [REQUEST]: .nx/workspace-data/source-maps.json~e88268a0,.nx/workspace-data/file-map.json~e88268a0,.nx/workspace-data/project-graph.json~e88268a0
[NX v20.8.4 Daemon Server] - 2026-10-03T05:43:40.544Z - Time taken for 'hash changed files from watcher' 0.446749999999156ms
[NX v20.8.4 Daemon Server] - 2026-10-03T05:43:40.553Z - Time taken for 'build-project-configs' 7.283042000002752ms
[NX v20.8.4 Daemon Server] - 2026-10-03T05:43:40.565Z - [SYNC]: collect registered sync generators
[NX v20.8.4 Daemon Server] - 2026-10-03T05:43:40.566Z - [SYNC]: project graph hash is the same, not collecting task sync generators
[NX v20.8.4 Daemon Server] - 2026-10-03T05:43:40.566Z - [SYNC]: nx.json hash is the same, not collecting global sync generators
[NX v20.8.4 Daemon Server] - 2026-10-03T05:43:40.566Z - Time taken for 'total execution time for createProjectGraph()' 9.974332999998296ms
[NX v20.8.4 Daemon Server] - 2026-10-03T05:43:40.629Z - [WATCHER]: 3 file(s) created or restored, 0 file(s) modified, 3 file(s) deleted
[NX v20.8.4 Daemon Server] - 2026-10-03T05:43:40.730Z - [REQUEST]: Updated workspace context based on watched changes, recomputing project graph...
[NX v20.8.4 Daemon Server] - 2026-10-03T05:43:40.730Z - [REQUEST]: .nx/workspace-data/source-maps.json,.nx/workspace-data/file-map.json,.nx/workspace-data/project-graph.json
[NX v20.8.4 Daemon Server] - 2026-10-03T05:43:40.730Z - [REQUEST]: .nx/workspace-data/project-graph.json~1e69b6d0,.nx/workspace-data/file-map.json~1e69b6d0,.nx/workspace-data/source-maps.json~1e69b6d0
[NX v20.8.4 Daemon Server] - 2026-10-03T05:43:40.731Z - Time taken for 'hash changed files from watcher' 0.46545899999910034ms
[NX v20.8.4 Daemon Server] - 2026-10-03T05:43:40.739Z - Time taken for 'build-project-configs' 6.6444159999991825ms
[NX v20.8.4 Daemon Server] - 2026-10-03T05:43:40.752Z - [SYNC]: collect registered sync generators
[NX v20.8.4 Daemon Server] - 2026-10-03T05:43:40.752Z - [SYNC]: project graph hash is the same, not collecting task sync generators
[NX v20.8.4 Daemon Server] - 2026-10-03T05:43:40.752Z - [SYNC]: nx.json hash is the same, not collecting global sync generators
[NX v20.8.4 Daemon Server] - 2026-10-03T05:43:40.752Z - Time taken for 'total execution time for createProjectGraph()' 10.223959000002651ms
[NX v20.8.4 Daemon Server] - 2026-10-03T05:43:40.817Z - [WATCHER]: 3 file(s) created or restored, 0 file(s) modified, 3 file(s) deleted
[NX v20.8.4 Daemon Server] - 2026-10-03T05:43:40.918Z - [REQUEST]: Updated workspace context based on watched changes, recomputing project graph...
[NX v20.8.4 Daemon Server] - 2026-10-03T05:43:40.918Z - [REQUEST]: .nx/workspace-data/project-graph.json,.nx/workspace-data/source-maps.json,.nx/workspace-data/file-map.json
[NX v20.8.4 Daemon Server] - 2026-10-03T05:43:40.918Z - [REQUEST]: .nx/workspace-data/project-graph.json~9de996d6,.nx/workspace-data/source-maps.json~9de996d6,.nx/workspace-data/file-map.json~9de996d6
[NX v20.8.4 Daemon Server] - 2026-10-03T05:43:40.919Z - Time taken for 'hash changed files from watcher' 0.4927080000015849ms
[NX v20.8.4 Daemon Server] - 2026-10-03T05:43:40.927Z - Time taken for 'build-project-configs' 6.566875000000437ms
[NX v20.8.4 Daemon Server] - 2026-10-03T05:43:40.940Z - [SYNC]: collect registered sync generators
[NX v20.8.4 Daemon Server] - 2026-10-03T05:43:40.941Z - [SYNC]: project graph hash is the same, not collecting task sync generators
[NX v20.8.4 Daemon Server] - 2026-10-03T05:43:40.941Z - [SYNC]: nx.json hash is the same, not collecting global sync generators
[NX v20.8.4 Daemon Server] - 2026-10-03T05:43:40.941Z - Time taken for 'total execution time for createProjectGraph()' 10.814374999998108ms
[NX v20.8.4 Daemon Server] - 2026-10-03T05:43:41.005Z - [WATCHER]: 3 file(s) created or restored, 0 file(s) modified, 3 file(s) deleted
[NX v20.8.4 Daemon Server] - 2026-10-03T05:43:41.105Z - [REQUEST]: Updated workspace context based on watched changes, recomputing project graph...
[NX v20.8.4 Daemon Server] - 2026-10-03T05:43:41.105Z - [REQUEST]: .nx/workspace-data/source-maps.json,.nx/workspace-data/file-map.json,.nx/workspace-data/project-graph.json
[NX v20.8.4 Daemon Server] - 2026-10-03T05:43:41.105Z - [REQUEST]: .nx/workspace-data/source-maps.json~7bba2ff0,.nx/workspace-data/file-map.json~7bba2ff0,.nx/workspace-data/project-graph.json~7bba2ff0
[NX v20.8.4 Daemon Server] - 2026-10-03T05:43:41.106Z - Time taken for 'hash changed files from watcher' 0.43670899999779067ms
[NX v20.8.4 Daemon Server] - 2026-10-03T05:43:41.116Z - Time taken for 'build-project-configs' 7.906957999999577ms
[NX v20.8.4 Daemon Server] - 2026-10-03T05:43:41.128Z - [SYNC]: collect registered sync generators
[NX v20.8.4 Daemon Server] - 2026-10-03T05:43:41.129Z - [SYNC]: project graph hash is the same, not collecting task sync generators
[NX v20.8.4 Daemon Server] - 2026-10-03T05:43:41.129Z - [SYNC]: nx.json hash is the same, not collecting global sync generators
[NX v20.8.4 Daemon Server] - 2026-10-03T05:43:41.129Z - Time taken for 'total execution time for createProjectGraph()' 10.02691699999923ms
[NX v20.8.4 Daemon Server] - 2026-10-03T05:43:41.192Z - [WATCHER]: 3 file(s) created or restored, 0 file(s) modified, 3 file(s) deleted
[NX v20.8.4 Daemon Server] - 2026-10-03T05:43:41.294Z - [REQUEST]: Updated workspace context based on watched changes, recomputing project graph...
[NX v20.8.4 Daemon Server] - 2026-10-03T05:43:41.294Z - [REQUEST]: .nx/workspace-data/source-maps.json,.nx/workspace-data/project-graph.json,.nx/workspace-data/file-map.json
[NX v20.8.4 Daemon Server] - 2026-10-03T05:43:41.294Z - [REQUEST]: .nx/workspace-data/source-maps.json~dc437674,.nx/workspace-data/file-map.json~dc437674,.nx/workspace-data/project-graph.json~dc437674
[NX v20.8.4 Daemon Server] - 2026-10-03T05:43:41.296Z - Time taken for 'hash changed files from watcher' 0.5574580000029528ms
[NX v20.8.4 Daemon Server] - 2026-10-03T05:43:41.303Z - Time taken for 'build-project-configs' 6.235916999998153ms
[NX v20.8.4 Daemon Server] - 2026-10-03T05:43:41.319Z - [SYNC]: collect registered sync generators
[NX v20.8.4 Daemon Server] - 2026-10-03T05:43:41.319Z - [SYNC]: project graph hash is the same, not collecting task sync generators
[NX v20.8.4 Daemon Server] - 2026-10-03T05:43:41.319Z - [SYNC]: nx.json hash is the same, not collecting global sync generators
[NX v20.8.4 Daemon Server] - 2026-10-03T05:43:41.319Z - Time taken for 'total execution time for createProjectGraph()' 12.094874999998865ms
[NX v20.8.4 Daemon Server] - 2026-10-03T05:43:41.385Z - [WATCHER]: 3 file(s) created or restored, 0 file(s) modified, 3 file(s) deleted
[NX v20.8.4 Daemon Server] - 2026-10-03T05:43:41.486Z - [REQUEST]: Updated workspace context based on watched changes, recomputing project graph...
[NX v20.8.4 Daemon Server] - 2026-10-03T05:43:41.486Z - [REQUEST]: .nx/workspace-data/file-map.json,.nx/workspace-data/source-maps.json,.nx/workspace-data/project-graph.json
[NX v20.8.4 Daemon Server] - 2026-10-03T05:43:41.486Z - [REQUEST]: .nx/workspace-data/project-graph.json~25230505,.nx/workspace-data/source-maps.json~25230505,.nx/workspace-data/file-map.json~25230505
[NX v20.8.4 Daemon Server] - 2026-10-03T05:43:41.487Z - Time taken for 'hash changed files from watcher' 0.5392499999979918ms
[NX v20.8.4 Daemon Server] - 2026-10-03T05:43:41.496Z - Time taken for 'build-project-configs' 7.006000000001222ms
[NX v20.8.4 Daemon Server] - 2026-10-03T05:43:41.510Z - [SYNC]: collect registered sync generators
[NX v20.8.4 Daemon Server] - 2026-10-03T05:43:41.510Z - [SYNC]: project graph hash is the same, not collecting task sync generators
[NX v20.8.4 Daemon Server] - 2026-10-03T05:43:41.510Z - [SYNC]: nx.json hash is the same, not collecting global sync generators
[NX v20.8.4 Daemon Server] - 2026-10-03T05:43:41.510Z - Time taken for 'total execution time for createProjectGraph()' 10.727500000000873ms
[NX v20.8.4 Daemon Server] - 2026-10-03T05:43:41.573Z - [WATCHER]: 3 file(s) created or restored, 0 file(s) modified, 3 file(s) deleted
[NX v20.8.4 Daemon Server] - 2026-10-03T05:43:41.675Z - [REQUEST]: Updated workspace context based on watched changes, recomputing project graph...
[NX v20.8.4 Daemon Server] - 2026-10-03T05:43:41.675Z - [REQUEST]: .nx/workspace-data/file-map.json,.nx/workspace-data/project-graph.json,.nx/workspace-data/source-maps.json
[NX v20.8.4 Daemon Server] - 2026-10-03T05:43:41.675Z - [REQUEST]: .nx/workspace-data/file-map.json~c1892e71,.nx/workspace-data/project-graph.json~c1892e71,.nx/workspace-data/source-maps.json~c1892e71
[NX v20.8.4 Daemon Server] - 2026-10-03T05:43:41.676Z - Time taken for 'hash changed files from watcher' 0.49966700000004494ms
[NX v20.8.4 Daemon Server] - 2026-10-03T05:43:41.685Z - Time taken for 'build-project-configs' 7.900832999999693ms
[NX v20.8.4 Daemon Server] - 2026-10-03T05:43:41.699Z - [SYNC]: collect registered sync generators
[NX v20.8.4 Daemon Server] - 2026-10-03T05:43:41.699Z - [SYNC]: project graph hash is the same, not collecting task sync generators
[NX v20.8.4 Daemon Server] - 2026-10-03T05:43:41.699Z - [SYNC]: nx.json hash is the same, not collecting global sync generators
[NX v20.8.4 Daemon Server] - 2026-10-03T05:43:41.699Z - Time taken for 'total execution time for createProjectGraph()' 10.619541000000027ms
[NX v20.8.4 Daemon Server] - 2026-10-03T05:43:41.762Z - [WATCHER]: 3 file(s) created or restored, 0 file(s) modified, 3 file(s) deleted
[NX v20.8.4 Daemon Server] - 2026-10-03T05:43:41.864Z - [REQUEST]: Updated workspace context based on watched changes, recomputing project graph...
[NX v20.8.4 Daemon Server] - 2026-10-03T05:43:41.864Z - [REQUEST]: .nx/workspace-data/file-map.json,.nx/workspace-data/source-maps.json,.nx/workspace-data/project-graph.json
[NX v20.8.4 Daemon Server] - 2026-10-03T05:43:41.864Z - [REQUEST]: .nx/workspace-data/project-graph.json~d78ed666,.nx/workspace-data/source-maps.json~d78ed666,.nx/workspace-data/file-map.json~d78ed666
[NX v20.8.4 Daemon Server] - 2026-10-03T05:43:41.865Z - Time taken for 'hash changed files from watcher' 0.5048330000026908ms
[NX v20.8.4 Daemon Server] - 2026-10-03T05:43:41.873Z - Time taken for 'build-project-configs' 6.439957999999024ms
[NX v20.8.4 Daemon Server] - 2026-10-03T05:43:41.885Z - [SYNC]: collect registered sync generators
[NX v20.8.4 Daemon Server] - 2026-10-03T05:43:41.885Z - [SYNC]: project graph hash is the same, not collecting task sync generators
[NX v20.8.4 Daemon Server] - 2026-10-03T05:43:41.885Z - [SYNC]: nx.json hash is the same, not collecting global sync generators
[NX v20.8.4 Daemon Server] - 2026-10-03T05:43:41.885Z - Time taken for 'total execution time for createProjectGraph()' 9.955457999996725ms
[NX v20.8.4 Daemon Server] - 2026-10-03T05:43:41.948Z - [WATCHER]: 3 file(s) created or restored, 0 file(s) modified, 3 file(s) deleted
[NX v20.8.4 Daemon Server] - 2026-10-03T05:43:42.049Z - [REQUEST]: Updated workspace context based on watched changes, recomputing project graph...
[NX v20.8.4 Daemon Server] - 2026-10-03T05:43:42.049Z - [REQUEST]: .nx/workspace-data/source-maps.json,.nx/workspace-data/file-map.json,.nx/workspace-data/project-graph.json
[NX v20.8.4 Daemon Server] - 2026-10-03T05:43:42.050Z - [REQUEST]: .nx/workspace-data/file-map.json~b7b80f43,.nx/workspace-data/project-graph.json~b7b80f43,.nx/workspace-data/source-maps.json~b7b80f43
[NX v20.8.4 Daemon Server] - 2026-10-03T05:43:42.051Z - Time taken for 'hash changed files from watcher' 0.4552499999990687ms
[NX v20.8.4 Daemon Server] - 2026-10-03T05:43:42.060Z - Time taken for 'build-project-configs' 7.420874999999796ms
[NX v20.8.4 Daemon Server] - 2026-10-03T05:43:42.073Z - [SYNC]: collect registered sync generators
[NX v20.8.4 Daemon Server] - 2026-10-03T05:43:42.073Z - [SYNC]: project graph hash is the same, not collecting task sync generators
[NX v20.8.4 Daemon Server] - 2026-10-03T05:43:42.073Z - [SYNC]: nx.json hash is the same, not collecting global sync generators
[NX v20.8.4 Daemon Server] - 2026-10-03T05:43:42.074Z - Time taken for 'total execution time for createProjectGraph()' 10.53862499999741ms
[NX v20.8.4 Daemon Server] - 2026-10-03T05:43:42.146Z - [WATCHER]: 3 file(s) created or restored, 0 file(s) modified, 3 file(s) deleted
[NX v20.8.4 Daemon Server] - 2026-10-03T05:43:42.246Z - [REQUEST]: Updated workspace context based on watched changes, recomputing project graph...
[NX v20.8.4 Daemon Server] - 2026-10-03T05:43:42.246Z - [REQUEST]: .nx/workspace-data/project-graph.json,.nx/workspace-data/source-maps.json,.nx/workspace-data/file-map.json
[NX v20.8.4 Daemon Server] - 2026-10-03T05:43:42.246Z - [REQUEST]: .nx/workspace-data/project-graph.json~e2951f05,.nx/workspace-data/file-map.json~e2951f05,.nx/workspace-data/source-maps.json~e2951f05
[NX v20.8.4 Daemon Server] - 2026-10-03T05:43:42.247Z - Time taken for 'hash changed files from watcher' 0.49887499999749707ms
[NX v20.8.4 Daemon Server] - 2026-10-03T05:43:42.256Z - Time taken for 'build-project-configs' 7.621125000001484ms
[NX v20.8.4 Daemon Server] - 2026-10-03T05:43:42.269Z - [SYNC]: collect registered sync generators
[NX v20.8.4 Daemon Server] - 2026-10-03T05:43:42.269Z - [SYNC]: project graph hash is the same, not collecting task sync generators
[NX v20.8.4 Daemon Server] - 2026-10-03T05:43:42.269Z - [SYNC]: nx.json hash is the same, not collecting global sync generators
[NX v20.8.4 Daemon Server] - 2026-10-03T05:43:42.269Z - Time taken for 'total execution time for createProjectGraph()' 10.032875000000786ms
[NX v20.8.4 Daemon Server] - 2026-10-03T05:43:42.332Z - [WATCHER]: 3 file(s) created or restored, 0 file(s) modified, 3 file(s) deleted
[NX v20.8.4 Daemon Server] - 2026-10-03T05:43:42.433Z - [REQUEST]: Updated workspace context based on watched changes, recomputing project graph...
[NX v20.8.4 Daemon Server] - 2026-10-03T05:43:42.433Z - [REQUEST]: .nx/workspace-data/project-graph.json,.nx/workspace-data/file-map.json,.nx/workspace-data/source-maps.json
[NX v20.8.4 Daemon Server] - 2026-10-03T05:43:42.433Z - [REQUEST]: .nx/workspace-data/source-maps.json~eb77297c,.nx/workspace-data/file-map.json~eb77297c,.nx/workspace-data/project-graph.json~eb77297c
[NX v20.8.4 Daemon Server] - 2026-10-03T05:43:42.434Z - Time taken for 'hash changed files from watcher' 0.38237500000104774ms
[NX v20.8.4 Daemon Server] - 2026-10-03T05:43:42.442Z - Time taken for 'build-project-configs' 6.6854590000002645ms
[NX v20.8.4 Daemon Server] - 2026-10-03T05:43:42.455Z - [SYNC]: collect registered sync generators
[NX v20.8.4 Daemon Server] - 2026-10-03T05:43:42.455Z - [SYNC]: project graph hash is the same, not collecting task sync generators
[NX v20.8.4 Daemon Server] - 2026-10-03T05:43:42.455Z - [SYNC]: nx.json hash is the same, not collecting global sync generators
[NX v20.8.4 Daemon Server] - 2026-10-03T05:43:42.456Z - Time taken for 'total execution time for createProjectGraph()' 10.185499999999593ms
[NX v20.8.4 Daemon Server] - 2026-10-03T05:43:42.520Z - [WATCHER]: 3 file(s) created or restored, 0 file(s) modified, 3 file(s) deleted
[NX v20.8.4 Daemon Server] - 2026-10-03T05:43:42.621Z - [REQUEST]: Updated workspace context based on watched changes, recomputing project graph...
[NX v20.8.4 Daemon Server] - 2026-10-03T05:43:42.621Z - [REQUEST]: .nx/workspace-data/source-maps.json,.nx/workspace-data/project-graph.json,.nx/workspace-data/file-map.json
[NX v20.8.4 Daemon Server] - 2026-10-03T05:43:42.622Z - [REQUEST]: .nx/workspace-data/source-maps.json~40f61e92,.nx/workspace-data/project-graph.json~40f61e92,.nx/workspace-data/file-map.json~40f61e92
[NX v20.8.4 Daemon Server] - 2026-10-03T05:43:42.623Z - Time taken for 'hash changed files from watcher' 0.542542000002868ms
[NX v20.8.4 Daemon Server] - 2026-10-03T05:43:42.630Z - Time taken for 'build-project-configs' 6.472334000001865ms
[NX v20.8.4 Daemon Server] - 2026-10-03T05:43:42.644Z - [SYNC]: collect registered sync generators
[NX v20.8.4 Daemon Server] - 2026-10-03T05:43:42.644Z - [SYNC]: project graph hash is the same, not collecting task sync generators
[NX v20.8.4 Daemon Server] - 2026-10-03T05:43:42.644Z - [SYNC]: nx.json hash is the same, not collecting global sync generators
[NX v20.8.4 Daemon Server] - 2026-10-03T05:43:42.644Z - Time taken for 'total execution time for createProjectGraph()' 10.490916999999172ms
[NX v20.8.4 Daemon Server] - 2026-10-03T05:43:42.712Z - [WATCHER]: 3 file(s) created or restored, 0 file(s) modified, 3 file(s) deleted
[NX v20.8.4 Daemon Server] - 2026-10-03T05:43:42.813Z - [REQUEST]: Updated workspace context based on watched changes, recomputing project graph...
[NX v20.8.4 Daemon Server] - 2026-10-03T05:43:42.813Z - [REQUEST]: .nx/workspace-data/source-maps.json,.nx/workspace-data/file-map.json,.nx/workspace-data/project-graph.json
[NX v20.8.4 Daemon Server] - 2026-10-03T05:43:42.813Z - [REQUEST]: .nx/workspace-data/project-graph.json~45e2d1dc,.nx/workspace-data/file-map.json~45e2d1dc,.nx/workspace-data/source-maps.json~45e2d1dc
[NX v20.8.4 Daemon Server] - 2026-10-03T05:43:42.814Z - Time taken for 'hash changed files from watcher' 0.48091700000077253ms
[NX v20.8.4 Daemon Server] - 2026-10-03T05:43:42.823Z - Time taken for 'build-project-configs' 7.4621250000018335ms
[NX v20.8.4 Daemon Server] - 2026-10-03T05:43:42.836Z - [SYNC]: collect registered sync generators
[NX v20.8.4 Daemon Server] - 2026-10-03T05:43:42.836Z - [SYNC]: project graph hash is the same, not collecting task sync generators
[NX v20.8.4 Daemon Server] - 2026-10-03T05:43:42.837Z - [SYNC]: nx.json hash is the same, not collecting global sync generators
[NX v20.8.4 Daemon Server] - 2026-10-03T05:43:42.837Z - Time taken for 'total execution time for createProjectGraph()' 10.250374999999622ms
[NX v20.8.4 Daemon Server] - 2026-10-03T05:43:42.900Z - [WATCHER]: 3 file(s) created or restored, 0 file(s) modified, 3 file(s) deleted
[NX v20.8.4 Daemon Server] - 2026-10-03T05:43:43.001Z - [REQUEST]: Updated workspace context based on watched changes, recomputing project graph...
[NX v20.8.4 Daemon Server] - 2026-10-03T05:43:43.001Z - [REQUEST]: .nx/workspace-data/project-graph.json,.nx/workspace-data/source-maps.json,.nx/workspace-data/file-map.json
[NX v20.8.4 Daemon Server] - 2026-10-03T05:43:43.001Z - [REQUEST]: .nx/workspace-data/file-map.json~ad687d50,.nx/workspace-data/project-graph.json~ad687d50,.nx/workspace-data/source-maps.json~ad687d50
[NX v20.8.4 Daemon Server] - 2026-10-03T05:43:43.002Z - Time taken for 'hash changed files from watcher' 0.4581660000003467ms
[NX v20.8.4 Daemon Server] - 2026-10-03T05:43:43.010Z - Time taken for 'build-project-configs' 6.999374999999418ms
[NX v20.8.4 Daemon Server] - 2026-10-03T05:43:43.023Z - [SYNC]: collect registered sync generators
[NX v20.8.4 Daemon Server] - 2026-10-03T05:43:43.023Z - [SYNC]: project graph hash is the same, not collecting task sync generators
[NX v20.8.4 Daemon Server] - 2026-10-03T05:43:43.023Z - [SYNC]: nx.json hash is the same, not collecting global sync generators
[NX v20.8.4 Daemon Server] - 2026-10-03T05:43:43.023Z - Time taken for 'total execution time for createProjectGraph()' 9.763707999998587ms
[NX v20.8.4 Daemon Server] - 2026-10-03T05:43:43.088Z - [WATCHER]: 3 file(s) created or restored, 0 file(s) modified, 3 file(s) deleted
[NX v20.8.4 Daemon Server] - 2026-10-03T05:43:43.189Z - [REQUEST]: Updated workspace context based on watched changes, recomputing project graph...
[NX v20.8.4 Daemon Server] - 2026-10-03T05:43:43.189Z - [REQUEST]: .nx/workspace-data/project-graph.json,.nx/workspace-data/file-map.json,.nx/workspace-data/source-maps.json
[NX v20.8.4 Daemon Server] - 2026-10-03T05:43:43.189Z - [REQUEST]: .nx/workspace-data/file-map.json~be63acad,.nx/workspace-data/source-maps.json~be63acad,.nx/workspace-data/project-graph.json~be63acad
[NX v20.8.4 Daemon Server] - 2026-10-03T05:43:43.190Z - Time taken for 'hash changed files from watcher' 0.39029200000004494ms
[NX v20.8.4 Daemon Server] - 2026-10-03T05:43:43.198Z - Time taken for 'build-project-configs' 6.676250000000437ms
[NX v20.8.4 Daemon Server] - 2026-10-03T05:43:43.211Z - [SYNC]: collect registered sync generators
[NX v20.8.4 Daemon Server] - 2026-10-03T05:43:43.211Z - [SYNC]: project graph hash is the same, not collecting task sync generators
[NX v20.8.4 Daemon Server] - 2026-10-03T05:43:43.211Z - [SYNC]: nx.json hash is the same, not collecting global sync generators
[NX v20.8.4 Daemon Server] - 2026-10-03T05:43:43.211Z - Time taken for 'total execution time for createProjectGraph()' 10.04266600000119ms
[NX v20.8.4 Daemon Server] - 2026-10-03T05:43:43.278Z - [WATCHER]: 3 file(s) created or restored, 0 file(s) modified, 3 file(s) deleted
[NX v20.8.4 Daemon Server] - 2026-10-03T05:43:43.380Z - [REQUEST]: Updated workspace context based on watched changes, recomputing project graph...
[NX v20.8.4 Daemon Server] - 2026-10-03T05:43:43.380Z - [REQUEST]: .nx/workspace-data/project-graph.json,.nx/workspace-data/source-maps.json,.nx/workspace-data/file-map.json
[NX v20.8.4 Daemon Server] - 2026-10-03T05:43:43.380Z - [REQUEST]: .nx/workspace-data/source-maps.json~7cf93cdf,.nx/workspace-data/file-map.json~7cf93cdf,.nx/workspace-data/project-graph.json~7cf93cdf
[NX v20.8.4 Daemon Server] - 2026-10-03T05:43:43.381Z - Time taken for 'hash changed files from watcher' 0.4520830000001297ms
[NX v20.8.4 Daemon Server] - 2026-10-03T05:43:43.390Z - Time taken for 'build-project-configs' 7.716791000002559ms
[NX v20.8.4 Daemon Server] - 2026-10-03T05:43:43.403Z - [SYNC]: collect registered sync generators
[NX v20.8.4 Daemon Server] - 2026-10-03T05:43:43.403Z - [SYNC]: project graph hash is the same, not collecting task sync generators
[NX v20.8.4 Daemon Server] - 2026-10-03T05:43:43.403Z - [SYNC]: nx.json hash is the same, not collecting global sync generators
[NX v20.8.4 Daemon Server] - 2026-10-03T05:43:43.403Z - Time taken for 'total execution time for createProjectGraph()' 9.604499999997643ms
[NX v20.8.4 Daemon Server] - 2026-10-03T05:43:43.466Z - [WATCHER]: 3 file(s) created or restored, 0 file(s) modified, 3 file(s) deleted
[NX v20.8.4 Daemon Server] - 2026-10-03T05:43:43.568Z - [REQUEST]: Updated workspace context based on watched changes, recomputing project graph...
[NX v20.8.4 Daemon Server] - 2026-10-03T05:43:43.568Z - [REQUEST]: .nx/workspace-data/project-graph.json,.nx/workspace-data/source-maps.json,.nx/workspace-data/file-map.json
[NX v20.8.4 Daemon Server] - 2026-10-03T05:43:43.568Z - [REQUEST]: .nx/workspace-data/file-map.json~f2d38e60,.nx/workspace-data/source-maps.json~f2d38e60,.nx/workspace-data/project-graph.json~f2d38e60
[NX v20.8.4 Daemon Server] - 2026-10-03T05:43:43.569Z - Time taken for 'hash changed files from watcher' 0.41154200000164565ms
[NX v20.8.4 Daemon Server] - 2026-10-03T05:43:43.577Z - Time taken for 'build-project-configs' 6.411499999998341ms
[NX v20.8.4 Daemon Server] - 2026-10-03T05:43:43.591Z - [SYNC]: collect registered sync generators
[NX v20.8.4 Daemon Server] - 2026-10-03T05:43:43.591Z - [SYNC]: project graph hash is the same, not collecting task sync generators
[NX v20.8.4 Daemon Server] - 2026-10-03T05:43:43.591Z - [SYNC]: nx.json hash is the same, not collecting global sync generators
[NX v20.8.4 Daemon Server] - 2026-10-03T05:43:43.591Z - Time taken for 'total execution time for createProjectGraph()' 11.089374999999563ms
[NX v20.8.4 Daemon Server] - 2026-10-03T05:43:43.653Z - [WATCHER]: 3 file(s) created or restored, 0 file(s) modified, 3 file(s) deleted
[NX v20.8.4 Daemon Server] - 2026-10-03T05:43:43.755Z - [REQUEST]: Updated workspace context based on watched changes, recomputing project graph...
[NX v20.8.4 Daemon Server] - 2026-10-03T05:43:43.755Z - [REQUEST]: .nx/workspace-data/project-graph.json,.nx/workspace-data/file-map.json,.nx/workspace-data/source-maps.json
[NX v20.8.4 Daemon Server] - 2026-10-03T05:43:43.755Z - [REQUEST]: .nx/workspace-data/source-maps.json~90707a3c,.nx/workspace-data/project-graph.json~90707a3c,.nx/workspace-data/file-map.json~90707a3c
[NX v20.8.4 Daemon Server] - 2026-10-03T05:43:43.756Z - Time taken for 'hash changed files from watcher' 0.4794999999976426ms
[NX v20.8.4 Daemon Server] - 2026-10-03T05:43:43.764Z - Time taken for 'build-project-configs' 6.271082999999635ms
[NX v20.8.4 Daemon Server] - 2026-10-03T05:43:43.776Z - [SYNC]: collect registered sync generators
[NX v20.8.4 Daemon Server] - 2026-10-03T05:43:43.777Z - [SYNC]: project graph hash is the same, not collecting task sync generators
[NX v20.8.4 Daemon Server] - 2026-10-03T05:43:43.777Z - [SYNC]: nx.json hash is the same, not collecting global sync generators
[NX v20.8.4 Daemon Server] - 2026-10-03T05:43:43.777Z - Time taken for 'total execution time for createProjectGraph()' 9.508041999997658ms
[NX v20.8.4 Daemon Server] - 2026-10-03T05:43:43.846Z - [WATCHER]: 3 file(s) created or restored, 0 file(s) modified, 3 file(s) deleted
[NX v20.8.4 Daemon Server] - 2026-10-03T05:43:43.947Z - [REQUEST]: Updated workspace context based on watched changes, recomputing project graph...
[NX v20.8.4 Daemon Server] - 2026-10-03T05:43:43.947Z - [REQUEST]: .nx/workspace-data/project-graph.json,.nx/workspace-data/file-map.json,.nx/workspace-data/source-maps.json
[NX v20.8.4 Daemon Server] - 2026-10-03T05:43:43.947Z - [REQUEST]: .nx/workspace-data/source-maps.json~1bdef0f2,.nx/workspace-data/project-graph.json~1bdef0f2,.nx/workspace-data/file-map.json~1bdef0f2
[NX v20.8.4 Daemon Server] - 2026-10-03T05:43:43.948Z - Time taken for 'hash changed files from watcher' 0.600957999999082ms
[NX v20.8.4 Daemon Server] - 2026-10-03T05:43:43.957Z - Time taken for 'build-project-configs' 7.287125000002561ms
[NX v20.8.4 Daemon Server] - 2026-10-03T05:43:43.971Z - [SYNC]: collect registered sync generators
[NX v20.8.4 Daemon Server] - 2026-10-03T05:43:43.971Z - [SYNC]: project graph hash is the same, not collecting task sync generators
[NX v20.8.4 Daemon Server] - 2026-10-03T05:43:43.971Z - [SYNC]: nx.json hash is the same, not collecting global sync generators
[NX v20.8.4 Daemon Server] - 2026-10-03T05:43:43.971Z - Time taken for 'total execution time for createProjectGraph()' 11.319417000002431ms
[NX v20.8.4 Daemon Server] - 2026-10-03T05:43:44.035Z - [WATCHER]: 3 file(s) created or restored, 0 file(s) modified, 3 file(s) deleted
[NX v20.8.4 Daemon Server] - 2026-10-03T05:43:44.136Z - [REQUEST]: Updated workspace context based on watched changes, recomputing project graph...
[NX v20.8.4 Daemon Server] - 2026-10-03T05:43:44.136Z - [REQUEST]: .nx/workspace-data/project-graph.json,.nx/workspace-data/source-maps.json,.nx/workspace-data/file-map.json
[NX v20.8.4 Daemon Server] - 2026-10-03T05:43:44.136Z - [REQUEST]: .nx/workspace-data/file-map.json~c811ac87,.nx/workspace-data/project-graph.json~c811ac87,.nx/workspace-data/source-maps.json~c811ac87
[NX v20.8.4 Daemon Server] - 2026-10-03T05:43:44.137Z - Time taken for 'hash changed files from watcher' 0.43412499999976717ms
[NX v20.8.4 Daemon Server] - 2026-10-03T05:43:44.144Z - Time taken for 'build-project-configs' 5.9088340000016615ms
[NX v20.8.4 Daemon Server] - 2026-10-03T05:43:44.157Z - [SYNC]: collect registered sync generators
[NX v20.8.4 Daemon Server] - 2026-10-03T05:43:44.157Z - [SYNC]: project graph hash is the same, not collecting task sync generators
[NX v20.8.4 Daemon Server] - 2026-10-03T05:43:44.157Z - [SYNC]: nx.json hash is the same, not collecting global sync generators
[NX v20.8.4 Daemon Server] - 2026-10-03T05:43:44.157Z - Time taken for 'total execution time for createProjectGraph()' 9.776832999999897ms
[NX v20.8.4 Daemon Server] - 2026-10-03T05:43:44.220Z - [WATCHER]: 3 file(s) created or restored, 0 file(s) modified, 3 file(s) deleted
[NX v20.8.4 Daemon Server] - 2026-10-03T05:43:44.322Z - [REQUEST]: Updated workspace context based on watched changes, recomputing project graph...
[NX v20.8.4 Daemon Server] - 2026-10-03T05:43:44.322Z - [REQUEST]: .nx/workspace-data/file-map.json,.nx/workspace-data/project-graph.json,.nx/workspace-data/source-maps.json
[NX v20.8.4 Daemon Server] - 2026-10-03T05:43:44.322Z - [REQUEST]: .nx/workspace-data/source-maps.json~e9367e75,.nx/workspace-data/file-map.json~e9367e75,.nx/workspace-data/project-graph.json~e9367e75
[NX v20.8.4 Daemon Server] - 2026-10-03T05:43:44.323Z - Time taken for 'hash changed files from watcher' 1.911707999999635ms
[NX v20.8.4 Daemon Server] - 2026-10-03T05:43:44.331Z - Time taken for 'build-project-configs' 6.325790999999299ms
[NX v20.8.4 Daemon Server] - 2026-10-03T05:43:44.343Z - [SYNC]: collect registered sync generators
[NX v20.8.4 Daemon Server] - 2026-10-03T05:43:44.344Z - [SYNC]: project graph hash is the same, not collecting task sync generators
[NX v20.8.4 Daemon Server] - 2026-10-03T05:43:44.344Z - [SYNC]: nx.json hash is the same, not collecting global sync generators
[NX v20.8.4 Daemon Server] - 2026-10-03T05:43:44.344Z - Time taken for 'total execution time for createProjectGraph()' 10.180707999999868ms
[NX v20.8.4 Daemon Server] - 2026-10-03T05:43:44.410Z - [WATCHER]: 3 file(s) created or restored, 0 file(s) modified, 3 file(s) deleted
[NX v20.8.4 Daemon Server] - 2026-10-03T05:43:44.510Z - [REQUEST]: Updated workspace context based on watched changes, recomputing project graph...
[NX v20.8.4 Daemon Server] - 2026-10-03T05:43:44.510Z - [REQUEST]: .nx/workspace-data/source-maps.json,.nx/workspace-data/project-graph.json,.nx/workspace-data/file-map.json
[NX v20.8.4 Daemon Server] - 2026-10-03T05:43:44.510Z - [REQUEST]: .nx/workspace-data/project-graph.json~a9507310,.nx/workspace-data/file-map.json~a9507310,.nx/workspace-data/source-maps.json~a9507310
[NX v20.8.4 Daemon Server] - 2026-10-03T05:43:44.511Z - Time taken for 'hash changed files from watcher' 0.5131249999976717ms
[NX v20.8.4 Daemon Server] - 2026-10-03T05:43:44.520Z - Time taken for 'build-project-configs' 7.536291000000347ms
[NX v20.8.4 Daemon Server] - 2026-10-03T05:43:44.533Z - [SYNC]: collect registered sync generators
[NX v20.8.4 Daemon Server] - 2026-10-03T05:43:44.533Z - [SYNC]: project graph hash is the same, not collecting task sync generators
[NX v20.8.4 Daemon Server] - 2026-10-03T05:43:44.533Z - [SYNC]: nx.json hash is the same, not collecting global sync generators
[NX v20.8.4 Daemon Server] - 2026-10-03T05:43:44.533Z - Time taken for 'total execution time for createProjectGraph()' 10.00383299999885ms
[NX v20.8.4 Daemon Server] - 2026-10-03T05:43:44.597Z - [WATCHER]: 3 file(s) created or restored, 0 file(s) modified, 3 file(s) deleted
[NX v20.8.4 Daemon Server] - 2026-10-03T05:43:44.697Z - [REQUEST]: Updated workspace context based on watched changes, recomputing project graph...
[NX v20.8.4 Daemon Server] - 2026-10-03T05:43:44.697Z - [REQUEST]: .nx/workspace-data/project-graph.json,.nx/workspace-data/file-map.json,.nx/workspace-data/source-maps.json
[NX v20.8.4 Daemon Server] - 2026-10-03T05:43:44.697Z - [REQUEST]: .nx/workspace-data/project-graph.json~0bbe0697,.nx/workspace-data/source-maps.json~0bbe0697,.nx/workspace-data/file-map.json~0bbe0697
[NX v20.8.4 Daemon Server] - 2026-10-03T05:43:44.698Z - Time taken for 'hash changed files from watcher' 0.45779100000072503ms
[NX v20.8.4 Daemon Server] - 2026-10-03T05:43:44.707Z - Time taken for 'build-project-configs' 6.8315829999992275ms
[NX v20.8.4 Daemon Server] - 2026-10-03T05:43:44.720Z - [SYNC]: collect registered sync generators
[NX v20.8.4 Daemon Server] - 2026-10-03T05:43:44.720Z - [SYNC]: project graph hash is the same, not collecting task sync generators
[NX v20.8.4 Daemon Server] - 2026-10-03T05:43:44.720Z - [SYNC]: nx.json hash is the same, not collecting global sync generators
[NX v20.8.4 Daemon Server] - 2026-10-03T05:43:44.720Z - Time taken for 'total execution time for createProjectGraph()' 10.05158400000073ms
[NX v20.8.4 Daemon Server] - 2026-10-03T05:43:44.786Z - [WATCHER]: 3 file(s) created or restored, 0 file(s) modified, 3 file(s) deleted
[NX v20.8.4 Daemon Server] - 2026-10-03T05:43:44.887Z - [REQUEST]: Updated workspace context based on watched changes, recomputing project graph...
[NX v20.8.4 Daemon Server] - 2026-10-03T05:43:44.887Z - [REQUEST]: .nx/workspace-data/file-map.json,.nx/workspace-data/project-graph.json,.nx/workspace-data/source-maps.json
[NX v20.8.4 Daemon Server] - 2026-10-03T05:43:44.887Z - [REQUEST]: .nx/workspace-data/file-map.json~b68d8228,.nx/workspace-data/project-graph.json~b68d8228,.nx/workspace-data/source-maps.json~b68d8228
[NX v20.8.4 Daemon Server] - 2026-10-03T05:43:44.889Z - Time taken for 'hash changed files from watcher' 0.5001249999986612ms
[NX v20.8.4 Daemon Server] - 2026-10-03T05:43:44.898Z - Time taken for 'build-project-configs' 7.775707999997394ms
[NX v20.8.4 Daemon Server] - 2026-10-03T05:43:44.912Z - [SYNC]: collect registered sync generators
[NX v20.8.4 Daemon Server] - 2026-10-03T05:43:44.912Z - [SYNC]: project graph hash is the same, not collecting task sync generators
[NX v20.8.4 Daemon Server] - 2026-10-03T05:43:44.912Z - [SYNC]: nx.json hash is the same, not collecting global sync generators
[NX v20.8.4 Daemon Server] - 2026-10-03T05:43:44.912Z - Time taken for 'total execution time for createProjectGraph()' 11.153167000000394ms
[NX v20.8.4 Daemon Server] - 2026-10-03T05:43:44.976Z - [WATCHER]: 3 file(s) created or restored, 0 file(s) modified, 3 file(s) deleted
[NX v20.8.4 Daemon Server] - 2026-10-03T05:43:45.088Z - [REQUEST]: Updated workspace context based on watched changes, recomputing project graph...
[NX v20.8.4 Daemon Server] - 2026-10-03T05:43:45.088Z - [REQUEST]: .nx/workspace-data/source-maps.json,.nx/workspace-data/file-map.json,.nx/workspace-data/project-graph.json
[NX v20.8.4 Daemon Server] - 2026-10-03T05:43:45.088Z - [REQUEST]: .nx/workspace-data/project-graph.json~65c9a5b1,.nx/workspace-data/file-map.json~65c9a5b1,.nx/workspace-data/source-maps.json~65c9a5b1
[NX v20.8.4 Daemon Server] - 2026-10-03T05:43:45.089Z - Time taken for 'hash changed files from watcher' 10.322082999999111ms
[NX v20.8.4 Daemon Server] - 2026-10-03T05:43:45.098Z - Time taken for 'build-project-configs' 7.495458000001236ms
[NX v20.8.4 Daemon Server] - 2026-10-03T05:43:45.111Z - [SYNC]: collect registered sync generators
[NX v20.8.4 Daemon Server] - 2026-10-03T05:43:45.111Z - [SYNC]: project graph hash is the same, not collecting task sync generators
[NX v20.8.4 Daemon Server] - 2026-10-03T05:43:45.111Z - [SYNC]: nx.json hash is the same, not collecting global sync generators
[NX v20.8.4 Daemon Server] - 2026-10-03T05:43:45.111Z - Time taken for 'total execution time for createProjectGraph()' 9.601125000001048ms
[NX v20.8.4 Daemon Server] - 2026-10-03T05:43:45.173Z - [WATCHER]: 3 file(s) created or restored, 0 file(s) modified, 3 file(s) deleted
[NX v20.8.4 Daemon Server] - 2026-10-03T05:43:45.284Z - [REQUEST]: Updated workspace context based on watched changes, recomputing project graph...
[NX v20.8.4 Daemon Server] - 2026-10-03T05:43:45.284Z - [REQUEST]: .nx/workspace-data/project-graph.json,.nx/workspace-data/source-maps.json,.nx/workspace-data/file-map.json
[NX v20.8.4 Daemon Server] - 2026-10-03T05:43:45.284Z - [REQUEST]: .nx/workspace-data/file-map.json~65e52b6d,.nx/workspace-data/project-graph.json~65e52b6d,.nx/workspace-data/source-maps.json~65e52b6d
[NX v20.8.4 Daemon Server] - 2026-10-03T05:43:45.285Z - Time taken for 'hash changed files from watcher' 10.317084000002069ms
[NX v20.8.4 Daemon Server] - 2026-10-03T05:43:45.293Z - Time taken for 'build-project-configs' 6.260790999996971ms
[NX v20.8.4 Daemon Server] - 2026-10-03T05:43:45.308Z - [SYNC]: collect registered sync generators
[NX v20.8.4 Daemon Server] - 2026-10-03T05:43:45.308Z - [SYNC]: project graph hash is the same, not collecting task sync generators
[NX v20.8.4 Daemon Server] - 2026-10-03T05:43:45.309Z - [SYNC]: nx.json hash is the same, not collecting global sync generators
[NX v20.8.4 Daemon Server] - 2026-10-03T05:43:45.309Z - Time taken for 'total execution time for createProjectGraph()' 12.085416999998415ms
[NX v20.8.4 Daemon Server] - 2026-10-03T05:43:45.374Z - [WATCHER]: 3 file(s) created or restored, 0 file(s) modified, 3 file(s) deleted
[NX v20.8.4 Daemon Server] - 2026-10-03T05:43:45.476Z - [REQUEST]: Updated workspace context based on watched changes, recomputing project graph...
[NX v20.8.4 Daemon Server] - 2026-10-03T05:43:45.476Z - [REQUEST]: .nx/workspace-data/source-maps.json,.nx/workspace-data/project-graph.json,.nx/workspace-data/file-map.json
[NX v20.8.4 Daemon Server] - 2026-10-03T05:43:45.476Z - [REQUEST]: .nx/workspace-data/project-graph.json~d4ca85a9,.nx/workspace-data/source-maps.json~d4ca85a9,.nx/workspace-data/file-map.json~d4ca85a9
[NX v20.8.4 Daemon Server] - 2026-10-03T05:43:45.478Z - Time taken for 'hash changed files from watcher' 0.6288750000021537ms
[NX v20.8.4 Daemon Server] - 2026-10-03T05:43:45.486Z - Time taken for 'build-project-configs' 6.379250000001775ms
[NX v20.8.4 Daemon Server] - 2026-10-03T05:43:45.499Z - [SYNC]: collect registered sync generators
[NX v20.8.4 Daemon Server] - 2026-10-03T05:43:45.500Z - [SYNC]: project graph hash is the same, not collecting task sync generators
[NX v20.8.4 Daemon Server] - 2026-10-03T05:43:45.500Z - [SYNC]: nx.json hash is the same, not collecting global sync generators
[NX v20.8.4 Daemon Server] - 2026-10-03T05:43:45.500Z - Time taken for 'total execution time for createProjectGraph()' 10.956458999997267ms
[NX v20.8.4 Daemon Server] - 2026-10-03T05:43:45.564Z - [WATCHER]: 3 file(s) created or restored, 0 file(s) modified, 3 file(s) deleted
[NX v20.8.4 Daemon Server] - 2026-10-03T05:43:45.665Z - [REQUEST]: Updated workspace context based on watched changes, recomputing project graph...
[NX v20.8.4 Daemon Server] - 2026-10-03T05:43:45.665Z - [REQUEST]: .nx/workspace-data/file-map.json,.nx/workspace-data/source-maps.json,.nx/workspace-data/project-graph.json
[NX v20.8.4 Daemon Server] - 2026-10-03T05:43:45.665Z - [REQUEST]: .nx/workspace-data/source-maps.json~0ac95177,.nx/workspace-data/project-graph.json~0ac95177,.nx/workspace-data/file-map.json~0ac95177
[NX v20.8.4 Daemon Server] - 2026-10-03T05:43:45.666Z - Time taken for 'hash changed files from watcher' 0.5429579999981797ms
[NX v20.8.4 Daemon Server] - 2026-10-03T05:43:45.675Z - Time taken for 'build-project-configs' 7.436750000000757ms
[NX v20.8.4 Daemon Server] - 2026-10-03T05:43:45.687Z - [SYNC]: collect registered sync generators
[NX v20.8.4 Daemon Server] - 2026-10-03T05:43:45.687Z - [SYNC]: project graph hash is the same, not collecting task sync generators
[NX v20.8.4 Daemon Server] - 2026-10-03T05:43:45.688Z - [SYNC]: nx.json hash is the same, not collecting global sync generators
[NX v20.8.4 Daemon Server] - 2026-10-03T05:43:45.688Z - Time taken for 'total execution time for createProjectGraph()' 9.905416999998124ms
[NX v20.8.4 Daemon Server] - 2026-10-03T05:43:45.755Z - [WATCHER]: 3 file(s) created or restored, 0 file(s) modified, 3 file(s) deleted
[NX v20.8.4 Daemon Server] - 2026-10-03T05:43:45.857Z - [REQUEST]: Updated workspace context based on watched changes, recomputing project graph...
[NX v20.8.4 Daemon Server] - 2026-10-03T05:43:45.857Z - [REQUEST]: .nx/workspace-data/source-maps.json,.nx/workspace-data/file-map.json,.nx/workspace-data/project-graph.json
[NX v20.8.4 Daemon Server] - 2026-10-03T05:43:45.857Z - [REQUEST]: .nx/workspace-data/source-maps.json~bff34ac3,.nx/workspace-data/project-graph.json~bff34ac3,.nx/workspace-data/file-map.json~bff34ac3
[NX v20.8.4 Daemon Server] - 2026-10-03T05:43:45.858Z - Time taken for 'hash changed files from watcher' 0.4798750000009022ms
[NX v20.8.4 Daemon Server] - 2026-10-03T05:43:45.865Z - Time taken for 'build-project-configs' 6.151832999999897ms
[NX v20.8.4 Daemon Server] - 2026-10-03T05:43:45.877Z - [SYNC]: collect registered sync generators
[NX v20.8.4 Daemon Server] - 2026-10-03T05:43:45.877Z - [SYNC]: project graph hash is the same, not collecting task sync generators
[NX v20.8.4 Daemon Server] - 2026-10-03T05:43:45.877Z - [SYNC]: nx.json hash is the same, not collecting global sync generators
[NX v20.8.4 Daemon Server] - 2026-10-03T05:43:45.877Z - Time taken for 'total execution time for createProjectGraph()' 9.377042000000074ms
[NX v20.8.4 Daemon Server] - 2026-10-03T05:43:45.941Z - [WATCHER]: 3 file(s) created or restored, 0 file(s) modified, 3 file(s) deleted
[NX v20.8.4 Daemon Server] - 2026-10-03T05:43:46.043Z - [REQUEST]: Updated workspace context based on watched changes, recomputing project graph...
[NX v20.8.4 Daemon Server] - 2026-10-03T05:43:46.043Z - [REQUEST]: .nx/workspace-data/project-graph.json,.nx/workspace-data/source-maps.json,.nx/workspace-data/file-map.json
[NX v20.8.4 Daemon Server] - 2026-10-03T05:43:46.043Z - [REQUEST]: .nx/workspace-data/source-maps.json~43e13fed,.nx/workspace-data/file-map.json~43e13fed,.nx/workspace-data/project-graph.json~43e13fed
[NX v20.8.4 Daemon Server] - 2026-10-03T05:43:46.054Z - Time taken for 'hash changed files from watcher' 0.41899999999805004ms
[NX v20.8.4 Daemon Server] - 2026-10-03T05:43:46.062Z - Time taken for 'build-project-configs' 6.487499999999272ms
[NX v20.8.4 Daemon Server] - 2026-10-03T05:43:46.074Z - [SYNC]: collect registered sync generators
[NX v20.8.4 Daemon Server] - 2026-10-03T05:43:46.074Z - [SYNC]: project graph hash is the same, not collecting task sync generators
[NX v20.8.4 Daemon Server] - 2026-10-03T05:43:46.074Z - [SYNC]: nx.json hash is the same, not collecting global sync generators
[NX v20.8.4 Daemon Server] - 2026-10-03T05:43:46.074Z - Time taken for 'total execution time for createProjectGraph()' 9.893582999997307ms
[NX v20.8.4 Daemon Server] - 2026-10-03T05:43:46.137Z - [WATCHER]: 3 file(s) created or restored, 0 file(s) modified, 3 file(s) deleted
[NX v20.8.4 Daemon Server] - 2026-10-03T05:43:46.239Z - [REQUEST]: Updated workspace context based on watched changes, recomputing project graph...
[NX v20.8.4 Daemon Server] - 2026-10-03T05:43:46.239Z - [REQUEST]: .nx/workspace-data/file-map.json,.nx/workspace-data/project-graph.json,.nx/workspace-data/source-maps.json
[NX v20.8.4 Daemon Server] - 2026-10-03T05:43:46.239Z - [REQUEST]: .nx/workspace-data/file-map.json~96a1eed5,.nx/workspace-data/project-graph.json~96a1eed5,.nx/workspace-data/source-maps.json~96a1eed5
[NX v20.8.4 Daemon Server] - 2026-10-03T05:43:46.240Z - Time taken for 'hash changed files from watcher' 0.4846660000002885ms
[NX v20.8.4 Daemon Server] - 2026-10-03T05:43:46.249Z - Time taken for 'build-project-configs' 7.275041999997484ms
[NX v20.8.4 Daemon Server] - 2026-10-03T05:43:46.261Z - [SYNC]: collect registered sync generators
[NX v20.8.4 Daemon Server] - 2026-10-03T05:43:46.261Z - [SYNC]: project graph hash is the same, not collecting task sync generators
[NX v20.8.4 Daemon Server] - 2026-10-03T05:43:46.261Z - [SYNC]: nx.json hash is the same, not collecting global sync generators
[NX v20.8.4 Daemon Server] - 2026-10-03T05:43:46.261Z - Time taken for 'total execution time for createProjectGraph()' 9.517959000000701ms
[NX v20.8.4 Daemon Server] - 2026-10-03T05:43:46.325Z - [WATCHER]: 3 file(s) created or restored, 0 file(s) modified, 3 file(s) deleted
[NX v20.8.4 Daemon Server] - 2026-10-03T05:43:46.425Z - [REQUEST]: Updated workspace context based on watched changes, recomputing project graph...
[NX v20.8.4 Daemon Server] - 2026-10-03T05:43:46.425Z - [REQUEST]: .nx/workspace-data/project-graph.json,.nx/workspace-data/source-maps.json,.nx/workspace-data/file-map.json
[NX v20.8.4 Daemon Server] - 2026-10-03T05:43:46.425Z - [REQUEST]: .nx/workspace-data/source-maps.json~c6d37227,.nx/workspace-data/file-map.json~c6d37227,.nx/workspace-data/project-graph.json~c6d37227
[NX v20.8.4 Daemon Server] - 2026-10-03T05:43:46.426Z - Time taken for 'hash changed files from watcher' 0.477999999999156ms
[NX v20.8.4 Daemon Server] - 2026-10-03T05:43:46.434Z - Time taken for 'build-project-configs' 6.081249999999272ms
[NX v20.8.4 Daemon Server] - 2026-10-03T05:43:46.446Z - [SYNC]: collect registered sync generators
[NX v20.8.4 Daemon Server] - 2026-10-03T05:43:46.447Z - [SYNC]: project graph hash is the same, not collecting task sync generators
[NX v20.8.4 Daemon Server] - 2026-10-03T05:43:46.447Z - [SYNC]: nx.json hash is the same, not collecting global sync generators
[NX v20.8.4 Daemon Server] - 2026-10-03T05:43:46.447Z - Time taken for 'total execution time for createProjectGraph()' 9.643834000002244ms
[NX v20.8.4 Daemon Server] - 2026-10-03T05:43:46.512Z - [WATCHER]: 3 file(s) created or restored, 0 file(s) modified, 3 file(s) deleted
[NX v20.8.4 Daemon Server] - 2026-10-03T05:43:46.612Z - [REQUEST]: Updated workspace context based on watched changes, recomputing project graph...
[NX v20.8.4 Daemon Server] - 2026-10-03T05:43:46.612Z - [REQUEST]: .nx/workspace-data/file-map.json,.nx/workspace-data/source-maps.json,.nx/workspace-data/project-graph.json
[NX v20.8.4 Daemon Server] - 2026-10-03T05:43:46.612Z - [REQUEST]: .nx/workspace-data/file-map.json~66ef886d,.nx/workspace-data/source-maps.json~66ef886d,.nx/workspace-data/project-graph.json~66ef886d
[NX v20.8.4 Daemon Server] - 2026-10-03T05:43:46.613Z - Time taken for 'hash changed files from watcher' 0.4399169999996957ms
[NX v20.8.4 Daemon Server] - 2026-10-03T05:43:46.622Z - Time taken for 'build-project-configs' 6.761459000001196ms
[NX v20.8.4 Daemon Server] - 2026-10-03T05:43:46.635Z - [SYNC]: collect registered sync generators
[NX v20.8.4 Daemon Server] - 2026-10-03T05:43:46.636Z - [SYNC]: project graph hash is the same, not collecting task sync generators
[NX v20.8.4 Daemon Server] - 2026-10-03T05:43:46.636Z - [SYNC]: nx.json hash is the same, not collecting global sync generators
[NX v20.8.4 Daemon Server] - 2026-10-03T05:43:46.636Z - Time taken for 'total execution time for createProjectGraph()' 10.941000000002532ms
[NX v20.8.4 Daemon Server] - 2026-10-03T05:43:46.699Z - [WATCHER]: 3 file(s) created or restored, 0 file(s) modified, 3 file(s) deleted
[NX v20.8.4 Daemon Server] - 2026-10-03T05:43:46.799Z - [REQUEST]: Updated workspace context based on watched changes, recomputing project graph...
[NX v20.8.4 Daemon Server] - 2026-10-03T05:43:46.799Z - [REQUEST]: .nx/workspace-data/file-map.json,.nx/workspace-data/source-maps.json,.nx/workspace-data/project-graph.json
[NX v20.8.4 Daemon Server] - 2026-10-03T05:43:46.799Z - [REQUEST]: .nx/workspace-data/project-graph.json~38b8bd31,.nx/workspace-data/source-maps.json~38b8bd31,.nx/workspace-data/file-map.json~38b8bd31
[NX v20.8.4 Daemon Server] - 2026-10-03T05:43:46.800Z - Time taken for 'hash changed files from watcher' 0.5244999999995343ms
[NX v20.8.4 Daemon Server] - 2026-10-03T05:43:46.809Z - Time taken for 'build-project-configs' 7.280083999998169ms
[NX v20.8.4 Daemon Server] - 2026-10-03T05:43:46.821Z - [SYNC]: collect registered sync generators
[NX v20.8.4 Daemon Server] - 2026-10-03T05:43:46.822Z - [SYNC]: project graph hash is the same, not collecting task sync generators
[NX v20.8.4 Daemon Server] - 2026-10-03T05:43:46.822Z - [SYNC]: nx.json hash is the same, not collecting global sync generators
[NX v20.8.4 Daemon Server] - 2026-10-03T05:43:46.822Z - Time taken for 'total execution time for createProjectGraph()' 9.61658399999942ms
[NX v20.8.4 Daemon Server] - 2026-10-03T05:43:46.886Z - [WATCHER]: 3 file(s) created or restored, 0 file(s) modified, 3 file(s) deleted
[NX v20.8.4 Daemon Server] - 2026-10-03T05:43:46.987Z - [REQUEST]: Updated workspace context based on watched changes, recomputing project graph...
[NX v20.8.4 Daemon Server] - 2026-10-03T05:43:46.987Z - [REQUEST]: .nx/workspace-data/file-map.json,.nx/workspace-data/source-maps.json,.nx/workspace-data/project-graph.json
[NX v20.8.4 Daemon Server] - 2026-10-03T05:43:46.987Z - [REQUEST]: .nx/workspace-data/project-graph.json~76107850,.nx/workspace-data/file-map.json~76107850,.nx/workspace-data/source-maps.json~76107850
[NX v20.8.4 Daemon Server] - 2026-10-03T05:43:46.988Z - Time taken for 'hash changed files from watcher' 0.6428329999980633ms
[NX v20.8.4 Daemon Server] - 2026-10-03T05:43:46.997Z - Time taken for 'build-project-configs' 6.706334000002244ms
[NX v20.8.4 Daemon Server] - 2026-10-03T05:43:47.009Z - [SYNC]: collect registered sync generators
[NX v20.8.4 Daemon Server] - 2026-10-03T05:43:47.009Z - [SYNC]: project graph hash is the same, not collecting task sync generators
[NX v20.8.4 Daemon Server] - 2026-10-03T05:43:47.009Z - [SYNC]: nx.json hash is the same, not collecting global sync generators
[NX v20.8.4 Daemon Server] - 2026-10-03T05:43:47.009Z - Time taken for 'total execution time for createProjectGraph()' 10.19525000000067ms
[NX v20.8.4 Daemon Server] - 2026-10-03T05:43:47.075Z - [WATCHER]: 3 file(s) created or restored, 0 file(s) modified, 3 file(s) deleted
[NX v20.8.4 Daemon Server] - 2026-10-03T05:43:47.175Z - [REQUEST]: Updated workspace context based on watched changes, recomputing project graph...
[NX v20.8.4 Daemon Server] - 2026-10-03T05:43:47.175Z - [REQUEST]: .nx/workspace-data/source-maps.json,.nx/workspace-data/project-graph.json,.nx/workspace-data/file-map.json
[NX v20.8.4 Daemon Server] - 2026-10-03T05:43:47.175Z - [REQUEST]: .nx/workspace-data/project-graph.json~7b17926b,.nx/workspace-data/source-maps.json~7b17926b,.nx/workspace-data/file-map.json~7b17926b
[NX v20.8.4 Daemon Server] - 2026-10-03T05:43:47.177Z - Time taken for 'hash changed files from watcher' 0.46195799999986775ms
[NX v20.8.4 Daemon Server] - 2026-10-03T05:43:47.184Z - Time taken for 'build-project-configs' 6.395541999998386ms
[NX v20.8.4 Daemon Server] - 2026-10-03T05:43:47.197Z - [SYNC]: collect registered sync generators
[NX v20.8.4 Daemon Server] - 2026-10-03T05:43:47.197Z - [SYNC]: project graph hash is the same, not collecting task sync generators
[NX v20.8.4 Daemon Server] - 2026-10-03T05:43:47.197Z - [SYNC]: nx.json hash is the same, not collecting global sync generators
[NX v20.8.4 Daemon Server] - 2026-10-03T05:43:47.197Z - Time taken for 'total execution time for createProjectGraph()' 9.806708000000071ms
[NX v20.8.4 Daemon Server] - 2026-10-03T05:43:47.261Z - [WATCHER]: 3 file(s) created or restored, 0 file(s) modified, 3 file(s) deleted
[NX v20.8.4 Daemon Server] - 2026-10-03T05:43:47.362Z - [REQUEST]: Updated workspace context based on watched changes, recomputing project graph...
[NX v20.8.4 Daemon Server] - 2026-10-03T05:43:47.362Z - [REQUEST]: .nx/workspace-data/source-maps.json,.nx/workspace-data/project-graph.json,.nx/workspace-data/file-map.json
[NX v20.8.4 Daemon Server] - 2026-10-03T05:43:47.362Z - [REQUEST]: .nx/workspace-data/project-graph.json~95aae531,.nx/workspace-data/file-map.json~95aae531,.nx/workspace-data/source-maps.json~95aae531
[NX v20.8.4 Daemon Server] - 2026-10-03T05:43:47.363Z - Time taken for 'hash changed files from watcher' 0.5187079999996058ms
[NX v20.8.4 Daemon Server] - 2026-10-03T05:43:47.372Z - Time taken for 'build-project-configs' 7.559750000000349ms
[NX v20.8.4 Daemon Server] - 2026-10-03T05:43:47.385Z - [SYNC]: collect registered sync generators
[NX v20.8.4 Daemon Server] - 2026-10-03T05:43:47.385Z - [SYNC]: project graph hash is the same, not collecting task sync generators
[NX v20.8.4 Daemon Server] - 2026-10-03T05:43:47.385Z - [SYNC]: nx.json hash is the same, not collecting global sync generators
[NX v20.8.4 Daemon Server] - 2026-10-03T05:43:47.385Z - Time taken for 'total execution time for createProjectGraph()' 9.86395800000173ms
[NX v20.8.4 Daemon Server] - 2026-10-03T05:43:47.448Z - [WATCHER]: 3 file(s) created or restored, 0 file(s) modified, 3 file(s) deleted
[NX v20.8.4 Daemon Server] - 2026-10-03T05:43:47.549Z - [REQUEST]: Updated workspace context based on watched changes, recomputing project graph...
[NX v20.8.4 Daemon Server] - 2026-10-03T05:43:47.549Z - [REQUEST]: .nx/workspace-data/source-maps.json,.nx/workspace-data/file-map.json,.nx/workspace-data/project-graph.json
[NX v20.8.4 Daemon Server] - 2026-10-03T05:43:47.549Z - [REQUEST]: .nx/workspace-data/source-maps.json~7ecead20,.nx/workspace-data/file-map.json~7ecead20,.nx/workspace-data/project-graph.json~7ecead20
[NX v20.8.4 Daemon Server] - 2026-10-03T05:43:47.550Z - Time taken for 'hash changed files from watcher' 0.44191700000010314ms
[NX v20.8.4 Daemon Server] - 2026-10-03T05:43:47.558Z - Time taken for 'build-project-configs' 6.504375000000437ms
[NX v20.8.4 Daemon Server] - 2026-10-03T05:43:47.571Z - [SYNC]: collect registered sync generators
[NX v20.8.4 Daemon Server] - 2026-10-03T05:43:47.571Z - [SYNC]: project graph hash is the same, not collecting task sync generators
[NX v20.8.4 Daemon Server] - 2026-10-03T05:43:47.571Z - [SYNC]: nx.json hash is the same, not collecting global sync generators
[NX v20.8.4 Daemon Server] - 2026-10-03T05:43:47.571Z - Time taken for 'total execution time for createProjectGraph()' 9.868665999998484ms
[NX v20.8.4 Daemon Server] - 2026-10-03T05:43:47.636Z - [WATCHER]: 3 file(s) created or restored, 0 file(s) modified, 3 file(s) deleted
[NX v20.8.4 Daemon Server] - 2026-10-03T05:43:47.737Z - [REQUEST]: Updated workspace context based on watched changes, recomputing project graph...
[NX v20.8.4 Daemon Server] - 2026-10-03T05:43:47.737Z - [REQUEST]: .nx/workspace-data/file-map.json,.nx/workspace-data/project-graph.json,.nx/workspace-data/source-maps.json
[NX v20.8.4 Daemon Server] - 2026-10-03T05:43:47.737Z - [REQUEST]: .nx/workspace-data/file-map.json~2e3da38a,.nx/workspace-data/project-graph.json~2e3da38a,.nx/workspace-data/source-maps.json~2e3da38a
[NX v20.8.4 Daemon Server] - 2026-10-03T05:43:47.738Z - Time taken for 'hash changed files from watcher' 0.5029169999979786ms
[NX v20.8.4 Daemon Server] - 2026-10-03T05:43:47.746Z - Time taken for 'build-project-configs' 6.609208999998373ms
[NX v20.8.4 Daemon Server] - 2026-10-03T05:43:47.758Z - [SYNC]: collect registered sync generators
[NX v20.8.4 Daemon Server] - 2026-10-03T05:43:47.758Z - [SYNC]: project graph hash is the same, not collecting task sync generators
[NX v20.8.4 Daemon Server] - 2026-10-03T05:43:47.758Z - [SYNC]: nx.json hash is the same, not collecting global sync generators
[NX v20.8.4 Daemon Server] - 2026-10-03T05:43:47.758Z - Time taken for 'total execution time for createProjectGraph()' 9.235874999998487ms
[NX v20.8.4 Daemon Server] - 2026-10-03T05:43:47.821Z - [WATCHER]: 3 file(s) created or restored, 0 file(s) modified, 3 file(s) deleted
[NX v20.8.4 Daemon Server] - 2026-10-03T05:43:47.923Z - [REQUEST]: Updated workspace context based on watched changes, recomputing project graph...
[NX v20.8.4 Daemon Server] - 2026-10-03T05:43:47.923Z - [REQUEST]: .nx/workspace-data/source-maps.json,.nx/workspace-data/file-map.json,.nx/workspace-data/project-graph.json
[NX v20.8.4 Daemon Server] - 2026-10-03T05:43:47.923Z - [REQUEST]: .nx/workspace-data/project-graph.json~96b5578c,.nx/workspace-data/file-map.json~96b5578c,.nx/workspace-data/source-maps.json~96b5578c
[NX v20.8.4 Daemon Server] - 2026-10-03T05:43:47.924Z - Time taken for 'hash changed files from watcher' 0.4578750000000582ms
[NX v20.8.4 Daemon Server] - 2026-10-03T05:43:47.933Z - Time taken for 'build-project-configs' 7.331834000000526ms
[NX v20.8.4 Daemon Server] - 2026-10-03T05:43:47.946Z - [SYNC]: collect registered sync generators
[NX v20.8.4 Daemon Server] - 2026-10-03T05:43:47.946Z - [SYNC]: project graph hash is the same, not collecting task sync generators
[NX v20.8.4 Daemon Server] - 2026-10-03T05:43:47.946Z - [SYNC]: nx.json hash is the same, not collecting global sync generators
[NX v20.8.4 Daemon Server] - 2026-10-03T05:43:47.946Z - Time taken for 'total execution time for createProjectGraph()' 10.559958000001643ms
[NX v20.8.4 Daemon Server] - 2026-10-03T05:43:48.009Z - [WATCHER]: 3 file(s) created or restored, 0 file(s) modified, 3 file(s) deleted
[NX v20.8.4 Daemon Server] - 2026-10-03T05:43:48.110Z - [REQUEST]: Updated workspace context based on watched changes, recomputing project graph...
[NX v20.8.4 Daemon Server] - 2026-10-03T05:43:48.110Z - [REQUEST]: .nx/workspace-data/source-maps.json,.nx/workspace-data/project-graph.json,.nx/workspace-data/file-map.json
[NX v20.8.4 Daemon Server] - 2026-10-03T05:43:48.110Z - [REQUEST]: .nx/workspace-data/project-graph.json~ba47f405,.nx/workspace-data/source-maps.json~ba47f405,.nx/workspace-data/file-map.json~ba47f405
[NX v20.8.4 Daemon Server] - 2026-10-03T05:43:48.112Z - Time taken for 'hash changed files from watcher' 0.4376250000022992ms
[NX v20.8.4 Daemon Server] - 2026-10-03T05:43:48.119Z - Time taken for 'build-project-configs' 6.220042000000831ms
[NX v20.8.4 Daemon Server] - 2026-10-03T05:43:48.133Z - [SYNC]: collect registered sync generators
[NX v20.8.4 Daemon Server] - 2026-10-03T05:43:48.133Z - [SYNC]: project graph hash is the same, not collecting task sync generators
[NX v20.8.4 Daemon Server] - 2026-10-03T05:43:48.133Z - [SYNC]: nx.json hash is the same, not collecting global sync generators
[NX v20.8.4 Daemon Server] - 2026-10-03T05:43:48.133Z - Time taken for 'total execution time for createProjectGraph()' 10.480917000000773ms
[NX v20.8.4 Daemon Server] - 2026-10-03T05:43:48.196Z - [WATCHER]: 3 file(s) created or restored, 0 file(s) modified, 3 file(s) deleted
[NX v20.8.4 Daemon Server] - 2026-10-03T05:43:48.296Z - [REQUEST]: Updated workspace context based on watched changes, recomputing project graph...
[NX v20.8.4 Daemon Server] - 2026-10-03T05:43:48.296Z - [REQUEST]: .nx/workspace-data/project-graph.json,.nx/workspace-data/file-map.json,.nx/workspace-data/source-maps.json
[NX v20.8.4 Daemon Server] - 2026-10-03T05:43:48.296Z - [REQUEST]: .nx/workspace-data/project-graph.json~165e0e6d,.nx/workspace-data/file-map.json~165e0e6d,.nx/workspace-data/source-maps.json~165e0e6d
[NX v20.8.4 Daemon Server] - 2026-10-03T05:43:48.297Z - Time taken for 'hash changed files from watcher' 0.4207910000004631ms
[NX v20.8.4 Daemon Server] - 2026-10-03T05:43:48.305Z - Time taken for 'build-project-configs' 6.422416000001249ms
[NX v20.8.4 Daemon Server] - 2026-10-03T05:43:48.318Z - [SYNC]: collect registered sync generators
[NX v20.8.4 Daemon Server] - 2026-10-03T05:43:48.318Z - [SYNC]: project graph hash is the same, not collecting task sync generators
[NX v20.8.4 Daemon Server] - 2026-10-03T05:43:48.318Z - [SYNC]: nx.json hash is the same, not collecting global sync generators
[NX v20.8.4 Daemon Server] - 2026-10-03T05:43:48.318Z - Time taken for 'total execution time for createProjectGraph()' 9.612874999998894ms
[NX v20.8.4 Daemon Server] - 2026-10-03T05:43:48.381Z - [WATCHER]: 3 file(s) created or restored, 0 file(s) modified, 3 file(s) deleted
[NX v20.8.4 Daemon Server] - 2026-10-03T05:43:48.483Z - [REQUEST]: Updated workspace context based on watched changes, recomputing project graph...
[NX v20.8.4 Daemon Server] - 2026-10-03T05:43:48.483Z - [REQUEST]: .nx/workspace-data/file-map.json,.nx/workspace-data/source-maps.json,.nx/workspace-data/project-graph.json
[NX v20.8.4 Daemon Server] - 2026-10-03T05:43:48.483Z - [REQUEST]: .nx/workspace-data/file-map.json~b2a1fd42,.nx/workspace-data/source-maps.json~b2a1fd42,.nx/workspace-data/project-graph.json~b2a1fd42
[NX v20.8.4 Daemon Server] - 2026-10-03T05:43:48.484Z - Time taken for 'hash changed files from watcher' 0.5014589999991586ms
[NX v20.8.4 Daemon Server] - 2026-10-03T05:43:48.494Z - Time taken for 'build-project-configs' 8.466249999997672ms
[NX v20.8.4 Daemon Server] - 2026-10-03T05:43:48.508Z - [SYNC]: collect registered sync generators
[NX v20.8.4 Daemon Server] - 2026-10-03T05:43:48.508Z - [SYNC]: project graph hash is the same, not collecting task sync generators
[NX v20.8.4 Daemon Server] - 2026-10-03T05:43:48.508Z - [SYNC]: nx.json hash is the same, not collecting global sync generators
[NX v20.8.4 Daemon Server] - 2026-10-03T05:43:48.508Z - Time taken for 'total execution time for createProjectGraph()' 10.816082999997889ms
[NX v20.8.4 Daemon Server] - 2026-10-03T05:43:48.572Z - [WATCHER]: 3 file(s) created or restored, 0 file(s) modified, 3 file(s) deleted
[NX v20.8.4 Daemon Server] - 2026-10-03T05:43:48.674Z - [REQUEST]: Updated workspace context based on watched changes, recomputing project graph...
[NX v20.8.4 Daemon Server] - 2026-10-03T05:43:48.674Z - [REQUEST]: .nx/workspace-data/file-map.json,.nx/workspace-data/project-graph.json,.nx/workspace-data/source-maps.json
[NX v20.8.4 Daemon Server] - 2026-10-03T05:43:48.674Z - [REQUEST]: .nx/workspace-data/file-map.json~8225e24d,.nx/workspace-data/project-graph.json~8225e24d,.nx/workspace-data/source-maps.json~8225e24d
[NX v20.8.4 Daemon Server] - 2026-10-03T05:43:48.675Z - Time taken for 'hash changed files from watcher' 0.4944169999980659ms
[NX v20.8.4 Daemon Server] - 2026-10-03T05:43:48.685Z - Time taken for 'build-project-configs' 7.739458000000013ms
[NX v20.8.4 Daemon Server] - 2026-10-03T05:43:48.701Z - [SYNC]: collect registered sync generators
[NX v20.8.4 Daemon Server] - 2026-10-03T05:43:48.701Z - [SYNC]: project graph hash is the same, not collecting task sync generators
[NX v20.8.4 Daemon Server] - 2026-10-03T05:43:48.701Z - [SYNC]: nx.json hash is the same, not collecting global sync generators
[NX v20.8.4 Daemon Server] - 2026-10-03T05:43:48.701Z - Time taken for 'total execution time for createProjectGraph()' 12.730834000001778ms
[NX v20.8.4 Daemon Server] - 2026-10-03T05:43:48.764Z - [WATCHER]: 3 file(s) created or restored, 0 file(s) modified, 3 file(s) deleted
[NX v20.8.4 Daemon Server] - 2026-10-03T05:43:48.865Z - [REQUEST]: Updated workspace context based on watched changes, recomputing project graph...
[NX v20.8.4 Daemon Server] - 2026-10-03T05:43:48.865Z - [REQUEST]: .nx/workspace-data/file-map.json,.nx/workspace-data/source-maps.json,.nx/workspace-data/project-graph.json
[NX v20.8.4 Daemon Server] - 2026-10-03T05:43:48.865Z - [REQUEST]: .nx/workspace-data/source-maps.json~2754d82f,.nx/workspace-data/project-graph.json~2754d82f,.nx/workspace-data/file-map.json~2754d82f
[NX v20.8.4 Daemon Server] - 2026-10-03T05:43:48.866Z - Time taken for 'hash changed files from watcher' 0.42599999999947613ms
[NX v20.8.4 Daemon Server] - 2026-10-03T05:43:48.874Z - Time taken for 'build-project-configs' 6.2697079999998095ms
[NX v20.8.4 Daemon Server] - 2026-10-03T05:43:48.886Z - [SYNC]: collect registered sync generators
[NX v20.8.4 Daemon Server] - 2026-10-03T05:43:48.887Z - [SYNC]: project graph hash is the same, not collecting task sync generators
[NX v20.8.4 Daemon Server] - 2026-10-03T05:43:48.887Z - [SYNC]: nx.json hash is the same, not collecting global sync generators
[NX v20.8.4 Daemon Server] - 2026-10-03T05:43:48.887Z - Time taken for 'total execution time for createProjectGraph()' 10.014957999999751ms
[NX v20.8.4 Daemon Server] - 2026-10-03T05:43:48.950Z - [WATCHER]: 3 file(s) created or restored, 0 file(s) modified, 3 file(s) deleted
[NX v20.8.4 Daemon Server] - 2026-10-03T05:43:49.050Z - [REQUEST]: Updated workspace context based on watched changes, recomputing project graph...
[NX v20.8.4 Daemon Server] - 2026-10-03T05:43:49.050Z - [REQUEST]: .nx/workspace-data/source-maps.json,.nx/workspace-data/file-map.json,.nx/workspace-data/project-graph.json
[NX v20.8.4 Daemon Server] - 2026-10-03T05:43:49.050Z - [REQUEST]: .nx/workspace-data/project-graph.json~1926db78,.nx/workspace-data/source-maps.json~1926db78,.nx/workspace-data/file-map.json~1926db78
[NX v20.8.4 Daemon Server] - 2026-10-03T05:43:49.051Z - Time taken for 'hash changed files from watcher' 0.4999169999973674ms
[NX v20.8.4 Daemon Server] - 2026-10-03T05:43:49.061Z - Time taken for 'build-project-configs' 7.953291000001627ms
[NX v20.8.4 Daemon Server] - 2026-10-03T05:43:49.074Z - [SYNC]: collect registered sync generators
[NX v20.8.4 Daemon Server] - 2026-10-03T05:43:49.074Z - [SYNC]: project graph hash is the same, not collecting task sync generators
[NX v20.8.4 Daemon Server] - 2026-10-03T05:43:49.074Z - [SYNC]: nx.json hash is the same, not collecting global sync generators
[NX v20.8.4 Daemon Server] - 2026-10-03T05:43:49.075Z - Time taken for 'total execution time for createProjectGraph()' 10.128457999999227ms
[NX v20.8.4 Daemon Server] - 2026-10-03T05:43:49.137Z - [WATCHER]: 3 file(s) created or restored, 0 file(s) modified, 3 file(s) deleted
[NX v20.8.4 Daemon Server] - 2026-10-03T05:43:49.238Z - [REQUEST]: Updated workspace context based on watched changes, recomputing project graph...
[NX v20.8.4 Daemon Server] - 2026-10-03T05:43:49.238Z - [REQUEST]: .nx/workspace-data/project-graph.json,.nx/workspace-data/source-maps.json,.nx/workspace-data/file-map.json
[NX v20.8.4 Daemon Server] - 2026-10-03T05:43:49.238Z - [REQUEST]: .nx/workspace-data/file-map.json~c079f1fc,.nx/workspace-data/project-graph.json~c079f1fc,.nx/workspace-data/source-maps.json~c079f1fc
[NX v20.8.4 Daemon Server] - 2026-10-03T05:43:49.239Z - Time taken for 'hash changed files from watcher' 0.44262499999967986ms
[NX v20.8.4 Daemon Server] - 2026-10-03T05:43:49.247Z - Time taken for 'build-project-configs' 6.075583000001643ms
[NX v20.8.4 Daemon Server] - 2026-10-03T05:43:49.261Z - [SYNC]: collect registered sync generators
[NX v20.8.4 Daemon Server] - 2026-10-03T05:43:49.261Z - [SYNC]: project graph hash is the same, not collecting task sync generators
[NX v20.8.4 Daemon Server] - 2026-10-03T05:43:49.261Z - [SYNC]: nx.json hash is the same, not collecting global sync generators
[NX v20.8.4 Daemon Server] - 2026-10-03T05:43:49.261Z - Time taken for 'total execution time for createProjectGraph()' 11.255208999999013ms
[NX v20.8.4 Daemon Server] - 2026-10-03T05:43:49.324Z - [WATCHER]: 3 file(s) created or restored, 0 file(s) modified, 3 file(s) deleted
[NX v20.8.4 Daemon Server] - 2026-10-03T05:43:49.426Z - [REQUEST]: Updated workspace context based on watched changes, recomputing project graph...
[NX v20.8.4 Daemon Server] - 2026-10-03T05:43:49.426Z - [REQUEST]: .nx/workspace-data/project-graph.json,.nx/workspace-data/file-map.json,.nx/workspace-data/source-maps.json
[NX v20.8.4 Daemon Server] - 2026-10-03T05:43:49.426Z - [REQUEST]: .nx/workspace-data/file-map.json~b467a0da,.nx/workspace-data/project-graph.json~b467a0da,.nx/workspace-data/source-maps.json~b467a0da
[NX v20.8.4 Daemon Server] - 2026-10-03T05:43:49.427Z - Time taken for 'hash changed files from watcher' 0.4699589999981981ms
[NX v20.8.4 Daemon Server] - 2026-10-03T05:43:49.436Z - Time taken for 'build-project-configs' 6.735000000000582ms
[NX v20.8.4 Daemon Server] - 2026-10-03T05:43:49.448Z - [SYNC]: collect registered sync generators
[NX v20.8.4 Daemon Server] - 2026-10-03T05:43:49.448Z - [SYNC]: project graph hash is the same, not collecting task sync generators
[NX v20.8.4 Daemon Server] - 2026-10-03T05:43:49.448Z - [SYNC]: nx.json hash is the same, not collecting global sync generators
[NX v20.8.4 Daemon Server] - 2026-10-03T05:43:49.448Z - Time taken for 'total execution time for createProjectGraph()' 10.33075000000099ms
[NX v20.8.4 Daemon Server] - 2026-10-03T05:43:49.502Z - [WATCHER]: 3 file(s) created or restored, 0 file(s) modified, 3 file(s) deleted
[NX v20.8.4 Daemon Server] - 2026-10-03T05:43:49.604Z - [REQUEST]: Updated workspace context based on watched changes, recomputing project graph...
[NX v20.8.4 Daemon Server] - 2026-10-03T05:43:49.604Z - [REQUEST]: .nx/workspace-data/source-maps.json,.nx/workspace-data/file-map.json,.nx/workspace-data/project-graph.json
[NX v20.8.4 Daemon Server] - 2026-10-03T05:43:49.604Z - [REQUEST]: .nx/workspace-data/file-map.json~d8469558,.nx/workspace-data/project-graph.json~d8469558,.nx/workspace-data/source-maps.json~d8469558
[NX v20.8.4 Daemon Server] - 2026-10-03T05:43:49.606Z - Time taken for 'hash changed files from watcher' 0.5713749999995343ms
[NX v20.8.4 Daemon Server] - 2026-10-03T05:43:49.614Z - Time taken for 'build-project-configs' 7.5867920000018785ms
[NX v20.8.4 Daemon Server] - 2026-10-03T05:43:49.627Z - [SYNC]: collect registered sync generators
[NX v20.8.4 Daemon Server] - 2026-10-03T05:43:49.627Z - [SYNC]: project graph hash is the same, not collecting task sync generators
[NX v20.8.4 Daemon Server] - 2026-10-03T05:43:49.627Z - [SYNC]: nx.json hash is the same, not collecting global sync generators
[NX v20.8.4 Daemon Server] - 2026-10-03T05:43:49.627Z - Time taken for 'total execution time for createProjectGraph()' 9.762375000002066ms
[NX v20.8.4 Daemon Server] - 2026-10-03T05:43:49.690Z - [WATCHER]: 3 file(s) created or restored, 0 file(s) modified, 3 file(s) deleted
[NX v20.8.4 Daemon Server] - 2026-10-03T05:43:49.790Z - [REQUEST]: Updated workspace context based on watched changes, recomputing project graph...
[NX v20.8.4 Daemon Server] - 2026-10-03T05:43:49.790Z - [REQUEST]: .nx/workspace-data/project-graph.json,.nx/workspace-data/source-maps.json,.nx/workspace-data/file-map.json
[NX v20.8.4 Daemon Server] - 2026-10-03T05:43:49.790Z - [REQUEST]: .nx/workspace-data/source-maps.json~2f4d2086,.nx/workspace-data/project-graph.json~2f4d2086,.nx/workspace-data/file-map.json~2f4d2086
[NX v20.8.4 Daemon Server] - 2026-10-03T05:43:49.791Z - Time taken for 'hash changed files from watcher' 0.4026250000024447ms
[NX v20.8.4 Daemon Server] - 2026-10-03T05:43:49.799Z - Time taken for 'build-project-configs' 6.528291000002355ms
[NX v20.8.4 Daemon Server] - 2026-10-03T05:43:49.813Z - [SYNC]: collect registered sync generators
[NX v20.8.4 Daemon Server] - 2026-10-03T05:43:49.813Z - [SYNC]: project graph hash is the same, not collecting task sync generators
[NX v20.8.4 Daemon Server] - 2026-10-03T05:43:49.813Z - [SYNC]: nx.json hash is the same, not collecting global sync generators
[NX v20.8.4 Daemon Server] - 2026-10-03T05:43:49.813Z - Time taken for 'total execution time for createProjectGraph()' 10.415666000000783ms
[NX v20.8.4 Daemon Server] - 2026-10-03T05:43:49.876Z - [WATCHER]: 3 file(s) created or restored, 0 file(s) modified, 3 file(s) deleted
[NX v20.8.4 Daemon Server] - 2026-10-03T05:43:49.978Z - [REQUEST]: Updated workspace context based on watched changes, recomputing project graph...
[NX v20.8.4 Daemon Server] - 2026-10-03T05:43:49.978Z - [REQUEST]: .nx/workspace-data/project-graph.json,.nx/workspace-data/file-map.json,.nx/workspace-data/source-maps.json
[NX v20.8.4 Daemon Server] - 2026-10-03T05:43:49.978Z - [REQUEST]: .nx/workspace-data/source-maps.json~63ca2329,.nx/workspace-data/project-graph.json~63ca2329,.nx/workspace-data/file-map.json~63ca2329
[NX v20.8.4 Daemon Server] - 2026-10-03T05:43:49.979Z - Time taken for 'hash changed files from watcher' 0.49279200000091805ms
[NX v20.8.4 Daemon Server] - 2026-10-03T05:43:49.988Z - Time taken for 'build-project-configs' 7.259667000002082ms
[NX v20.8.4 Daemon Server] - 2026-10-03T05:43:50.001Z - [SYNC]: collect registered sync generators
[NX v20.8.4 Daemon Server] - 2026-10-03T05:43:50.001Z - [SYNC]: project graph hash is the same, not collecting task sync generators
[NX v20.8.4 Daemon Server] - 2026-10-03T05:43:50.001Z - [SYNC]: nx.json hash is the same, not collecting global sync generators
[NX v20.8.4 Daemon Server] - 2026-10-03T05:43:50.001Z - Time taken for 'total execution time for createProjectGraph()' 10.381291999998211ms
[NX v20.8.4 Daemon Server] - 2026-10-03T05:43:50.065Z - [WATCHER]: 3 file(s) created or restored, 0 file(s) modified, 3 file(s) deleted
[NX v20.8.4 Daemon Server] - 2026-10-03T05:43:50.166Z - [REQUEST]: Updated workspace context based on watched changes, recomputing project graph...
[NX v20.8.4 Daemon Server] - 2026-10-03T05:43:50.166Z - [REQUEST]: .nx/workspace-data/project-graph.json,.nx/workspace-data/file-map.json,.nx/workspace-data/source-maps.json
[NX v20.8.4 Daemon Server] - 2026-10-03T05:43:50.166Z - [REQUEST]: .nx/workspace-data/file-map.json~2ed412c4,.nx/workspace-data/project-graph.json~2ed412c4,.nx/workspace-data/source-maps.json~2ed412c4
[NX v20.8.4 Daemon Server] - 2026-10-03T05:43:50.167Z - Time taken for 'hash changed files from watcher' 0.409166000001278ms
[NX v20.8.4 Daemon Server] - 2026-10-03T05:43:50.176Z - Time taken for 'build-project-configs' 7.598625000002357ms
[NX v20.8.4 Daemon Server] - 2026-10-03T05:43:50.189Z - [SYNC]: collect registered sync generators
[NX v20.8.4 Daemon Server] - 2026-10-03T05:43:50.190Z - [SYNC]: project graph hash is the same, not collecting task sync generators
[NX v20.8.4 Daemon Server] - 2026-10-03T05:43:50.190Z - [SYNC]: nx.json hash is the same, not collecting global sync generators
[NX v20.8.4 Daemon Server] - 2026-10-03T05:43:50.190Z - Time taken for 'total execution time for createProjectGraph()' 10.510332999998354ms
[NX v20.8.4 Daemon Server] - 2026-10-03T05:43:50.254Z - [WATCHER]: 3 file(s) created or restored, 0 file(s) modified, 3 file(s) deleted
[NX v20.8.4 Daemon Server] - 2026-10-03T05:43:50.355Z - [REQUEST]: Updated workspace context based on watched changes, recomputing project graph...
[NX v20.8.4 Daemon Server] - 2026-10-03T05:43:50.355Z - [REQUEST]: .nx/workspace-data/project-graph.json,.nx/workspace-data/file-map.json,.nx/workspace-data/source-maps.json
[NX v20.8.4 Daemon Server] - 2026-10-03T05:43:50.355Z - [REQUEST]: .nx/workspace-data/source-maps.json~c258951e,.nx/workspace-data/project-graph.json~c258951e,.nx/workspace-data/file-map.json~c258951e
[NX v20.8.4 Daemon Server] - 2026-10-03T05:43:50.356Z - Time taken for 'hash changed files from watcher' 0.5044589999997697ms
[NX v20.8.4 Daemon Server] - 2026-10-03T05:43:50.365Z - Time taken for 'build-project-configs' 7.258582999998907ms
[NX v20.8.4 Daemon Server] - 2026-10-03T05:43:50.378Z - [SYNC]: collect registered sync generators
[NX v20.8.4 Daemon Server] - 2026-10-03T05:43:50.378Z - [SYNC]: project graph hash is the same, not collecting task sync generators
[NX v20.8.4 Daemon Server] - 2026-10-03T05:43:50.378Z - [SYNC]: nx.json hash is the same, not collecting global sync generators
[NX v20.8.4 Daemon Server] - 2026-10-03T05:43:50.378Z - Time taken for 'total execution time for createProjectGraph()' 10.103209000000788ms
[NX v20.8.4 Daemon Server] - 2026-10-03T05:43:50.446Z - [WATCHER]: 3 file(s) created or restored, 0 file(s) modified, 3 file(s) deleted
[NX v20.8.4 Daemon Server] - 2026-10-03T05:43:50.550Z - [REQUEST]: Updated workspace context based on watched changes, recomputing project graph...
[NX v20.8.4 Daemon Server] - 2026-10-03T05:43:50.551Z - [REQUEST]: .nx/workspace-data/project-graph.json,.nx/workspace-data/file-map.json,.nx/workspace-data/source-maps.json
[NX v20.8.4 Daemon Server] - 2026-10-03T05:43:50.551Z - [REQUEST]: .nx/workspace-data/source-maps.json~50703d79,.nx/workspace-data/file-map.json~50703d79,.nx/workspace-data/project-graph.json~50703d79
[NX v20.8.4 Daemon Server] - 2026-10-03T05:43:50.560Z - Time taken for 'hash changed files from watcher' 4.803082999998878ms
[NX v20.8.4 Daemon Server] - 2026-10-03T05:43:50.569Z - Time taken for 'build-project-configs' 7.792042000000947ms
[NX v20.8.4 Daemon Server] - 2026-10-03T05:43:50.586Z - [SYNC]: collect registered sync generators
[NX v20.8.4 Daemon Server] - 2026-10-03T05:43:50.586Z - [SYNC]: project graph hash is the same, not collecting task sync generators
[NX v20.8.4 Daemon Server] - 2026-10-03T05:43:50.586Z - [SYNC]: nx.json hash is the same, not collecting global sync generators
[NX v20.8.4 Daemon Server] - 2026-10-03T05:43:50.586Z - Time taken for 'total execution time for createProjectGraph()' 13.789833999999246ms
[NX v20.8.4 Daemon Server] - 2026-10-03T05:43:50.639Z - [WATCHER]: 3 file(s) created or restored, 0 file(s) modified, 3 file(s) deleted
[NX v20.8.4 Daemon Server] - 2026-10-03T05:43:50.739Z - [REQUEST]: Updated workspace context based on watched changes, recomputing project graph...
[NX v20.8.4 Daemon Server] - 2026-10-03T05:43:50.739Z - [REQUEST]: .nx/workspace-data/file-map.json,.nx/workspace-data/project-graph.json,.nx/workspace-data/source-maps.json
[NX v20.8.4 Daemon Server] - 2026-10-03T05:43:50.739Z - [REQUEST]: .nx/workspace-data/source-maps.json~442a71ac,.nx/workspace-data/project-graph.json~442a71ac,.nx/workspace-data/file-map.json~442a71ac
[NX v20.8.4 Daemon Server] - 2026-10-03T05:43:50.740Z - Time taken for 'hash changed files from watcher' 0.5033750000002328ms
[NX v20.8.4 Daemon Server] - 2026-10-03T05:43:50.749Z - Time taken for 'build-project-configs' 7.504084000000148ms
[NX v20.8.4 Daemon Server] - 2026-10-03T05:43:50.763Z - [SYNC]: collect registered sync generators
[NX v20.8.4 Daemon Server] - 2026-10-03T05:43:50.764Z - [SYNC]: project graph hash is the same, not collecting task sync generators
[NX v20.8.4 Daemon Server] - 2026-10-03T05:43:50.764Z - [SYNC]: nx.json hash is the same, not collecting global sync generators
[NX v20.8.4 Daemon Server] - 2026-10-03T05:43:50.764Z - Time taken for 'total execution time for createProjectGraph()' 10.587625000000116ms
[NX v20.8.4 Daemon Server] - 2026-10-03T05:43:50.821Z - [WATCHER]: 3 file(s) created or restored, 0 file(s) modified, 3 file(s) deleted
[NX v20.8.4 Daemon Server] - 2026-10-03T05:43:50.922Z - [REQUEST]: Updated workspace context based on watched changes, recomputing project graph...
[NX v20.8.4 Daemon Server] - 2026-10-03T05:43:50.922Z - [REQUEST]: .nx/workspace-data/source-maps.json,.nx/workspace-data/project-graph.json,.nx/workspace-data/file-map.json
[NX v20.8.4 Daemon Server] - 2026-10-03T05:43:50.922Z - [REQUEST]: .nx/workspace-data/file-map.json~4fca2eb7,.nx/workspace-data/source-maps.json~4fca2eb7,.nx/workspace-data/project-graph.json~4fca2eb7
[NX v20.8.4 Daemon Server] - 2026-10-03T05:43:50.923Z - Time taken for 'hash changed files from watcher' 0.48412500000267755ms
[NX v20.8.4 Daemon Server] - 2026-10-03T05:43:50.931Z - Time taken for 'build-project-configs' 6.410749999999098ms
[NX v20.8.4 Daemon Server] - 2026-10-03T05:43:50.944Z - [SYNC]: collect registered sync generators
[NX v20.8.4 Daemon Server] - 2026-10-03T05:43:50.944Z - [SYNC]: project graph hash is the same, not collecting task sync generators
[NX v20.8.4 Daemon Server] - 2026-10-03T05:43:50.944Z - [SYNC]: nx.json hash is the same, not collecting global sync generators
[NX v20.8.4 Daemon Server] - 2026-10-03T05:43:50.944Z - Time taken for 'total execution time for createProjectGraph()' 9.864290999998047ms
[NX v20.8.4 Daemon Server] - 2026-10-03T05:43:50.998Z - [WATCHER]: 3 file(s) created or restored, 0 file(s) modified, 3 file(s) deleted
[NX v20.8.4 Daemon Server] - 2026-10-03T05:43:51.099Z - [REQUEST]: Updated workspace context based on watched changes, recomputing project graph...
[NX v20.8.4 Daemon Server] - 2026-10-03T05:43:51.099Z - [REQUEST]: .nx/workspace-data/source-maps.json,.nx/workspace-data/file-map.json,.nx/workspace-data/project-graph.json
[NX v20.8.4 Daemon Server] - 2026-10-03T05:43:51.099Z - [REQUEST]: .nx/workspace-data/project-graph.json~c95bd985,.nx/workspace-data/file-map.json~c95bd985,.nx/workspace-data/source-maps.json~c95bd985
[NX v20.8.4 Daemon Server] - 2026-10-03T05:43:51.100Z - Time taken for 'hash changed files from watcher' 0.6431669999983569ms
[NX v20.8.4 Daemon Server] - 2026-10-03T05:43:51.109Z - Time taken for 'build-project-configs' 7.066374999998516ms
[NX v20.8.4 Daemon Server] - 2026-10-03T05:43:51.122Z - [SYNC]: collect registered sync generators
[NX v20.8.4 Daemon Server] - 2026-10-03T05:43:51.122Z - [SYNC]: project graph hash is the same, not collecting task sync generators
[NX v20.8.4 Daemon Server] - 2026-10-03T05:43:51.122Z - [SYNC]: nx.json hash is the same, not collecting global sync generators
[NX v20.8.4 Daemon Server] - 2026-10-03T05:43:51.122Z - Time taken for 'total execution time for createProjectGraph()' 10.737374999996973ms
[NX v20.8.4 Daemon Server] - 2026-10-03T05:43:51.177Z - [WATCHER]: 3 file(s) created or restored, 0 file(s) modified, 3 file(s) deleted
[NX v20.8.4 Daemon Server] - 2026-10-03T05:43:51.277Z - [REQUEST]: Updated workspace context based on watched changes, recomputing project graph...
[NX v20.8.4 Daemon Server] - 2026-10-03T05:43:51.277Z - [REQUEST]: .nx/workspace-data/file-map.json,.nx/workspace-data/project-graph.json,.nx/workspace-data/source-maps.json
[NX v20.8.4 Daemon Server] - 2026-10-03T05:43:51.277Z - [REQUEST]: .nx/workspace-data/source-maps.json~b077b66d,.nx/workspace-data/project-graph.json~b077b66d,.nx/workspace-data/file-map.json~b077b66d
[NX v20.8.4 Daemon Server] - 2026-10-03T05:43:51.279Z - Time taken for 'hash changed files from watcher' 0.48729099999764003ms
[NX v20.8.4 Daemon Server] - 2026-10-03T05:43:51.288Z - Time taken for 'build-project-configs' 7.655334000002767ms
[NX v20.8.4 Daemon Server] - 2026-10-03T05:43:51.301Z - [SYNC]: collect registered sync generators
[NX v20.8.4 Daemon Server] - 2026-10-03T05:43:51.301Z - [SYNC]: project graph hash is the same, not collecting task sync generators
[NX v20.8.4 Daemon Server] - 2026-10-03T05:43:51.301Z - [SYNC]: nx.json hash is the same, not collecting global sync generators
[NX v20.8.4 Daemon Server] - 2026-10-03T05:43:51.301Z - Time taken for 'total execution time for createProjectGraph()' 10.305457999998907ms
[NX v20.8.4 Daemon Server] - 2026-10-03T05:43:51.359Z - [WATCHER]: 3 file(s) created or restored, 0 file(s) modified, 3 file(s) deleted
[NX v20.8.4 Daemon Server] - 2026-10-03T05:43:51.459Z - [REQUEST]: Updated workspace context based on watched changes, recomputing project graph...
[NX v20.8.4 Daemon Server] - 2026-10-03T05:43:51.460Z - [REQUEST]: .nx/workspace-data/project-graph.json,.nx/workspace-data/file-map.json,.nx/workspace-data/source-maps.json
[NX v20.8.4 Daemon Server] - 2026-10-03T05:43:51.460Z - [REQUEST]: .nx/workspace-data/file-map.json~4b12f064,.nx/workspace-data/source-maps.json~4b12f064,.nx/workspace-data/project-graph.json~4b12f064
[NX v20.8.4 Daemon Server] - 2026-10-03T05:43:51.461Z - Time taken for 'hash changed files from watcher' 0.6401249999980791ms
[NX v20.8.4 Daemon Server] - 2026-10-03T05:43:51.469Z - Time taken for 'build-project-configs' 7.067208000000392ms
[NX v20.8.4 Daemon Server] - 2026-10-03T05:43:51.483Z - [SYNC]: collect registered sync generators
[NX v20.8.4 Daemon Server] - 2026-10-03T05:43:51.483Z - [SYNC]: project graph hash is the same, not collecting task sync generators
[NX v20.8.4 Daemon Server] - 2026-10-03T05:43:51.483Z - [SYNC]: nx.json hash is the same, not collecting global sync generators
[NX v20.8.4 Daemon Server] - 2026-10-03T05:43:51.483Z - Time taken for 'total execution time for createProjectGraph()' 10.501499999998487ms
[NX v20.8.4 Daemon Server] - 2026-10-03T05:43:51.536Z - [WATCHER]: 3 file(s) created or restored, 0 file(s) modified, 3 file(s) deleted
[NX v20.8.4 Daemon Server] - 2026-10-03T05:43:51.636Z - [REQUEST]: Updated workspace context based on watched changes, recomputing project graph...
[NX v20.8.4 Daemon Server] - 2026-10-03T05:43:51.637Z - [REQUEST]: .nx/workspace-data/file-map.json,.nx/workspace-data/source-maps.json,.nx/workspace-data/project-graph.json
[NX v20.8.4 Daemon Server] - 2026-10-03T05:43:51.637Z - [REQUEST]: .nx/workspace-data/project-graph.json~9d212ecc,.nx/workspace-data/source-maps.json~9d212ecc,.nx/workspace-data/file-map.json~9d212ecc
[NX v20.8.4 Daemon Server] - 2026-10-03T05:43:51.638Z - Time taken for 'hash changed files from watcher' 0.4361250000001746ms
[NX v20.8.4 Daemon Server] - 2026-10-03T05:43:51.646Z - Time taken for 'build-project-configs' 6.738250000002154ms
[NX v20.8.4 Daemon Server] - 2026-10-03T05:43:51.659Z - [SYNC]: collect registered sync generators
[NX v20.8.4 Daemon Server] - 2026-10-03T05:43:51.660Z - [SYNC]: project graph hash is the same, not collecting task sync generators
[NX v20.8.4 Daemon Server] - 2026-10-03T05:43:51.660Z - [SYNC]: nx.json hash is the same, not collecting global sync generators
[NX v20.8.4 Daemon Server] - 2026-10-03T05:43:51.660Z - Time taken for 'total execution time for createProjectGraph()' 10.524207999998907ms
[NX v20.8.4 Daemon Server] - 2026-10-03T05:43:51.713Z - [WATCHER]: 3 file(s) created or restored, 0 file(s) modified, 3 file(s) deleted
[NX v20.8.4 Daemon Server] - 2026-10-03T05:43:51.813Z - [REQUEST]: Updated workspace context based on watched changes, recomputing project graph...
[NX v20.8.4 Daemon Server] - 2026-10-03T05:43:51.813Z - [REQUEST]: .nx/workspace-data/source-maps.json,.nx/workspace-data/project-graph.json,.nx/workspace-data/file-map.json
[NX v20.8.4 Daemon Server] - 2026-10-03T05:43:51.813Z - [REQUEST]: .nx/workspace-data/source-maps.json~14fc4385,.nx/workspace-data/project-graph.json~14fc4385,.nx/workspace-data/file-map.json~14fc4385
[NX v20.8.4 Daemon Server] - 2026-10-03T05:43:51.815Z - Time taken for 'hash changed files from watcher' 0.49237499999799184ms
[NX v20.8.4 Daemon Server] - 2026-10-03T05:43:51.824Z - Time taken for 'build-project-configs' 7.7569580000017595ms
[NX v20.8.4 Daemon Server] - 2026-10-03T05:43:51.838Z - [SYNC]: collect registered sync generators
[NX v20.8.4 Daemon Server] - 2026-10-03T05:43:51.838Z - [SYNC]: project graph hash is the same, not collecting task sync generators
[NX v20.8.4 Daemon Server] - 2026-10-03T05:43:51.838Z - [SYNC]: nx.json hash is the same, not collecting global sync generators
[NX v20.8.4 Daemon Server] - 2026-10-03T05:43:51.839Z - Time taken for 'total execution time for createProjectGraph()' 11.3404589999991ms
[NX v20.8.4 Daemon Server] - 2026-10-03T05:43:51.892Z - [WATCHER]: 3 file(s) created or restored, 0 file(s) modified, 3 file(s) deleted
[NX v20.8.4 Daemon Server] - 2026-10-03T05:43:51.994Z - [REQUEST]: Updated workspace context based on watched changes, recomputing project graph...
[NX v20.8.4 Daemon Server] - 2026-10-03T05:43:51.994Z - [REQUEST]: .nx/workspace-data/project-graph.json,.nx/workspace-data/file-map.json,.nx/workspace-data/source-maps.json
[NX v20.8.4 Daemon Server] - 2026-10-03T05:43:51.994Z - [REQUEST]: .nx/workspace-data/project-graph.json~8c162a0b,.nx/workspace-data/source-maps.json~8c162a0b,.nx/workspace-data/file-map.json~8c162a0b
[NX v20.8.4 Daemon Server] - 2026-10-03T05:43:51.995Z - Time taken for 'hash changed files from watcher' 0.4657500000030268ms
[NX v20.8.4 Daemon Server] - 2026-10-03T05:43:52.003Z - Time taken for 'build-project-configs' 6.450874999998632ms
[NX v20.8.4 Daemon Server] - 2026-10-03T05:43:52.016Z - [SYNC]: collect registered sync generators
[NX v20.8.4 Daemon Server] - 2026-10-03T05:43:52.016Z - [SYNC]: project graph hash is the same, not collecting task sync generators
[NX v20.8.4 Daemon Server] - 2026-10-03T05:43:52.016Z - [SYNC]: nx.json hash is the same, not collecting global sync generators
[NX v20.8.4 Daemon Server] - 2026-10-03T05:43:52.016Z - Time taken for 'total execution time for createProjectGraph()' 10.14770800000042ms
[NX v20.8.4 Daemon Server] - 2026-10-03T05:43:52.080Z - [WATCHER]: 3 file(s) created or restored, 0 file(s) modified, 3 file(s) deleted
[NX v20.8.4 Daemon Server] - 2026-10-03T05:43:52.180Z - [REQUEST]: Updated workspace context based on watched changes, recomputing project graph...
[NX v20.8.4 Daemon Server] - 2026-10-03T05:43:52.180Z - [REQUEST]: .nx/workspace-data/project-graph.json,.nx/workspace-data/file-map.json,.nx/workspace-data/source-maps.json
[NX v20.8.4 Daemon Server] - 2026-10-03T05:43:52.180Z - [REQUEST]: .nx/workspace-data/file-map.json~0ae4a324,.nx/workspace-data/project-graph.json~0ae4a324,.nx/workspace-data/source-maps.json~0ae4a324
[NX v20.8.4 Daemon Server] - 2026-10-03T05:43:52.181Z - Time taken for 'hash changed files from watcher' 0.45141700000021956ms
[NX v20.8.4 Daemon Server] - 2026-10-03T05:43:52.189Z - Time taken for 'build-project-configs' 6.458124999997381ms
[NX v20.8.4 Daemon Server] - 2026-10-03T05:43:52.202Z - [SYNC]: collect registered sync generators
[NX v20.8.4 Daemon Server] - 2026-10-03T05:43:52.202Z - [SYNC]: project graph hash is the same, not collecting task sync generators
[NX v20.8.4 Daemon Server] - 2026-10-03T05:43:52.202Z - [SYNC]: nx.json hash is the same, not collecting global sync generators
[NX v20.8.4 Daemon Server] - 2026-10-03T05:43:52.202Z - Time taken for 'total execution time for createProjectGraph()' 9.781333999999333ms
[NX v20.8.4 Daemon Server] - 2026-10-03T05:43:52.264Z - [WATCHER]: 3 file(s) created or restored, 0 file(s) modified, 3 file(s) deleted
[NX v20.8.4 Daemon Server] - 2026-10-03T05:43:52.364Z - [REQUEST]: Updated workspace context based on watched changes, recomputing project graph...
[NX v20.8.4 Daemon Server] - 2026-10-03T05:43:52.364Z - [REQUEST]: .nx/workspace-data/project-graph.json,.nx/workspace-data/file-map.json,.nx/workspace-data/source-maps.json
[NX v20.8.4 Daemon Server] - 2026-10-03T05:43:52.364Z - [REQUEST]: .nx/workspace-data/source-maps.json~beed4e70,.nx/workspace-data/file-map.json~beed4e70,.nx/workspace-data/project-graph.json~beed4e70
[NX v20.8.4 Daemon Server] - 2026-10-03T05:43:52.366Z - Time taken for 'hash changed files from watcher' 0.4904160000005504ms
[NX v20.8.4 Daemon Server] - 2026-10-03T05:43:52.374Z - Time taken for 'build-project-configs' 7.332999999998719ms
[NX v20.8.4 Daemon Server] - 2026-10-03T05:43:52.389Z - [SYNC]: collect registered sync generators
[NX v20.8.4 Daemon Server] - 2026-10-03T05:43:52.389Z - [SYNC]: project graph hash is the same, not collecting task sync generators
[NX v20.8.4 Daemon Server] - 2026-10-03T05:43:52.389Z - [SYNC]: nx.json hash is the same, not collecting global sync generators
[NX v20.8.4 Daemon Server] - 2026-10-03T05:43:52.389Z - Time taken for 'total execution time for createProjectGraph()' 10.094458999999915ms
[NX v20.8.4 Daemon Server] - 2026-10-03T05:43:52.444Z - [WATCHER]: 3 file(s) created or restored, 0 file(s) modified, 3 file(s) deleted
[NX v20.8.4 Daemon Server] - 2026-10-03T05:43:52.545Z - [REQUEST]: Updated workspace context based on watched changes, recomputing project graph...
[NX v20.8.4 Daemon Server] - 2026-10-03T05:43:52.545Z - [REQUEST]: .nx/workspace-data/source-maps.json,.nx/workspace-data/project-graph.json,.nx/workspace-data/file-map.json
[NX v20.8.4 Daemon Server] - 2026-10-03T05:43:52.545Z - [REQUEST]: .nx/workspace-data/project-graph.json~68c3c3b9,.nx/workspace-data/file-map.json~68c3c3b9,.nx/workspace-data/source-maps.json~68c3c3b9
[NX v20.8.4 Daemon Server] - 2026-10-03T05:43:52.546Z - Time taken for 'hash changed files from watcher' 0.47895799999969313ms
[NX v20.8.4 Daemon Server] - 2026-10-03T05:43:52.554Z - Time taken for 'build-project-configs' 6.7193330000009155ms
[NX v20.8.4 Daemon Server] - 2026-10-03T05:43:52.568Z - [SYNC]: collect registered sync generators
[NX v20.8.4 Daemon Server] - 2026-10-03T05:43:52.568Z - [SYNC]: project graph hash is the same, not collecting task sync generators
[NX v20.8.4 Daemon Server] - 2026-10-03T05:43:52.568Z - [SYNC]: nx.json hash is the same, not collecting global sync generators
[NX v20.8.4 Daemon Server] - 2026-10-03T05:43:52.568Z - Time taken for 'total execution time for createProjectGraph()' 10.81145800000013ms
[NX v20.8.4 Daemon Server] - 2026-10-03T05:43:52.630Z - [WATCHER]: 3 file(s) created or restored, 0 file(s) modified, 3 file(s) deleted
[NX v20.8.4 Daemon Server] - 2026-10-03T05:43:52.732Z - [REQUEST]: Updated workspace context based on watched changes, recomputing project graph...
[NX v20.8.4 Daemon Server] - 2026-10-03T05:43:52.732Z - [REQUEST]: .nx/workspace-data/file-map.json,.nx/workspace-data/project-graph.json,.nx/workspace-data/source-maps.json
[NX v20.8.4 Daemon Server] - 2026-10-03T05:43:52.732Z - [REQUEST]: .nx/workspace-data/file-map.json~6392df6b,.nx/workspace-data/source-maps.json~6392df6b,.nx/workspace-data/project-graph.json~6392df6b
[NX v20.8.4 Daemon Server] - 2026-10-03T05:43:52.733Z - Time taken for 'hash changed files from watcher' 0.474833000000217ms
[NX v20.8.4 Daemon Server] - 2026-10-03T05:43:52.741Z - Time taken for 'build-project-configs' 6.582542000000103ms
[NX v20.8.4 Daemon Server] - 2026-10-03T05:43:52.754Z - [SYNC]: collect registered sync generators
[NX v20.8.4 Daemon Server] - 2026-10-03T05:43:52.754Z - [SYNC]: project graph hash is the same, not collecting task sync generators
[NX v20.8.4 Daemon Server] - 2026-10-03T05:43:52.754Z - [SYNC]: nx.json hash is the same, not collecting global sync generators
[NX v20.8.4 Daemon Server] - 2026-10-03T05:43:52.754Z - Time taken for 'total execution time for createProjectGraph()' 9.797167000000627ms
[NX v20.8.4 Daemon Server] - 2026-10-03T05:43:52.818Z - [WATCHER]: 3 file(s) created or restored, 0 file(s) modified, 3 file(s) deleted
[NX v20.8.4 Daemon Server] - 2026-10-03T05:43:52.918Z - [REQUEST]: Updated workspace context based on watched changes, recomputing project graph...
[NX v20.8.4 Daemon Server] - 2026-10-03T05:43:52.918Z - [REQUEST]: .nx/workspace-data/source-maps.json,.nx/workspace-data/file-map.json,.nx/workspace-data/project-graph.json
[NX v20.8.4 Daemon Server] - 2026-10-03T05:43:52.918Z - [REQUEST]: .nx/workspace-data/project-graph.json~a8945747,.nx/workspace-data/file-map.json~a8945747,.nx/workspace-data/source-maps.json~a8945747
[NX v20.8.4 Daemon Server] - 2026-10-03T05:43:52.920Z - Time taken for 'hash changed files from watcher' 0.481500000001688ms
[NX v20.8.4 Daemon Server] - 2026-10-03T05:43:52.929Z - Time taken for 'build-project-configs' 8.143625000000611ms
[NX v20.8.4 Daemon Server] - 2026-10-03T05:43:52.943Z - [SYNC]: collect registered sync generators
[NX v20.8.4 Daemon Server] - 2026-10-03T05:43:52.943Z - [SYNC]: project graph hash is the same, not collecting task sync generators
[NX v20.8.4 Daemon Server] - 2026-10-03T05:43:52.943Z - [SYNC]: nx.json hash is the same, not collecting global sync generators
[NX v20.8.4 Daemon Server] - 2026-10-03T05:43:52.943Z - Time taken for 'total execution time for createProjectGraph()' 10.919040999997378ms
[NX v20.8.4 Daemon Server] - 2026-10-03T05:43:53.014Z - [WATCHER]: 3 file(s) created or restored, 0 file(s) modified, 3 file(s) deleted
[NX v20.8.4 Daemon Server] - 2026-10-03T05:43:53.115Z - [REQUEST]: Updated workspace context based on watched changes, recomputing project graph...
[NX v20.8.4 Daemon Server] - 2026-10-03T05:43:53.115Z - [REQUEST]: .nx/workspace-data/file-map.json,.nx/workspace-data/project-graph.json,.nx/workspace-data/source-maps.json
[NX v20.8.4 Daemon Server] - 2026-10-03T05:43:53.115Z - [REQUEST]: .nx/workspace-data/file-map.json~0cc6f18f,.nx/workspace-data/project-graph.json~0cc6f18f,.nx/workspace-data/source-maps.json~0cc6f18f
[NX v20.8.4 Daemon Server] - 2026-10-03T05:43:53.116Z - Time taken for 'hash changed files from watcher' 0.5105000000003201ms
[NX v20.8.4 Daemon Server] - 2026-10-03T05:43:53.124Z - Time taken for 'build-project-configs' 6.30304199999955ms
[NX v20.8.4 Daemon Server] - 2026-10-03T05:43:53.137Z - [SYNC]: collect registered sync generators
[NX v20.8.4 Daemon Server] - 2026-10-03T05:43:53.138Z - [SYNC]: project graph hash is the same, not collecting task sync generators
[NX v20.8.4 Daemon Server] - 2026-10-03T05:43:53.138Z - [SYNC]: nx.json hash is the same, not collecting global sync generators
[NX v20.8.4 Daemon Server] - 2026-10-03T05:43:53.138Z - Time taken for 'total execution time for createProjectGraph()' 10.640042000002722ms
[NX v20.8.4 Daemon Server] - 2026-10-03T05:43:53.195Z - [WATCHER]: 3 file(s) created or restored, 0 file(s) modified, 3 file(s) deleted
[NX v20.8.4 Daemon Server] - 2026-10-03T05:43:53.296Z - [REQUEST]: Updated workspace context based on watched changes, recomputing project graph...
[NX v20.8.4 Daemon Server] - 2026-10-03T05:43:53.296Z - [REQUEST]: .nx/workspace-data/source-maps.json,.nx/workspace-data/file-map.json,.nx/workspace-data/project-graph.json
[NX v20.8.4 Daemon Server] - 2026-10-03T05:43:53.296Z - [REQUEST]: .nx/workspace-data/file-map.json~9230c06c,.nx/workspace-data/source-maps.json~9230c06c,.nx/workspace-data/project-graph.json~9230c06c
[NX v20.8.4 Daemon Server] - 2026-10-03T05:43:53.297Z - Time taken for 'hash changed files from watcher' 0.5014999999984866ms
[NX v20.8.4 Daemon Server] - 2026-10-03T05:43:53.305Z - Time taken for 'build-project-configs' 6.6030420000024606ms
[NX v20.8.4 Daemon Server] - 2026-10-03T05:43:53.320Z - [SYNC]: collect registered sync generators
[NX v20.8.4 Daemon Server] - 2026-10-03T05:43:53.320Z - [SYNC]: project graph hash is the same, not collecting task sync generators
[NX v20.8.4 Daemon Server] - 2026-10-03T05:43:53.320Z - [SYNC]: nx.json hash is the same, not collecting global sync generators
[NX v20.8.4 Daemon Server] - 2026-10-03T05:43:53.320Z - Time taken for 'total execution time for createProjectGraph()' 10.309207999998762ms
[NX v20.8.4 Daemon Server] - 2026-10-03T05:43:53.374Z - [WATCHER]: 3 file(s) created or restored, 0 file(s) modified, 3 file(s) deleted
[NX v20.8.4 Daemon Server] - 2026-10-03T05:43:53.475Z - [REQUEST]: Updated workspace context based on watched changes, recomputing project graph...
[NX v20.8.4 Daemon Server] - 2026-10-03T05:43:53.475Z - [REQUEST]: .nx/workspace-data/file-map.json,.nx/workspace-data/source-maps.json,.nx/workspace-data/project-graph.json
[NX v20.8.4 Daemon Server] - 2026-10-03T05:43:53.475Z - [REQUEST]: .nx/workspace-data/file-map.json~1af46108,.nx/workspace-data/project-graph.json~1af46108,.nx/workspace-data/source-maps.json~1af46108
[NX v20.8.4 Daemon Server] - 2026-10-03T05:43:53.476Z - Time taken for 'hash changed files from watcher' 0.5424160000002303ms
[NX v20.8.4 Daemon Server] - 2026-10-03T05:43:53.485Z - Time taken for 'build-project-configs' 7.306334000000788ms
[NX v20.8.4 Daemon Server] - 2026-10-03T05:43:53.498Z - [SYNC]: collect registered sync generators
[NX v20.8.4 Daemon Server] - 2026-10-03T05:43:53.499Z - [SYNC]: project graph hash is the same, not collecting task sync generators
[NX v20.8.4 Daemon Server] - 2026-10-03T05:43:53.499Z - [SYNC]: nx.json hash is the same, not collecting global sync generators
[NX v20.8.4 Daemon Server] - 2026-10-03T05:43:53.499Z - Time taken for 'total execution time for createProjectGraph()' 9.550250000000233ms
[NX v20.8.4 Daemon Server] - 2026-10-03T05:43:53.552Z - [WATCHER]: 3 file(s) created or restored, 0 file(s) modified, 3 file(s) deleted
[NX v20.8.4 Daemon Server] - 2026-10-03T05:43:53.653Z - [REQUEST]: Updated workspace context based on watched changes, recomputing project graph...
[NX v20.8.4 Daemon Server] - 2026-10-03T05:43:53.654Z - [REQUEST]: .nx/workspace-data/project-graph.json,.nx/workspace-data/source-maps.json,.nx/workspace-data/file-map.json
[NX v20.8.4 Daemon Server] - 2026-10-03T05:43:53.654Z - [REQUEST]: .nx/workspace-data/project-graph.json~84818218,.nx/workspace-data/file-map.json~84818218,.nx/workspace-data/source-maps.json~84818218
[NX v20.8.4 Daemon Server] - 2026-10-03T05:43:53.655Z - Time taken for 'hash changed files from watcher' 0.34858299999905284ms
[NX v20.8.4 Daemon Server] - 2026-10-03T05:43:53.662Z - Time taken for 'build-project-configs' 6.231917000000976ms
[NX v20.8.4 Daemon Server] - 2026-10-03T05:43:53.676Z - [SYNC]: collect registered sync generators
[NX v20.8.4 Daemon Server] - 2026-10-03T05:43:53.676Z - [SYNC]: project graph hash is the same, not collecting task sync generators
[NX v20.8.4 Daemon Server] - 2026-10-03T05:43:53.676Z - [SYNC]: nx.json hash is the same, not collecting global sync generators
[NX v20.8.4 Daemon Server] - 2026-10-03T05:43:53.676Z - Time taken for 'total execution time for createProjectGraph()' 9.96141599999828ms
[NX v20.8.4 Daemon Server] - 2026-10-03T05:43:53.730Z - [WATCHER]: 3 file(s) created or restored, 0 file(s) modified, 3 file(s) deleted
[NX v20.8.4 Daemon Server] - 2026-10-03T05:43:53.831Z - [REQUEST]: Updated workspace context based on watched changes, recomputing project graph...
[NX v20.8.4 Daemon Server] - 2026-10-03T05:43:53.831Z - [REQUEST]: .nx/workspace-data/project-graph.json,.nx/workspace-data/file-map.json,.nx/workspace-data/source-maps.json
[NX v20.8.4 Daemon Server] - 2026-10-03T05:43:53.831Z - [REQUEST]: .nx/workspace-data/source-maps.json~8368e63a,.nx/workspace-data/file-map.json~8368e63a,.nx/workspace-data/project-graph.json~8368e63a
[NX v20.8.4 Daemon Server] - 2026-10-03T05:43:53.832Z - Time taken for 'hash changed files from watcher' 0.405957999999373ms
[NX v20.8.4 Daemon Server] - 2026-10-03T05:43:53.840Z - Time taken for 'build-project-configs' 6.913667000000714ms
[NX v20.8.4 Daemon Server] - 2026-10-03T05:43:53.853Z - [SYNC]: collect registered sync generators
[NX v20.8.4 Daemon Server] - 2026-10-03T05:43:53.853Z - [SYNC]: project graph hash is the same, not collecting task sync generators
[NX v20.8.4 Daemon Server] - 2026-10-03T05:43:53.853Z - [SYNC]: nx.json hash is the same, not collecting global sync generators
[NX v20.8.4 Daemon Server] - 2026-10-03T05:43:53.853Z - Time taken for 'total execution time for createProjectGraph()' 10.425209000000905ms
[NX v20.8.4 Daemon Server] - 2026-10-03T05:43:53.907Z - [WATCHER]: 3 file(s) created or restored, 0 file(s) modified, 3 file(s) deleted
[NX v20.8.4 Daemon Server] - 2026-10-03T05:43:54.008Z - [REQUEST]: Updated workspace context based on watched changes, recomputing project graph...
[NX v20.8.4 Daemon Server] - 2026-10-03T05:43:54.008Z - [REQUEST]: .nx/workspace-data/file-map.json,.nx/workspace-data/project-graph.json,.nx/workspace-data/source-maps.json
[NX v20.8.4 Daemon Server] - 2026-10-03T05:43:54.008Z - [REQUEST]: .nx/workspace-data/file-map.json~d0f6abae,.nx/workspace-data/source-maps.json~d0f6abae,.nx/workspace-data/project-graph.json~d0f6abae
[NX v20.8.4 Daemon Server] - 2026-10-03T05:43:54.009Z - Time taken for 'hash changed files from watcher' 0.4327499999999418ms
[NX v20.8.4 Daemon Server] - 2026-10-03T05:43:54.018Z - Time taken for 'build-project-configs' 7.326250000001892ms
[NX v20.8.4 Daemon Server] - 2026-10-03T05:43:54.030Z - [SYNC]: collect registered sync generators
[NX v20.8.4 Daemon Server] - 2026-10-03T05:43:54.030Z - [SYNC]: project graph hash is the same, not collecting task sync generators
[NX v20.8.4 Daemon Server] - 2026-10-03T05:43:54.030Z - [SYNC]: nx.json hash is the same, not collecting global sync generators
[NX v20.8.4 Daemon Server] - 2026-10-03T05:43:54.030Z - Time taken for 'total execution time for createProjectGraph()' 9.723791000000347ms
[NX v20.8.4 Daemon Server] - 2026-10-03T05:43:54.084Z - [WATCHER]: 3 file(s) created or restored, 0 file(s) modified, 3 file(s) deleted
[NX v20.8.4 Daemon Server] - 2026-10-03T05:43:54.185Z - [REQUEST]: Updated workspace context based on watched changes, recomputing project graph...
[NX v20.8.4 Daemon Server] - 2026-10-03T05:43:54.186Z - [REQUEST]: .nx/workspace-data/project-graph.json,.nx/workspace-data/source-maps.json,.nx/workspace-data/file-map.json
[NX v20.8.4 Daemon Server] - 2026-10-03T05:43:54.186Z - [REQUEST]: .nx/workspace-data/file-map.json~0b78ecb1,.nx/workspace-data/project-graph.json~0b78ecb1,.nx/workspace-data/source-maps.json~0b78ecb1
[NX v20.8.4 Daemon Server] - 2026-10-03T05:43:54.187Z - Time taken for 'hash changed files from watcher' 0.4613339999996242ms
[NX v20.8.4 Daemon Server] - 2026-10-03T05:43:54.195Z - Time taken for 'build-project-configs' 6.25433300000077ms
[NX v20.8.4 Daemon Server] - 2026-10-03T05:43:54.207Z - [SYNC]: collect registered sync generators
[NX v20.8.4 Daemon Server] - 2026-10-03T05:43:54.207Z - [SYNC]: project graph hash is the same, not collecting task sync generators
[NX v20.8.4 Daemon Server] - 2026-10-03T05:43:54.207Z - [SYNC]: nx.json hash is the same, not collecting global sync generators
[NX v20.8.4 Daemon Server] - 2026-10-03T05:43:54.207Z - Time taken for 'total execution time for createProjectGraph()' 9.65887500000099ms
[NX v20.8.4 Daemon Server] - 2026-10-03T05:43:54.261Z - [WATCHER]: 3 file(s) created or restored, 0 file(s) modified, 3 file(s) deleted
[NX v20.8.4 Daemon Server] - 2026-10-03T05:43:54.361Z - [REQUEST]: Updated workspace context based on watched changes, recomputing project graph...
[NX v20.8.4 Daemon Server] - 2026-10-03T05:43:54.361Z - [REQUEST]: .nx/workspace-data/project-graph.json,.nx/workspace-data/file-map.json,.nx/workspace-data/source-maps.json
[NX v20.8.4 Daemon Server] - 2026-10-03T05:43:54.361Z - [REQUEST]: .nx/workspace-data/file-map.json~79a50544,.nx/workspace-data/project-graph.json~79a50544,.nx/workspace-data/source-maps.json~79a50544
[NX v20.8.4 Daemon Server] - 2026-10-03T05:43:54.363Z - Time taken for 'hash changed files from watcher' 0.5414169999967271ms
[NX v20.8.4 Daemon Server] - 2026-10-03T05:43:54.371Z - Time taken for 'build-project-configs' 6.708124999997381ms
[NX v20.8.4 Daemon Server] - 2026-10-03T05:43:54.387Z - [SYNC]: collect registered sync generators
[NX v20.8.4 Daemon Server] - 2026-10-03T05:43:54.387Z - [SYNC]: project graph hash is the same, not collecting task sync generators
[NX v20.8.4 Daemon Server] - 2026-10-03T05:43:54.387Z - [SYNC]: nx.json hash is the same, not collecting global sync generators
[NX v20.8.4 Daemon Server] - 2026-10-03T05:43:54.387Z - Time taken for 'total execution time for createProjectGraph()' 12.166624999998021ms
[NX v20.8.4 Daemon Server] - 2026-10-03T05:43:54.441Z - [WATCHER]: 3 file(s) created or restored, 0 file(s) modified, 3 file(s) deleted
[NX v20.8.4 Daemon Server] - 2026-10-03T05:43:54.542Z - [REQUEST]: Updated workspace context based on watched changes, recomputing project graph...
[NX v20.8.4 Daemon Server] - 2026-10-03T05:43:54.542Z - [REQUEST]: .nx/workspace-data/file-map.json,.nx/workspace-data/project-graph.json,.nx/workspace-data/source-maps.json
[NX v20.8.4 Daemon Server] - 2026-10-03T05:43:54.542Z - [REQUEST]: .nx/workspace-data/file-map.json~6708362b,.nx/workspace-data/source-maps.json~6708362b,.nx/workspace-data/project-graph.json~6708362b
[NX v20.8.4 Daemon Server] - 2026-10-03T05:43:54.543Z - Time taken for 'hash changed files from watcher' 0.48291600000084145ms
[NX v20.8.4 Daemon Server] - 2026-10-03T05:43:54.552Z - Time taken for 'build-project-configs' 7.763374999998632ms
[NX v20.8.4 Daemon Server] - 2026-10-03T05:43:54.565Z - [SYNC]: collect registered sync generators
[NX v20.8.4 Daemon Server] - 2026-10-03T05:43:54.565Z - [SYNC]: project graph hash is the same, not collecting task sync generators
[NX v20.8.4 Daemon Server] - 2026-10-03T05:43:54.565Z - [SYNC]: nx.json hash is the same, not collecting global sync generators
[NX v20.8.4 Daemon Server] - 2026-10-03T05:43:54.565Z - Time taken for 'total execution time for createProjectGraph()' 10.527999999998428ms
[NX v20.8.4 Daemon Server] - 2026-10-03T05:43:54.620Z - [WATCHER]: 3 file(s) created or restored, 0 file(s) modified, 3 file(s) deleted
[NX v20.8.4 Daemon Server] - 2026-10-03T05:43:54.722Z - [REQUEST]: Updated workspace context based on watched changes, recomputing project graph...
[NX v20.8.4 Daemon Server] - 2026-10-03T05:43:54.722Z - [REQUEST]: .nx/workspace-data/file-map.json,.nx/workspace-data/source-maps.json,.nx/workspace-data/project-graph.json
[NX v20.8.4 Daemon Server] - 2026-10-03T05:43:54.722Z - [REQUEST]: .nx/workspace-data/project-graph.json~e019bbfd,.nx/workspace-data/file-map.json~e019bbfd,.nx/workspace-data/source-maps.json~e019bbfd
[NX v20.8.4 Daemon Server] - 2026-10-03T05:43:54.723Z - Time taken for 'hash changed files from watcher' 0.9848329999986163ms
[NX v20.8.4 Daemon Server] - 2026-10-03T05:43:54.732Z - Time taken for 'build-project-configs' 7.094124999999622ms
[NX v20.8.4 Daemon Server] - 2026-10-03T05:43:54.745Z - [SYNC]: collect registered sync generators
[NX v20.8.4 Daemon Server] - 2026-10-03T05:43:54.746Z - [SYNC]: project graph hash is the same, not collecting task sync generators
[NX v20.8.4 Daemon Server] - 2026-10-03T05:43:54.746Z - [SYNC]: nx.json hash is the same, not collecting global sync generators
[NX v20.8.4 Daemon Server] - 2026-10-03T05:43:54.746Z - Time taken for 'total execution time for createProjectGraph()' 10.463334000000032ms
[NX v20.8.4 Daemon Server] - 2026-10-03T05:43:54.799Z - [WATCHER]: 3 file(s) created or restored, 0 file(s) modified, 3 file(s) deleted
[NX v20.8.4 Daemon Server] - 2026-10-03T05:43:54.900Z - [REQUEST]: Updated workspace context based on watched changes, recomputing project graph...
[NX v20.8.4 Daemon Server] - 2026-10-03T05:43:54.900Z - [REQUEST]: .nx/workspace-data/source-maps.json,.nx/workspace-data/file-map.json,.nx/workspace-data/project-graph.json
[NX v20.8.4 Daemon Server] - 2026-10-03T05:43:54.900Z - [REQUEST]: .nx/workspace-data/source-maps.json~7619c1e2,.nx/workspace-data/file-map.json~7619c1e2,.nx/workspace-data/project-graph.json~7619c1e2
[NX v20.8.4 Daemon Server] - 2026-10-03T05:43:54.901Z - Time taken for 'hash changed files from watcher' 0.649290999997902ms
[NX v20.8.4 Daemon Server] - 2026-10-03T05:43:54.909Z - Time taken for 'build-project-configs' 6.520499999998719ms
[NX v20.8.4 Daemon Server] - 2026-10-03T05:43:54.923Z - [SYNC]: collect registered sync generators
[NX v20.8.4 Daemon Server] - 2026-10-03T05:43:54.923Z - [SYNC]: project graph hash is the same, not collecting task sync generators
[NX v20.8.4 Daemon Server] - 2026-10-03T05:43:54.923Z - [SYNC]: nx.json hash is the same, not collecting global sync generators
[NX v20.8.4 Daemon Server] - 2026-10-03T05:43:54.923Z - Time taken for 'total execution time for createProjectGraph()' 10.87091700000019ms
[NX v20.8.4 Daemon Server] - 2026-10-03T05:43:54.977Z - [WATCHER]: 3 file(s) created or restored, 0 file(s) modified, 3 file(s) deleted
[NX v20.8.4 Daemon Server] - 2026-10-03T05:43:55.078Z - [REQUEST]: Updated workspace context based on watched changes, recomputing project graph...
[NX v20.8.4 Daemon Server] - 2026-10-03T05:43:55.078Z - [REQUEST]: .nx/workspace-data/project-graph.json,.nx/workspace-data/source-maps.json,.nx/workspace-data/file-map.json
[NX v20.8.4 Daemon Server] - 2026-10-03T05:43:55.078Z - [REQUEST]: .nx/workspace-data/source-maps.json~795341de,.nx/workspace-data/file-map.json~795341de,.nx/workspace-data/project-graph.json~795341de
[NX v20.8.4 Daemon Server] - 2026-10-03T05:43:55.080Z - Time taken for 'hash changed files from watcher' 0.524916000002122ms
[NX v20.8.4 Daemon Server] - 2026-10-03T05:43:55.089Z - Time taken for 'build-project-configs' 7.687333000001672ms
[NX v20.8.4 Daemon Server] - 2026-10-03T05:43:55.102Z - [SYNC]: collect registered sync generators
[NX v20.8.4 Daemon Server] - 2026-10-03T05:43:55.102Z - [SYNC]: project graph hash is the same, not collecting task sync generators
[NX v20.8.4 Daemon Server] - 2026-10-03T05:43:55.102Z - [SYNC]: nx.json hash is the same, not collecting global sync generators
[NX v20.8.4 Daemon Server] - 2026-10-03T05:43:55.102Z - Time taken for 'total execution time for createProjectGraph()' 10.203333000001294ms
[NX v20.8.4 Daemon Server] - 2026-10-03T05:43:55.156Z - [WATCHER]: 3 file(s) created or restored, 0 file(s) modified, 3 file(s) deleted
[NX v20.8.4 Daemon Server] - 2026-10-03T05:43:55.256Z - [REQUEST]: Updated workspace context based on watched changes, recomputing project graph...
[NX v20.8.4 Daemon Server] - 2026-10-03T05:43:55.256Z - [REQUEST]: .nx/workspace-data/project-graph.json,.nx/workspace-data/file-map.json,.nx/workspace-data/source-maps.json
[NX v20.8.4 Daemon Server] - 2026-10-03T05:43:55.256Z - [REQUEST]: .nx/workspace-data/source-maps.json~8974f10c,.nx/workspace-data/project-graph.json~8974f10c,.nx/workspace-data/file-map.json~8974f10c
[NX v20.8.4 Daemon Server] - 2026-10-03T05:43:55.257Z - Time taken for 'hash changed files from watcher' 0.47000000000116415ms
[NX v20.8.4 Daemon Server] - 2026-10-03T05:43:55.265Z - Time taken for 'build-project-configs' 6.519124999998894ms
[NX v20.8.4 Daemon Server] - 2026-10-03T05:43:55.278Z - [SYNC]: collect registered sync generators
[NX v20.8.4 Daemon Server] - 2026-10-03T05:43:55.278Z - [SYNC]: project graph hash is the same, not collecting task sync generators
[NX v20.8.4 Daemon Server] - 2026-10-03T05:43:55.278Z - [SYNC]: nx.json hash is the same, not collecting global sync generators
[NX v20.8.4 Daemon Server] - 2026-10-03T05:43:55.278Z - Time taken for 'total execution time for createProjectGraph()' 10.256000000001222ms
[NX v20.8.4 Daemon Server] - 2026-10-03T05:43:55.335Z - [WATCHER]: 3 file(s) created or restored, 0 file(s) modified, 3 file(s) deleted
[NX v20.8.4 Daemon Server] - 2026-10-03T05:43:55.435Z - [REQUEST]: Updated workspace context based on watched changes, recomputing project graph...
[NX v20.8.4 Daemon Server] - 2026-10-03T05:43:55.435Z - [REQUEST]: .nx/workspace-data/source-maps.json,.nx/workspace-data/project-graph.json,.nx/workspace-data/file-map.json
[NX v20.8.4 Daemon Server] - 2026-10-03T05:43:55.435Z - [REQUEST]: .nx/workspace-data/source-maps.json~d6f7a84d,.nx/workspace-data/file-map.json~d6f7a84d,.nx/workspace-data/project-graph.json~d6f7a84d
[NX v20.8.4 Daemon Server] - 2026-10-03T05:43:55.436Z - Time taken for 'hash changed files from watcher' 0.4882080000024871ms
[NX v20.8.4 Daemon Server] - 2026-10-03T05:43:55.444Z - Time taken for 'build-project-configs' 6.516250000000582ms
[NX v20.8.4 Daemon Server] - 2026-10-03T05:43:55.457Z - [SYNC]: collect registered sync generators
[NX v20.8.4 Daemon Server] - 2026-10-03T05:43:55.458Z - [SYNC]: project graph hash is the same, not collecting task sync generators
[NX v20.8.4 Daemon Server] - 2026-10-03T05:43:55.458Z - [SYNC]: nx.json hash is the same, not collecting global sync generators
[NX v20.8.4 Daemon Server] - 2026-10-03T05:43:55.458Z - Time taken for 'total execution time for createProjectGraph()' 10.551457999998092ms
[NX v20.8.4 Daemon Server] - 2026-10-03T05:43:55.514Z - [WATCHER]: 3 file(s) created or restored, 0 file(s) modified, 3 file(s) deleted
[NX v20.8.4 Daemon Server] - 2026-10-03T05:43:55.614Z - [REQUEST]: Updated workspace context based on watched changes, recomputing project graph...
[NX v20.8.4 Daemon Server] - 2026-10-03T05:43:55.614Z - [REQUEST]: .nx/workspace-data/project-graph.json,.nx/workspace-data/source-maps.json,.nx/workspace-data/file-map.json
[NX v20.8.4 Daemon Server] - 2026-10-03T05:43:55.614Z - [REQUEST]: .nx/workspace-data/file-map.json~2868f8ef,.nx/workspace-data/source-maps.json~2868f8ef,.nx/workspace-data/project-graph.json~2868f8ef
[NX v20.8.4 Daemon Server] - 2026-10-03T05:43:55.616Z - Time taken for 'hash changed files from watcher' 0.5064590000001772ms
[NX v20.8.4 Daemon Server] - 2026-10-03T05:43:55.626Z - Time taken for 'build-project-configs' 8.773290999997698ms
[NX v20.8.4 Daemon Server] - 2026-10-03T05:43:55.640Z - [SYNC]: collect registered sync generators
[NX v20.8.4 Daemon Server] - 2026-10-03T05:43:55.640Z - [SYNC]: project graph hash is the same, not collecting task sync generators
[NX v20.8.4 Daemon Server] - 2026-10-03T05:43:55.640Z - [SYNC]: nx.json hash is the same, not collecting global sync generators
[NX v20.8.4 Daemon Server] - 2026-10-03T05:43:55.640Z - Time taken for 'total execution time for createProjectGraph()' 11.18316699999923ms
[NX v20.8.4 Daemon Server] - 2026-10-03T05:43:55.695Z - [WATCHER]: 3 file(s) created or restored, 0 file(s) modified, 3 file(s) deleted
[NX v20.8.4 Daemon Server] - 2026-10-03T05:43:55.796Z - [REQUEST]: Updated workspace context based on watched changes, recomputing project graph...
[NX v20.8.4 Daemon Server] - 2026-10-03T05:43:55.796Z - [REQUEST]: .nx/workspace-data/file-map.json,.nx/workspace-data/project-graph.json,.nx/workspace-data/source-maps.json
[NX v20.8.4 Daemon Server] - 2026-10-03T05:43:55.796Z - [REQUEST]: .nx/workspace-data/source-maps.json~06ba67f0,.nx/workspace-data/file-map.json~06ba67f0,.nx/workspace-data/project-graph.json~06ba67f0
[NX v20.8.4 Daemon Server] - 2026-10-03T05:43:55.797Z - Time taken for 'hash changed files from watcher' 0.45354199999928824ms
[NX v20.8.4 Daemon Server] - 2026-10-03T05:43:55.805Z - Time taken for 'build-project-configs' 6.689707999998063ms
[NX v20.8.4 Daemon Server] - 2026-10-03T05:43:55.818Z - [SYNC]: collect registered sync generators
[NX v20.8.4 Daemon Server] - 2026-10-03T05:43:55.818Z - [SYNC]: project graph hash is the same, not collecting task sync generators
[NX v20.8.4 Daemon Server] - 2026-10-03T05:43:55.818Z - [SYNC]: nx.json hash is the same, not collecting global sync generators
[NX v20.8.4 Daemon Server] - 2026-10-03T05:43:55.818Z - Time taken for 'total execution time for createProjectGraph()' 10.111583000001701ms
[NX v20.8.4 Daemon Server] - 2026-10-03T05:43:55.873Z - [WATCHER]: 3 file(s) created or restored, 0 file(s) modified, 3 file(s) deleted
[NX v20.8.4 Daemon Server] - 2026-10-03T05:43:55.975Z - [REQUEST]: Updated workspace context based on watched changes, recomputing project graph...
[NX v20.8.4 Daemon Server] - 2026-10-03T05:43:55.975Z - [REQUEST]: .nx/workspace-data/source-maps.json,.nx/workspace-data/file-map.json,.nx/workspace-data/project-graph.json
[NX v20.8.4 Daemon Server] - 2026-10-03T05:43:55.975Z - [REQUEST]: .nx/workspace-data/source-maps.json~a256df19,.nx/workspace-data/file-map.json~a256df19,.nx/workspace-data/project-graph.json~a256df19
[NX v20.8.4 Daemon Server] - 2026-10-03T05:43:55.976Z - Time taken for 'hash changed files from watcher' 0.5292090000002645ms
[NX v20.8.4 Daemon Server] - 2026-10-03T05:43:55.984Z - Time taken for 'build-project-configs' 6.623083000002225ms
[NX v20.8.4 Daemon Server] - 2026-10-03T05:43:55.997Z - [SYNC]: collect registered sync generators
[NX v20.8.4 Daemon Server] - 2026-10-03T05:43:55.998Z - [SYNC]: project graph hash is the same, not collecting task sync generators
[NX v20.8.4 Daemon Server] - 2026-10-03T05:43:55.998Z - [SYNC]: nx.json hash is the same, not collecting global sync generators
[NX v20.8.4 Daemon Server] - 2026-10-03T05:43:55.998Z - Time taken for 'total execution time for createProjectGraph()' 10.17120900000009ms
[NX v20.8.4 Daemon Server] - 2026-10-03T05:43:56.052Z - [WATCHER]: 3 file(s) created or restored, 0 file(s) modified, 3 file(s) deleted
[NX v20.8.4 Daemon Server] - 2026-10-03T05:43:56.152Z - [REQUEST]: Updated workspace context based on watched changes, recomputing project graph...
[NX v20.8.4 Daemon Server] - 2026-10-03T05:43:56.153Z - [REQUEST]: .nx/workspace-data/file-map.json,.nx/workspace-data/project-graph.json,.nx/workspace-data/source-maps.json
[NX v20.8.4 Daemon Server] - 2026-10-03T05:43:56.153Z - [REQUEST]: .nx/workspace-data/file-map.json~4610c3c5,.nx/workspace-data/source-maps.json~4610c3c5,.nx/workspace-data/project-graph.json~4610c3c5
[NX v20.8.4 Daemon Server] - 2026-10-03T05:43:56.154Z - Time taken for 'hash changed files from watcher' 0.6210830000018177ms
[NX v20.8.4 Daemon Server] - 2026-10-03T05:43:56.162Z - Time taken for 'build-project-configs' 7.243500000000495ms
[NX v20.8.4 Daemon Server] - 2026-10-03T05:43:56.175Z - [SYNC]: collect registered sync generators
[NX v20.8.4 Daemon Server] - 2026-10-03T05:43:56.176Z - [SYNC]: project graph hash is the same, not collecting task sync generators
[NX v20.8.4 Daemon Server] - 2026-10-03T05:43:56.176Z - [SYNC]: nx.json hash is the same, not collecting global sync generators
[NX v20.8.4 Daemon Server] - 2026-10-03T05:43:56.176Z - Time taken for 'total execution time for createProjectGraph()' 9.59624999999869ms
[NX v20.8.4 Daemon Server] - 2026-10-03T05:43:56.229Z - [WATCHER]: 3 file(s) created or restored, 0 file(s) modified, 3 file(s) deleted
[NX v20.8.4 Daemon Server] - 2026-10-03T05:43:56.330Z - [REQUEST]: Updated workspace context based on watched changes, recomputing project graph...
[NX v20.8.4 Daemon Server] - 2026-10-03T05:43:56.330Z - [REQUEST]: .nx/workspace-data/project-graph.json,.nx/workspace-data/source-maps.json,.nx/workspace-data/file-map.json
[NX v20.8.4 Daemon Server] - 2026-10-03T05:43:56.330Z - [REQUEST]: .nx/workspace-data/project-graph.json~695df31a,.nx/workspace-data/source-maps.json~695df31a,.nx/workspace-data/file-map.json~695df31a
[NX v20.8.4 Daemon Server] - 2026-10-03T05:43:56.331Z - Time taken for 'hash changed files from watcher' 0.5168749999975262ms
[NX v20.8.4 Daemon Server] - 2026-10-03T05:43:56.339Z - Time taken for 'build-project-configs' 6.534499999997934ms
[NX v20.8.4 Daemon Server] - 2026-10-03T05:43:56.352Z - [SYNC]: collect registered sync generators
[NX v20.8.4 Daemon Server] - 2026-10-03T05:43:56.353Z - [SYNC]: project graph hash is the same, not collecting task sync generators
[NX v20.8.4 Daemon Server] - 2026-10-03T05:43:56.353Z - [SYNC]: nx.json hash is the same, not collecting global sync generators
[NX v20.8.4 Daemon Server] - 2026-10-03T05:43:56.353Z - Time taken for 'total execution time for createProjectGraph()' 10.336208000000624ms
[NX v20.8.4 Daemon Server] - 2026-10-03T05:43:56.405Z - [WATCHER]: 3 file(s) created or restored, 0 file(s) modified, 3 file(s) deleted
[NX v20.8.4 Daemon Server] - 2026-10-03T05:43:56.505Z - [REQUEST]: Updated workspace context based on watched changes, recomputing project graph...
[NX v20.8.4 Daemon Server] - 2026-10-03T05:43:56.505Z - [REQUEST]: .nx/workspace-data/project-graph.json,.nx/workspace-data/file-map.json,.nx/workspace-data/source-maps.json
[NX v20.8.4 Daemon Server] - 2026-10-03T05:43:56.505Z - [REQUEST]: .nx/workspace-data/file-map.json~8d083544,.nx/workspace-data/project-graph.json~8d083544,.nx/workspace-data/source-maps.json~8d083544
[NX v20.8.4 Daemon Server] - 2026-10-03T05:43:56.506Z - Time taken for 'hash changed files from watcher' 0.43104200000016135ms
[NX v20.8.4 Daemon Server] - 2026-10-03T05:43:56.515Z - Time taken for 'build-project-configs' 7.13983300000109ms
[NX v20.8.4 Daemon Server] - 2026-10-03T05:43:56.529Z - [SYNC]: collect registered sync generators
[NX v20.8.4 Daemon Server] - 2026-10-03T05:43:56.529Z - [SYNC]: project graph hash is the same, not collecting task sync generators
[NX v20.8.4 Daemon Server] - 2026-10-03T05:43:56.529Z - [SYNC]: nx.json hash is the same, not collecting global sync generators
[NX v20.8.4 Daemon Server] - 2026-10-03T05:43:56.529Z - Time taken for 'total execution time for createProjectGraph()' 10.704834000000119ms
[NX v20.8.4 Daemon Server] - 2026-10-03T05:43:56.589Z - [WATCHER]: 3 file(s) created or restored, 0 file(s) modified, 3 file(s) deleted
[NX v20.8.4 Daemon Server] - 2026-10-03T05:43:56.692Z - [REQUEST]: Updated workspace context based on watched changes, recomputing project graph...
[NX v20.8.4 Daemon Server] - 2026-10-03T05:43:56.692Z - [REQUEST]: .nx/workspace-data/project-graph.json,.nx/workspace-data/source-maps.json,.nx/workspace-data/file-map.json
[NX v20.8.4 Daemon Server] - 2026-10-03T05:43:56.692Z - [REQUEST]: .nx/workspace-data/source-maps.json~96d228e5,.nx/workspace-data/project-graph.json~96d228e5,.nx/workspace-data/file-map.json~96d228e5
[NX v20.8.4 Daemon Server] - 2026-10-03T05:43:56.694Z - Time taken for 'hash changed files from watcher' 0.4336660000044503ms
[NX v20.8.4 Daemon Server] - 2026-10-03T05:43:56.703Z - Time taken for 'build-project-configs' 7.561166999999841ms
[NX v20.8.4 Daemon Server] - 2026-10-03T05:43:56.717Z - [SYNC]: collect registered sync generators
[NX v20.8.4 Daemon Server] - 2026-10-03T05:43:56.717Z - [SYNC]: project graph hash is the same, not collecting task sync generators
[NX v20.8.4 Daemon Server] - 2026-10-03T05:43:56.717Z - [SYNC]: nx.json hash is the same, not collecting global sync generators
[NX v20.8.4 Daemon Server] - 2026-10-03T05:43:56.717Z - Time taken for 'total execution time for createProjectGraph()' 10.513792000005196ms
[NX v20.8.4 Daemon Server] - 2026-10-03T05:43:56.771Z - [WATCHER]: 3 file(s) created or restored, 0 file(s) modified, 3 file(s) deleted
[NX v20.8.4 Daemon Server] - 2026-10-03T05:43:56.871Z - [REQUEST]: Updated workspace context based on watched changes, recomputing project graph...
[NX v20.8.4 Daemon Server] - 2026-10-03T05:43:56.871Z - [REQUEST]: .nx/workspace-data/file-map.json,.nx/workspace-data/project-graph.json,.nx/workspace-data/source-maps.json
[NX v20.8.4 Daemon Server] - 2026-10-03T05:43:56.871Z - [REQUEST]: .nx/workspace-data/source-maps.json~ccf781ae,.nx/workspace-data/project-graph.json~ccf781ae,.nx/workspace-data/file-map.json~ccf781ae
[NX v20.8.4 Daemon Server] - 2026-10-03T05:43:56.873Z - Time taken for 'hash changed files from watcher' 0.49887499999749707ms
[NX v20.8.4 Daemon Server] - 2026-10-03T05:43:56.881Z - Time taken for 'build-project-configs' 6.509374999994179ms
[NX v20.8.4 Daemon Server] - 2026-10-03T05:43:56.895Z - [SYNC]: collect registered sync generators
[NX v20.8.4 Daemon Server] - 2026-10-03T05:43:56.895Z - [SYNC]: project graph hash is the same, not collecting task sync generators
[NX v20.8.4 Daemon Server] - 2026-10-03T05:43:56.895Z - [SYNC]: nx.json hash is the same, not collecting global sync generators
[NX v20.8.4 Daemon Server] - 2026-10-03T05:43:56.895Z - Time taken for 'total execution time for createProjectGraph()' 11.736375000000407ms
[NX v20.8.4 Daemon Server] - 2026-10-03T05:43:56.950Z - [WATCHER]: 3 file(s) created or restored, 0 file(s) modified, 3 file(s) deleted
[NX v20.8.4 Daemon Server] - 2026-10-03T05:43:57.051Z - [REQUEST]: Updated workspace context based on watched changes, recomputing project graph...
[NX v20.8.4 Daemon Server] - 2026-10-03T05:43:57.051Z - [REQUEST]: .nx/workspace-data/project-graph.json,.nx/workspace-data/file-map.json,.nx/workspace-data/source-maps.json
[NX v20.8.4 Daemon Server] - 2026-10-03T05:43:57.051Z - [REQUEST]: .nx/workspace-data/source-maps.json~9a486380,.nx/workspace-data/project-graph.json~9a486380,.nx/workspace-data/file-map.json~9a486380
[NX v20.8.4 Daemon Server] - 2026-10-03T05:43:57.053Z - Time taken for 'hash changed files from watcher' 0.6132500000021537ms
[NX v20.8.4 Daemon Server] - 2026-10-03T05:43:57.060Z - Time taken for 'build-project-configs' 6.2887919999993755ms
[NX v20.8.4 Daemon Server] - 2026-10-03T05:43:57.074Z - [SYNC]: collect registered sync generators
[NX v20.8.4 Daemon Server] - 2026-10-03T05:43:57.074Z - [SYNC]: project graph hash is the same, not collecting task sync generators
[NX v20.8.4 Daemon Server] - 2026-10-03T05:43:57.074Z - [SYNC]: nx.json hash is the same, not collecting global sync generators
[NX v20.8.4 Daemon Server] - 2026-10-03T05:43:57.074Z - Time taken for 'total execution time for createProjectGraph()' 10.133874999999534ms
[NX v20.8.4 Daemon Server] - 2026-10-03T05:43:57.128Z - [WATCHER]: 3 file(s) created or restored, 0 file(s) modified, 3 file(s) deleted
[NX v20.8.4 Daemon Server] - 2026-10-03T05:43:57.228Z - [REQUEST]: Updated workspace context based on watched changes, recomputing project graph...
[NX v20.8.4 Daemon Server] - 2026-10-03T05:43:57.228Z - [REQUEST]: .nx/workspace-data/project-graph.json,.nx/workspace-data/file-map.json,.nx/workspace-data/source-maps.json
[NX v20.8.4 Daemon Server] - 2026-10-03T05:43:57.228Z - [REQUEST]: .nx/workspace-data/project-graph.json~2d0be6f7,.nx/workspace-data/file-map.json~2d0be6f7,.nx/workspace-data/source-maps.json~2d0be6f7
[NX v20.8.4 Daemon Server] - 2026-10-03T05:43:57.229Z - Time taken for 'hash changed files from watcher' 0.45200000000477303ms
[NX v20.8.4 Daemon Server] - 2026-10-03T05:43:57.238Z - Time taken for 'build-project-configs' 7.591415999995661ms
[NX v20.8.4 Daemon Server] - 2026-10-03T05:43:57.252Z - [SYNC]: collect registered sync generators
[NX v20.8.4 Daemon Server] - 2026-10-03T05:43:57.252Z - [SYNC]: project graph hash is the same, not collecting task sync generators
[NX v20.8.4 Daemon Server] - 2026-10-03T05:43:57.252Z - [SYNC]: nx.json hash is the same, not collecting global sync generators
[NX v20.8.4 Daemon Server] - 2026-10-03T05:43:57.252Z - Time taken for 'total execution time for createProjectGraph()' 10.432291999997688ms
[NX v20.8.4 Daemon Server] - 2026-10-03T05:43:57.307Z - [WATCHER]: 3 file(s) created or restored, 0 file(s) modified, 3 file(s) deleted
[NX v20.8.4 Daemon Server] - 2026-10-03T05:43:57.407Z - [REQUEST]: Updated workspace context based on watched changes, recomputing project graph...
[NX v20.8.4 Daemon Server] - 2026-10-03T05:43:57.407Z - [REQUEST]: .nx/workspace-data/source-maps.json,.nx/workspace-data/project-graph.json,.nx/workspace-data/file-map.json
[NX v20.8.4 Daemon Server] - 2026-10-03T05:43:57.407Z - [REQUEST]: .nx/workspace-data/file-map.json~300d9d0e,.nx/workspace-data/project-graph.json~300d9d0e,.nx/workspace-data/source-maps.json~300d9d0e
[NX v20.8.4 Daemon Server] - 2026-10-03T05:43:57.408Z - Time taken for 'hash changed files from watcher' 0.5579589999979362ms
[NX v20.8.4 Daemon Server] - 2026-10-03T05:43:57.416Z - Time taken for 'build-project-configs' 6.299749999998312ms
[NX v20.8.4 Daemon Server] - 2026-10-03T05:43:57.430Z - [SYNC]: collect registered sync generators
[NX v20.8.4 Daemon Server] - 2026-10-03T05:43:57.430Z - [SYNC]: project graph hash is the same, not collecting task sync generators
[NX v20.8.4 Daemon Server] - 2026-10-03T05:43:57.430Z - [SYNC]: nx.json hash is the same, not collecting global sync generators
[NX v20.8.4 Daemon Server] - 2026-10-03T05:43:57.430Z - Time taken for 'total execution time for createProjectGraph()' 10.726707999994687ms
[NX v20.8.4 Daemon Server] - 2026-10-03T05:43:57.486Z - [WATCHER]: 3 file(s) created or restored, 0 file(s) modified, 3 file(s) deleted
[NX v20.8.4 Daemon Server] - 2026-10-03T05:43:57.588Z - [REQUEST]: Updated workspace context based on watched changes, recomputing project graph...
[NX v20.8.4 Daemon Server] - 2026-10-03T05:43:57.588Z - [REQUEST]: .nx/workspace-data/project-graph.json,.nx/workspace-data/source-maps.json,.nx/workspace-data/file-map.json
[NX v20.8.4 Daemon Server] - 2026-10-03T05:43:57.588Z - [REQUEST]: .nx/workspace-data/project-graph.json~96a7f717,.nx/workspace-data/source-maps.json~96a7f717,.nx/workspace-data/file-map.json~96a7f717
[NX v20.8.4 Daemon Server] - 2026-10-03T05:43:57.589Z - Time taken for 'hash changed files from watcher' 0.4847910000025877ms
[NX v20.8.4 Daemon Server] - 2026-10-03T05:43:57.597Z - Time taken for 'build-project-configs' 6.584582999996201ms
[NX v20.8.4 Daemon Server] - 2026-10-03T05:43:57.610Z - [SYNC]: collect registered sync generators
[NX v20.8.4 Daemon Server] - 2026-10-03T05:43:57.610Z - [SYNC]: project graph hash is the same, not collecting task sync generators
[NX v20.8.4 Daemon Server] - 2026-10-03T05:43:57.610Z - [SYNC]: nx.json hash is the same, not collecting global sync generators
[NX v20.8.4 Daemon Server] - 2026-10-03T05:43:57.610Z - Time taken for 'total execution time for createProjectGraph()' 9.872499999997672ms
[NX v20.8.4 Daemon Server] - 2026-10-03T05:43:57.663Z - [WATCHER]: 3 file(s) created or restored, 0 file(s) modified, 3 file(s) deleted
[NX v20.8.4 Daemon Server] - 2026-10-03T05:43:57.763Z - [REQUEST]: Updated workspace context based on watched changes, recomputing project graph...
[NX v20.8.4 Daemon Server] - 2026-10-03T05:43:57.764Z - [REQUEST]: .nx/workspace-data/project-graph.json,.nx/workspace-data/source-maps.json,.nx/workspace-data/file-map.json
[NX v20.8.4 Daemon Server] - 2026-10-03T05:43:57.764Z - [REQUEST]: .nx/workspace-data/file-map.json~97345c63,.nx/workspace-data/project-graph.json~97345c63,.nx/workspace-data/source-maps.json~97345c63
[NX v20.8.4 Daemon Server] - 2026-10-03T05:43:57.765Z - Time taken for 'hash changed files from watcher' 0.4423330000063288ms
[NX v20.8.4 Daemon Server] - 2026-10-03T05:43:57.774Z - Time taken for 'build-project-configs' 7.517416000002413ms
[NX v20.8.4 Daemon Server] - 2026-10-03T05:43:57.786Z - [SYNC]: collect registered sync generators
[NX v20.8.4 Daemon Server] - 2026-10-03T05:43:57.786Z - [SYNC]: project graph hash is the same, not collecting task sync generators
[NX v20.8.4 Daemon Server] - 2026-10-03T05:43:57.786Z - [SYNC]: nx.json hash is the same, not collecting global sync generators
[NX v20.8.4 Daemon Server] - 2026-10-03T05:43:57.786Z - Time taken for 'total execution time for createProjectGraph()' 9.584083000001556ms
[NX v20.8.4 Daemon Server] - 2026-10-03T05:43:57.841Z - [WATCHER]: 3 file(s) created or restored, 0 file(s) modified, 3 file(s) deleted
[NX v20.8.4 Daemon Server] - 2026-10-03T05:43:57.943Z - [REQUEST]: Updated workspace context based on watched changes, recomputing project graph...
[NX v20.8.4 Daemon Server] - 2026-10-03T05:43:57.943Z - [REQUEST]: .nx/workspace-data/source-maps.json,.nx/workspace-data/file-map.json,.nx/workspace-data/project-graph.json
[NX v20.8.4 Daemon Server] - 2026-10-03T05:43:57.943Z - [REQUEST]: .nx/workspace-data/file-map.json~b29d6166,.nx/workspace-data/source-maps.json~b29d6166,.nx/workspace-data/project-graph.json~b29d6166
[NX v20.8.4 Daemon Server] - 2026-10-03T05:43:57.944Z - Time taken for 'hash changed files from watcher' 0.5639159999991534ms
[NX v20.8.4 Daemon Server] - 2026-10-03T05:43:57.952Z - Time taken for 'build-project-configs' 6.8903750000026776ms
[NX v20.8.4 Daemon Server] - 2026-10-03T05:43:57.965Z - [SYNC]: collect registered sync generators
[NX v20.8.4 Daemon Server] - 2026-10-03T05:43:57.965Z - [SYNC]: project graph hash is the same, not collecting task sync generators
[NX v20.8.4 Daemon Server] - 2026-10-03T05:43:57.965Z - [SYNC]: nx.json hash is the same, not collecting global sync generators
[NX v20.8.4 Daemon Server] - 2026-10-03T05:43:57.965Z - Time taken for 'total execution time for createProjectGraph()' 10.45770800000173ms
[NX v20.8.4 Daemon Server] - 2026-10-03T05:43:58.021Z - [WATCHER]: 3 file(s) created or restored, 0 file(s) modified, 3 file(s) deleted
[NX v20.8.4 Daemon Server] - 2026-10-03T05:43:58.122Z - [REQUEST]: Updated workspace context based on watched changes, recomputing project graph...
[NX v20.8.4 Daemon Server] - 2026-10-03T05:43:58.122Z - [REQUEST]: .nx/workspace-data/project-graph.json,.nx/workspace-data/file-map.json,.nx/workspace-data/source-maps.json
[NX v20.8.4 Daemon Server] - 2026-10-03T05:43:58.122Z - [REQUEST]: .nx/workspace-data/source-maps.json~95695361,.nx/workspace-data/project-graph.json~95695361,.nx/workspace-data/file-map.json~95695361
[NX v20.8.4 Daemon Server] - 2026-10-03T05:43:58.123Z - Time taken for 'hash changed files from watcher' 0.4309999999968568ms
[NX v20.8.4 Daemon Server] - 2026-10-03T05:43:58.131Z - Time taken for 'build-project-configs' 6.506874999999127ms
[NX v20.8.4 Daemon Server] - 2026-10-03T05:43:58.146Z - [SYNC]: collect registered sync generators
[NX v20.8.4 Daemon Server] - 2026-10-03T05:43:58.146Z - [SYNC]: project graph hash is the same, not collecting task sync generators
[NX v20.8.4 Daemon Server] - 2026-10-03T05:43:58.146Z - [SYNC]: nx.json hash is the same, not collecting global sync generators
[NX v20.8.4 Daemon Server] - 2026-10-03T05:43:58.146Z - Time taken for 'total execution time for createProjectGraph()' 11.268666000003577ms
[NX v20.8.4 Daemon Server] - 2026-10-03T05:43:58.199Z - [WATCHER]: 3 file(s) created or restored, 0 file(s) modified, 3 file(s) deleted
[NX v20.8.4 Daemon Server] - 2026-10-03T05:43:58.300Z - [REQUEST]: Updated workspace context based on watched changes, recomputing project graph...
[NX v20.8.4 Daemon Server] - 2026-10-03T05:43:58.300Z - [REQUEST]: .nx/workspace-data/source-maps.json,.nx/workspace-data/project-graph.json,.nx/workspace-data/file-map.json
[NX v20.8.4 Daemon Server] - 2026-10-03T05:43:58.300Z - [REQUEST]: .nx/workspace-data/file-map.json~d6088be3,.nx/workspace-data/source-maps.json~d6088be3,.nx/workspace-data/project-graph.json~d6088be3
[NX v20.8.4 Daemon Server] - 2026-10-03T05:43:58.302Z - Time taken for 'hash changed files from watcher' 0.4475830000010319ms
[NX v20.8.4 Daemon Server] - 2026-10-03T05:43:58.310Z - Time taken for 'build-project-configs' 7.442458999998053ms
[NX v20.8.4 Daemon Server] - 2026-10-03T05:43:58.322Z - [SYNC]: collect registered sync generators
[NX v20.8.4 Daemon Server] - 2026-10-03T05:43:58.323Z - [SYNC]: project graph hash is the same, not collecting task sync generators
[NX v20.8.4 Daemon Server] - 2026-10-03T05:43:58.323Z - [SYNC]: nx.json hash is the same, not collecting global sync generators
[NX v20.8.4 Daemon Server] - 2026-10-03T05:43:58.323Z - Time taken for 'total execution time for createProjectGraph()' 9.614083000000392ms
[NX v20.8.4 Daemon Server] - 2026-10-03T05:43:58.380Z - [WATCHER]: 3 file(s) created or restored, 0 file(s) modified, 3 file(s) deleted
[NX v20.8.4 Daemon Server] - 2026-10-03T05:43:58.482Z - [REQUEST]: Updated workspace context based on watched changes, recomputing project graph...
[NX v20.8.4 Daemon Server] - 2026-10-03T05:43:58.482Z - [REQUEST]: .nx/workspace-data/source-maps.json,.nx/workspace-data/file-map.json,.nx/workspace-data/project-graph.json
[NX v20.8.4 Daemon Server] - 2026-10-03T05:43:58.482Z - [REQUEST]: .nx/workspace-data/project-graph.json~cde3bf1d,.nx/workspace-data/file-map.json~cde3bf1d,.nx/workspace-data/source-maps.json~cde3bf1d
[NX v20.8.4 Daemon Server] - 2026-10-03T05:43:58.483Z - Time taken for 'hash changed files from watcher' 0.521999999997206ms
[NX v20.8.4 Daemon Server] - 2026-10-03T05:43:58.492Z - Time taken for 'build-project-configs' 6.897584000005736ms
[NX v20.8.4 Daemon Server] - 2026-10-03T05:43:58.526Z - [SYNC]: collect registered sync generators
[NX v20.8.4 Daemon Server] - 2026-10-03T05:43:58.527Z - [SYNC]: project graph hash is the same, not collecting task sync generators
[NX v20.8.4 Daemon Server] - 2026-10-03T05:43:58.527Z - [SYNC]: nx.json hash is the same, not collecting global sync generators
[NX v20.8.4 Daemon Server] - 2026-10-03T05:43:58.527Z - Time taken for 'total execution time for createProjectGraph()' 9.744375000002037ms
[NX v20.8.4 Daemon Server] - 2026-10-03T05:43:58.579Z - [WATCHER]: 3 file(s) created or restored, 0 file(s) modified, 3 file(s) deleted
[NX v20.8.4 Daemon Server] - 2026-10-03T05:43:58.679Z - [REQUEST]: Updated workspace context based on watched changes, recomputing project graph...
[NX v20.8.4 Daemon Server] - 2026-10-03T05:43:58.679Z - [REQUEST]: .nx/workspace-data/file-map.json,.nx/workspace-data/project-graph.json,.nx/workspace-data/source-maps.json
[NX v20.8.4 Daemon Server] - 2026-10-03T05:43:58.679Z - [REQUEST]: .nx/workspace-data/file-map.json~65946cfc,.nx/workspace-data/source-maps.json~65946cfc,.nx/workspace-data/project-graph.json~65946cfc
[NX v20.8.4 Daemon Server] - 2026-10-03T05:43:58.680Z - Time taken for 'hash changed files from watcher' 0.43224999999802094ms
[NX v20.8.4 Daemon Server] - 2026-10-03T05:43:58.688Z - Time taken for 'build-project-configs' 6.537749999995867ms
[NX v20.8.4 Daemon Server] - 2026-10-03T05:43:58.701Z - [SYNC]: collect registered sync generators
[NX v20.8.4 Daemon Server] - 2026-10-03T05:43:58.701Z - [SYNC]: project graph hash is the same, not collecting task sync generators
[NX v20.8.4 Daemon Server] - 2026-10-03T05:43:58.701Z - [SYNC]: nx.json hash is the same, not collecting global sync generators
[NX v20.8.4 Daemon Server] - 2026-10-03T05:43:58.701Z - Time taken for 'total execution time for createProjectGraph()' 10.060499999999593ms
[NX v20.8.4 Daemon Server] - 2026-10-03T05:43:58.763Z - [WATCHER]: 3 file(s) created or restored, 0 file(s) modified, 3 file(s) deleted
[NX v20.8.4 Daemon Server] - 2026-10-03T05:43:58.864Z - [REQUEST]: Updated workspace context based on watched changes, recomputing project graph...
[NX v20.8.4 Daemon Server] - 2026-10-03T05:43:58.864Z - [REQUEST]: .nx/workspace-data/file-map.json,.nx/workspace-data/project-graph.json,.nx/workspace-data/source-maps.json
[NX v20.8.4 Daemon Server] - 2026-10-03T05:43:58.864Z - [REQUEST]: .nx/workspace-data/source-maps.json~02ffe955,.nx/workspace-data/file-map.json~02ffe955,.nx/workspace-data/project-graph.json~02ffe955
[NX v20.8.4 Daemon Server] - 2026-10-03T05:43:58.865Z - Time taken for 'hash changed files from watcher' 0.43145799999911105ms
[NX v20.8.4 Daemon Server] - 2026-10-03T05:43:58.874Z - Time taken for 'build-project-configs' 7.583915999995952ms
[NX v20.8.4 Daemon Server] - 2026-10-03T05:43:58.887Z - [SYNC]: collect registered sync generators
[NX v20.8.4 Daemon Server] - 2026-10-03T05:43:58.887Z - [SYNC]: project graph hash is the same, not collecting task sync generators
[NX v20.8.4 Daemon Server] - 2026-10-03T05:43:58.887Z - [SYNC]: nx.json hash is the same, not collecting global sync generators
[NX v20.8.4 Daemon Server] - 2026-10-03T05:43:58.887Z - Time taken for 'total execution time for createProjectGraph()' 10.206708000005165ms
[NX v20.8.4 Daemon Server] - 2026-10-03T05:43:58.950Z - [WATCHER]: 3 file(s) created or restored, 0 file(s) modified, 3 file(s) deleted
[NX v20.8.4 Daemon Server] - 2026-10-03T05:43:59.050Z - [REQUEST]: Updated workspace context based on watched changes, recomputing project graph...
[NX v20.8.4 Daemon Server] - 2026-10-03T05:43:59.050Z - [REQUEST]: .nx/workspace-data/file-map.json,.nx/workspace-data/project-graph.json,.nx/workspace-data/source-maps.json
[NX v20.8.4 Daemon Server] - 2026-10-03T05:43:59.050Z - [REQUEST]: .nx/workspace-data/file-map.json~c47a3746,.nx/workspace-data/source-maps.json~c47a3746,.nx/workspace-data/project-graph.json~c47a3746
[NX v20.8.4 Daemon Server] - 2026-10-03T05:43:59.051Z - Time taken for 'hash changed files from watcher' 0.49870799999916926ms
[NX v20.8.4 Daemon Server] - 2026-10-03T05:43:59.059Z - Time taken for 'build-project-configs' 6.449000000000524ms
[NX v20.8.4 Daemon Server] - 2026-10-03T05:43:59.072Z - [SYNC]: collect registered sync generators
[NX v20.8.4 Daemon Server] - 2026-10-03T05:43:59.072Z - [SYNC]: project graph hash is the same, not collecting task sync generators
[NX v20.8.4 Daemon Server] - 2026-10-03T05:43:59.072Z - [SYNC]: nx.json hash is the same, not collecting global sync generators
[NX v20.8.4 Daemon Server] - 2026-10-03T05:43:59.072Z - Time taken for 'total execution time for createProjectGraph()' 10.258957999998529ms
[NX v20.8.4 Daemon Server] - 2026-10-03T05:43:59.129Z - [WATCHER]: 3 file(s) created or restored, 0 file(s) modified, 3 file(s) deleted
[NX v20.8.4 Daemon Server] - 2026-10-03T05:43:59.229Z - [REQUEST]: Updated workspace context based on watched changes, recomputing project graph...
[NX v20.8.4 Daemon Server] - 2026-10-03T05:43:59.229Z - [REQUEST]: .nx/workspace-data/project-graph.json,.nx/workspace-data/source-maps.json,.nx/workspace-data/file-map.json
[NX v20.8.4 Daemon Server] - 2026-10-03T05:43:59.229Z - [REQUEST]: .nx/workspace-data/project-graph.json~fa90cc78,.nx/workspace-data/source-maps.json~fa90cc78,.nx/workspace-data/file-map.json~fa90cc78
[NX v20.8.4 Daemon Server] - 2026-10-03T05:43:59.230Z - Time taken for 'hash changed files from watcher' 0.42491700000391575ms
[NX v20.8.4 Daemon Server] - 2026-10-03T05:43:59.238Z - Time taken for 'build-project-configs' 6.17004199999792ms
[NX v20.8.4 Daemon Server] - 2026-10-03T05:43:59.250Z - [SYNC]: collect registered sync generators
[NX v20.8.4 Daemon Server] - 2026-10-03T05:43:59.250Z - [SYNC]: project graph hash is the same, not collecting task sync generators
[NX v20.8.4 Daemon Server] - 2026-10-03T05:43:59.250Z - [SYNC]: nx.json hash is the same, not collecting global sync generators
[NX v20.8.4 Daemon Server] - 2026-10-03T05:43:59.250Z - Time taken for 'total execution time for createProjectGraph()' 9.874041000002762ms
[NX v20.8.4 Daemon Server] - 2026-10-03T05:43:59.314Z - [WATCHER]: 3 file(s) created or restored, 0 file(s) modified, 3 file(s) deleted
[NX v20.8.4 Daemon Server] - 2026-10-03T05:43:59.414Z - [REQUEST]: Updated workspace context based on watched changes, recomputing project graph...
[NX v20.8.4 Daemon Server] - 2026-10-03T05:43:59.414Z - [REQUEST]: .nx/workspace-data/file-map.json,.nx/workspace-data/project-graph.json,.nx/workspace-data/source-maps.json
[NX v20.8.4 Daemon Server] - 2026-10-03T05:43:59.414Z - [REQUEST]: .nx/workspace-data/source-maps.json~5942d0cf,.nx/workspace-data/project-graph.json~5942d0cf,.nx/workspace-data/file-map.json~5942d0cf
[NX v20.8.4 Daemon Server] - 2026-10-03T05:43:59.415Z - Time taken for 'hash changed files from watcher' 0.455999999998312ms
[NX v20.8.4 Daemon Server] - 2026-10-03T05:43:59.424Z - Time taken for 'build-project-configs' 7.025041000000783ms
[NX v20.8.4 Daemon Server] - 2026-10-03T05:43:59.436Z - [SYNC]: collect registered sync generators
[NX v20.8.4 Daemon Server] - 2026-10-03T05:43:59.437Z - [SYNC]: project graph hash is the same, not collecting task sync generators
[NX v20.8.4 Daemon Server] - 2026-10-03T05:43:59.437Z - [SYNC]: nx.json hash is the same, not collecting global sync generators
[NX v20.8.4 Daemon Server] - 2026-10-03T05:43:59.437Z - Time taken for 'total execution time for createProjectGraph()' 9.885041999994428ms
[NX v20.8.4 Daemon Server] - 2026-10-03T05:43:59.500Z - [WATCHER]: 3 file(s) created or restored, 0 file(s) modified, 3 file(s) deleted
[NX v20.8.4 Daemon Server] - 2026-10-03T05:43:59.601Z - [REQUEST]: Updated workspace context based on watched changes, recomputing project graph...
[NX v20.8.4 Daemon Server] - 2026-10-03T05:43:59.601Z - [REQUEST]: .nx/workspace-data/file-map.json,.nx/workspace-data/source-maps.json,.nx/workspace-data/project-graph.json
[NX v20.8.4 Daemon Server] - 2026-10-03T05:43:59.601Z - [REQUEST]: .nx/workspace-data/source-maps.json~db9900f0,.nx/workspace-data/file-map.json~db9900f0,.nx/workspace-data/project-graph.json~db9900f0
[NX v20.8.4 Daemon Server] - 2026-10-03T05:43:59.603Z - Time taken for 'hash changed files from watcher' 0.4739170000029844ms
[NX v20.8.4 Daemon Server] - 2026-10-03T05:43:59.611Z - Time taken for 'build-project-configs' 6.695416999995359ms
[NX v20.8.4 Daemon Server] - 2026-10-03T05:43:59.627Z - [SYNC]: collect registered sync generators
[NX v20.8.4 Daemon Server] - 2026-10-03T05:43:59.627Z - [SYNC]: project graph hash is the same, not collecting task sync generators
[NX v20.8.4 Daemon Server] - 2026-10-03T05:43:59.627Z - [SYNC]: nx.json hash is the same, not collecting global sync generators
[NX v20.8.4 Daemon Server] - 2026-10-03T05:43:59.627Z - Time taken for 'total execution time for createProjectGraph()' 12.758625000002212ms
[NX v20.8.4 Daemon Server] - 2026-10-03T05:43:59.689Z - [WATCHER]: 3 file(s) created or restored, 0 file(s) modified, 3 file(s) deleted
[NX v20.8.4 Daemon Server] - 2026-10-03T05:43:59.790Z - [REQUEST]: Updated workspace context based on watched changes, recomputing project graph...
[NX v20.8.4 Daemon Server] - 2026-10-03T05:43:59.790Z - [REQUEST]: .nx/workspace-data/project-graph.json,.nx/workspace-data/source-maps.json,.nx/workspace-data/file-map.json
[NX v20.8.4 Daemon Server] - 2026-10-03T05:43:59.790Z - [REQUEST]: .nx/workspace-data/file-map.json~23ac1142,.nx/workspace-data/project-graph.json~23ac1142,.nx/workspace-data/source-maps.json~23ac1142
[NX v20.8.4 Daemon Server] - 2026-10-03T05:43:59.791Z - Time taken for 'hash changed files from watcher' 0.48491700000158744ms
[NX v20.8.4 Daemon Server] - 2026-10-03T05:43:59.799Z - Time taken for 'build-project-configs' 6.717250000001513ms
[NX v20.8.4 Daemon Server] - 2026-10-03T05:43:59.812Z - [SYNC]: collect registered sync generators
[NX v20.8.4 Daemon Server] - 2026-10-03T05:43:59.812Z - [SYNC]: project graph hash is the same, not collecting task sync generators
[NX v20.8.4 Daemon Server] - 2026-10-03T05:43:59.812Z - [SYNC]: nx.json hash is the same, not collecting global sync generators
[NX v20.8.4 Daemon Server] - 2026-10-03T05:43:59.812Z - Time taken for 'total execution time for createProjectGraph()' 10.346208999995724ms
[NX v20.8.4 Daemon Server] - 2026-10-03T05:43:59.878Z - [WATCHER]: 3 file(s) created or restored, 0 file(s) modified, 3 file(s) deleted
[NX v20.8.4 Daemon Server] - 2026-10-03T05:43:59.979Z - [REQUEST]: Updated workspace context based on watched changes, recomputing project graph...
[NX v20.8.4 Daemon Server] - 2026-10-03T05:43:59.979Z - [REQUEST]: .nx/workspace-data/project-graph.json,.nx/workspace-data/source-maps.json,.nx/workspace-data/file-map.json
[NX v20.8.4 Daemon Server] - 2026-10-03T05:43:59.979Z - [REQUEST]: .nx/workspace-data/source-maps.json~67f38eee,.nx/workspace-data/project-graph.json~67f38eee,.nx/workspace-data/file-map.json~67f38eee
[NX v20.8.4 Daemon Server] - 2026-10-03T05:43:59.980Z - Time taken for 'hash changed files from watcher' 0.4136670000007143ms
[NX v20.8.4 Daemon Server] - 2026-10-03T05:43:59.990Z - Time taken for 'build-project-configs' 7.938499999996566ms
[NX v20.8.4 Daemon Server] - 2026-10-03T05:44:00.003Z - [SYNC]: collect registered sync generators
[NX v20.8.4 Daemon Server] - 2026-10-03T05:44:00.003Z - [SYNC]: project graph hash is the same, not collecting task sync generators
[NX v20.8.4 Daemon Server] - 2026-10-03T05:44:00.003Z - [SYNC]: nx.json hash is the same, not collecting global sync generators
[NX v20.8.4 Daemon Server] - 2026-10-03T05:44:00.003Z - Time taken for 'total execution time for createProjectGraph()' 10.772375000000466ms
[NX v20.8.4 Daemon Server] - 2026-10-03T05:44:00.071Z - [WATCHER]: 3 file(s) created or restored, 0 file(s) modified, 3 file(s) deleted
[NX v20.8.4 Daemon Server] - 2026-10-03T05:44:00.173Z - [REQUEST]: Updated workspace context based on watched changes, recomputing project graph...
[NX v20.8.4 Daemon Server] - 2026-10-03T05:44:00.173Z - [REQUEST]: .nx/workspace-data/file-map.json,.nx/workspace-data/source-maps.json,.nx/workspace-data/project-graph.json
[NX v20.8.4 Daemon Server] - 2026-10-03T05:44:00.173Z - [REQUEST]: .nx/workspace-data/source-maps.json~c0cc0d65,.nx/workspace-data/file-map.json~c0cc0d65,.nx/workspace-data/project-graph.json~c0cc0d65
[NX v20.8.4 Daemon Server] - 2026-10-03T05:44:00.174Z - Time taken for 'hash changed files from watcher' 1.6900840000016615ms
[NX v20.8.4 Daemon Server] - 2026-10-03T05:44:00.183Z - Time taken for 'build-project-configs' 6.935708000004524ms
[NX v20.8.4 Daemon Server] - 2026-10-03T05:44:00.198Z - [SYNC]: collect registered sync generators
[NX v20.8.4 Daemon Server] - 2026-10-03T05:44:00.198Z - [SYNC]: project graph hash is the same, not collecting task sync generators
[NX v20.8.4 Daemon Server] - 2026-10-03T05:44:00.198Z - [SYNC]: nx.json hash is the same, not collecting global sync generators
[NX v20.8.4 Daemon Server] - 2026-10-03T05:44:00.198Z - Time taken for 'total execution time for createProjectGraph()' 11.950166000002355ms
[NX v20.8.4 Daemon Server] - 2026-10-03T05:44:00.257Z - [WATCHER]: 3 file(s) created or restored, 0 file(s) modified, 3 file(s) deleted
[NX v20.8.4 Daemon Server] - 2026-10-03T05:44:00.358Z - [REQUEST]: Updated workspace context based on watched changes, recomputing project graph...
[NX v20.8.4 Daemon Server] - 2026-10-03T05:44:00.358Z - [REQUEST]: .nx/workspace-data/project-graph.json,.nx/workspace-data/file-map.json,.nx/workspace-data/source-maps.json
[NX v20.8.4 Daemon Server] - 2026-10-03T05:44:00.358Z - [REQUEST]: .nx/workspace-data/source-maps.json~0f853351,.nx/workspace-data/project-graph.json~0f853351,.nx/workspace-data/file-map.json~0f853351
[NX v20.8.4 Daemon Server] - 2026-10-03T05:44:00.359Z - Time taken for 'hash changed files from watcher' 0.4867909999957192ms
[NX v20.8.4 Daemon Server] - 2026-10-03T05:44:00.367Z - Time taken for 'build-project-configs' 6.441708000005747ms
[NX v20.8.4 Daemon Server] - 2026-10-03T05:44:00.379Z - [SYNC]: collect registered sync generators
[NX v20.8.4 Daemon Server] - 2026-10-03T05:44:00.380Z - [SYNC]: project graph hash is the same, not collecting task sync generators
[NX v20.8.4 Daemon Server] - 2026-10-03T05:44:00.380Z - [SYNC]: nx.json hash is the same, not collecting global sync generators
[NX v20.8.4 Daemon Server] - 2026-10-03T05:44:00.380Z - Time taken for 'total execution time for createProjectGraph()' 9.951624999994237ms
[NX v20.8.4 Daemon Server] - 2026-10-03T05:44:00.447Z - [WATCHER]: 3 file(s) created or restored, 0 file(s) modified, 3 file(s) deleted
[NX v20.8.4 Daemon Server] - 2026-10-03T05:44:00.548Z - [REQUEST]: Updated workspace context based on watched changes, recomputing project graph...
[NX v20.8.4 Daemon Server] - 2026-10-03T05:44:00.548Z - [REQUEST]: .nx/workspace-data/source-maps.json,.nx/workspace-data/project-graph.json,.nx/workspace-data/file-map.json
[NX v20.8.4 Daemon Server] - 2026-10-03T05:44:00.548Z - [REQUEST]: .nx/workspace-data/project-graph.json~285cc5ce,.nx/workspace-data/file-map.json~285cc5ce,.nx/workspace-data/source-maps.json~285cc5ce
[NX v20.8.4 Daemon Server] - 2026-10-03T05:44:00.549Z - Time taken for 'hash changed files from watcher' 0.5723749999961001ms
[NX v20.8.4 Daemon Server] - 2026-10-03T05:44:00.557Z - Time taken for 'build-project-configs' 7.512166000000434ms
[NX v20.8.4 Daemon Server] - 2026-10-03T05:44:00.570Z - [SYNC]: collect registered sync generators
[NX v20.8.4 Daemon Server] - 2026-10-03T05:44:00.570Z - [SYNC]: project graph hash is the same, not collecting task sync generators
[NX v20.8.4 Daemon Server] - 2026-10-03T05:44:00.570Z - [SYNC]: nx.json hash is the same, not collecting global sync generators
[NX v20.8.4 Daemon Server] - 2026-10-03T05:44:00.570Z - Time taken for 'total execution time for createProjectGraph()' 9.264708000002429ms
[NX v20.8.4 Daemon Server] - 2026-10-03T05:44:00.642Z - [WATCHER]: 3 file(s) created or restored, 0 file(s) modified, 3 file(s) deleted
[NX v20.8.4 Daemon Server] - 2026-10-03T05:44:00.744Z - [REQUEST]: Updated workspace context based on watched changes, recomputing project graph...
[NX v20.8.4 Daemon Server] - 2026-10-03T05:44:00.744Z - [REQUEST]: .nx/workspace-data/file-map.json,.nx/workspace-data/source-maps.json,.nx/workspace-data/project-graph.json
[NX v20.8.4 Daemon Server] - 2026-10-03T05:44:00.744Z - [REQUEST]: .nx/workspace-data/file-map.json~64d75c86,.nx/workspace-data/source-maps.json~64d75c86,.nx/workspace-data/project-graph.json~64d75c86
[NX v20.8.4 Daemon Server] - 2026-10-03T05:44:00.745Z - Time taken for 'hash changed files from watcher' 0.5516659999993863ms
[NX v20.8.4 Daemon Server] - 2026-10-03T05:44:00.753Z - Time taken for 'build-project-configs' 6.732291999993322ms
[NX v20.8.4 Daemon Server] - 2026-10-03T05:44:00.766Z - [SYNC]: collect registered sync generators
[NX v20.8.4 Daemon Server] - 2026-10-03T05:44:00.767Z - [SYNC]: project graph hash is the same, not collecting task sync generators
[NX v20.8.4 Daemon Server] - 2026-10-03T05:44:00.767Z - [SYNC]: nx.json hash is the same, not collecting global sync generators
[NX v20.8.4 Daemon Server] - 2026-10-03T05:44:00.767Z - Time taken for 'total execution time for createProjectGraph()' 10.08741700000246ms
[NX v20.8.4 Daemon Server] - 2026-10-03T05:44:00.831Z - [WATCHER]: 3 file(s) created or restored, 0 file(s) modified, 3 file(s) deleted
[NX v20.8.4 Daemon Server] - 2026-10-03T05:44:00.931Z - [REQUEST]: Updated workspace context based on watched changes, recomputing project graph...
[NX v20.8.4 Daemon Server] - 2026-10-03T05:44:00.931Z - [REQUEST]: .nx/workspace-data/project-graph.json,.nx/workspace-data/source-maps.json,.nx/workspace-data/file-map.json
[NX v20.8.4 Daemon Server] - 2026-10-03T05:44:00.931Z - [REQUEST]: .nx/workspace-data/source-maps.json~4405b411,.nx/workspace-data/file-map.json~4405b411,.nx/workspace-data/project-graph.json~4405b411
[NX v20.8.4 Daemon Server] - 2026-10-03T05:44:00.932Z - Time taken for 'hash changed files from watcher' 0.3982499999983702ms
[NX v20.8.4 Daemon Server] - 2026-10-03T05:44:00.941Z - Time taken for 'build-project-configs' 7.0416669999976875ms
[NX v20.8.4 Daemon Server] - 2026-10-03T05:44:00.954Z - [SYNC]: collect registered sync generators
[NX v20.8.4 Daemon Server] - 2026-10-03T05:44:00.955Z - [SYNC]: project graph hash is the same, not collecting task sync generators
[NX v20.8.4 Daemon Server] - 2026-10-03T05:44:00.955Z - [SYNC]: nx.json hash is the same, not collecting global sync generators
[NX v20.8.4 Daemon Server] - 2026-10-03T05:44:00.955Z - Time taken for 'total execution time for createProjectGraph()' 10.85166699999536ms
[NX v20.8.4 Daemon Server] - 2026-10-03T05:44:01.009Z - [WATCHER]: 3 file(s) created or restored, 0 file(s) modified, 3 file(s) deleted
[NX v20.8.4 Daemon Server] - 2026-10-03T05:44:01.111Z - [REQUEST]: Updated workspace context based on watched changes, recomputing project graph...
[NX v20.8.4 Daemon Server] - 2026-10-03T05:44:01.111Z - [REQUEST]: .nx/workspace-data/source-maps.json,.nx/workspace-data/project-graph.json,.nx/workspace-data/file-map.json
[NX v20.8.4 Daemon Server] - 2026-10-03T05:44:01.111Z - [REQUEST]: .nx/workspace-data/source-maps.json~84c1c748,.nx/workspace-data/file-map.json~84c1c748,.nx/workspace-data/project-graph.json~84c1c748
[NX v20.8.4 Daemon Server] - 2026-10-03T05:44:01.112Z - Time taken for 'hash changed files from watcher' 0.4230829999942216ms
[NX v20.8.4 Daemon Server] - 2026-10-03T05:44:01.121Z - Time taken for 'build-project-configs' 7.881667000001471ms
[NX v20.8.4 Daemon Server] - 2026-10-03T05:44:01.134Z - [SYNC]: collect registered sync generators
[NX v20.8.4 Daemon Server] - 2026-10-03T05:44:01.134Z - [SYNC]: project graph hash is the same, not collecting task sync generators
[NX v20.8.4 Daemon Server] - 2026-10-03T05:44:01.135Z - [SYNC]: nx.json hash is the same, not collecting global sync generators
[NX v20.8.4 Daemon Server] - 2026-10-03T05:44:01.135Z - Time taken for 'total execution time for createProjectGraph()' 10.288333000004059ms
[NX v20.8.4 Daemon Server] - 2026-10-03T05:44:01.197Z - [WATCHER]: 3 file(s) created or restored, 0 file(s) modified, 3 file(s) deleted
[NX v20.8.4 Daemon Server] - 2026-10-03T05:44:01.297Z - [REQUEST]: Updated workspace context based on watched changes, recomputing project graph...
[NX v20.8.4 Daemon Server] - 2026-10-03T05:44:01.297Z - [REQUEST]: .nx/workspace-data/file-map.json,.nx/workspace-data/project-graph.json,.nx/workspace-data/source-maps.json
[NX v20.8.4 Daemon Server] - 2026-10-03T05:44:01.297Z - [REQUEST]: .nx/workspace-data/project-graph.json~287819d1,.nx/workspace-data/source-maps.json~287819d1,.nx/workspace-data/file-map.json~287819d1
[NX v20.8.4 Daemon Server] - 2026-10-03T05:44:01.298Z - Time taken for 'hash changed files from watcher' 0.4452090000049793ms
[NX v20.8.4 Daemon Server] - 2026-10-03T05:44:01.306Z - Time taken for 'build-project-configs' 6.675041000002238ms
[NX v20.8.4 Daemon Server] - 2026-10-03T05:44:01.320Z - [SYNC]: collect registered sync generators
[NX v20.8.4 Daemon Server] - 2026-10-03T05:44:01.320Z - [SYNC]: project graph hash is the same, not collecting task sync generators
[NX v20.8.4 Daemon Server] - 2026-10-03T05:44:01.320Z - [SYNC]: nx.json hash is the same, not collecting global sync generators
[NX v20.8.4 Daemon Server] - 2026-10-03T05:44:01.320Z - Time taken for 'total execution time for createProjectGraph()' 10.306958000001032ms
[NX v20.8.4 Daemon Server] - 2026-10-03T05:44:01.387Z - [WATCHER]: 3 file(s) created or restored, 0 file(s) modified, 3 file(s) deleted
[NX v20.8.4 Daemon Server] - 2026-10-03T05:44:01.489Z - [REQUEST]: Updated workspace context based on watched changes, recomputing project graph...
[NX v20.8.4 Daemon Server] - 2026-10-03T05:44:01.489Z - [REQUEST]: .nx/workspace-data/file-map.json,.nx/workspace-data/source-maps.json,.nx/workspace-data/project-graph.json
[NX v20.8.4 Daemon Server] - 2026-10-03T05:44:01.489Z - [REQUEST]: .nx/workspace-data/project-graph.json~10fd8d78,.nx/workspace-data/file-map.json~10fd8d78,.nx/workspace-data/source-maps.json~10fd8d78
[NX v20.8.4 Daemon Server] - 2026-10-03T05:44:01.490Z - Time taken for 'hash changed files from watcher' 0.4922500000029686ms
[NX v20.8.4 Daemon Server] - 2026-10-03T05:44:01.498Z - Time taken for 'build-project-configs' 6.393416999999317ms
[NX v20.8.4 Daemon Server] - 2026-10-03T05:44:01.512Z - [SYNC]: collect registered sync generators
[NX v20.8.4 Daemon Server] - 2026-10-03T05:44:01.512Z - [SYNC]: project graph hash is the same, not collecting task sync generators
[NX v20.8.4 Daemon Server] - 2026-10-03T05:44:01.512Z - [SYNC]: nx.json hash is the same, not collecting global sync generators
[NX v20.8.4 Daemon Server] - 2026-10-03T05:44:01.512Z - Time taken for 'total execution time for createProjectGraph()' 11.101166000000376ms
[NX v20.8.4 Daemon Server] - 2026-10-03T05:44:01.574Z - [WATCHER]: 3 file(s) created or restored, 0 file(s) modified, 3 file(s) deleted
[NX v20.8.4 Daemon Server] - 2026-10-03T05:44:01.676Z - [REQUEST]: Updated workspace context based on watched changes, recomputing project graph...
[NX v20.8.4 Daemon Server] - 2026-10-03T05:44:01.676Z - [REQUEST]: .nx/workspace-data/source-maps.json,.nx/workspace-data/file-map.json,.nx/workspace-data/project-graph.json
[NX v20.8.4 Daemon Server] - 2026-10-03T05:44:01.676Z - [REQUEST]: .nx/workspace-data/project-graph.json~c7d20dfe,.nx/workspace-data/source-maps.json~c7d20dfe,.nx/workspace-data/file-map.json~c7d20dfe
[NX v20.8.4 Daemon Server] - 2026-10-03T05:44:01.677Z - Time taken for 'hash changed files from watcher' 0.6090409999960684ms
[NX v20.8.4 Daemon Server] - 2026-10-03T05:44:01.687Z - Time taken for 'build-project-configs' 8.490582999998878ms
[NX v20.8.4 Daemon Server] - 2026-10-03T05:44:01.701Z - [SYNC]: collect registered sync generators
[NX v20.8.4 Daemon Server] - 2026-10-03T05:44:01.702Z - [SYNC]: project graph hash is the same, not collecting task sync generators
[NX v20.8.4 Daemon Server] - 2026-10-03T05:44:01.702Z - [SYNC]: nx.json hash is the same, not collecting global sync generators
[NX v20.8.4 Daemon Server] - 2026-10-03T05:44:01.702Z - Time taken for 'total execution time for createProjectGraph()' 11.209541999996873ms
[NX v20.8.4 Daemon Server] - 2026-10-03T05:44:01.764Z - [WATCHER]: 3 file(s) created or restored, 0 file(s) modified, 3 file(s) deleted
[NX v20.8.4 Daemon Server] - 2026-10-03T05:44:01.865Z - [REQUEST]: Updated workspace context based on watched changes, recomputing project graph...
[NX v20.8.4 Daemon Server] - 2026-10-03T05:44:01.865Z - [REQUEST]: .nx/workspace-data/file-map.json,.nx/workspace-data/project-graph.json,.nx/workspace-data/source-maps.json
[NX v20.8.4 Daemon Server] - 2026-10-03T05:44:01.865Z - [REQUEST]: .nx/workspace-data/file-map.json~cf406230,.nx/workspace-data/project-graph.json~cf406230,.nx/workspace-data/source-maps.json~cf406230
[NX v20.8.4 Daemon Server] - 2026-10-03T05:44:01.866Z - Time taken for 'hash changed files from watcher' 0.47454199999629054ms
[NX v20.8.4 Daemon Server] - 2026-10-03T05:44:01.874Z - Time taken for 'build-project-configs' 6.335916999996698ms
[NX v20.8.4 Daemon Server] - 2026-10-03T05:44:01.888Z - [SYNC]: collect registered sync generators
[NX v20.8.4 Daemon Server] - 2026-10-03T05:44:01.888Z - [SYNC]: project graph hash is the same, not collecting task sync generators
[NX v20.8.4 Daemon Server] - 2026-10-03T05:44:01.888Z - [SYNC]: nx.json hash is the same, not collecting global sync generators
[NX v20.8.4 Daemon Server] - 2026-10-03T05:44:01.888Z - Time taken for 'total execution time for createProjectGraph()' 9.71941599999991ms
[NX v20.8.4 Daemon Server] - 2026-10-03T05:44:01.951Z - [WATCHER]: 3 file(s) created or restored, 0 file(s) modified, 3 file(s) deleted
[NX v20.8.4 Daemon Server] - 2026-10-03T05:44:02.052Z - [REQUEST]: Updated workspace context based on watched changes, recomputing project graph...
[NX v20.8.4 Daemon Server] - 2026-10-03T05:44:02.053Z - [REQUEST]: .nx/workspace-data/project-graph.json,.nx/workspace-data/file-map.json,.nx/workspace-data/source-maps.json
[NX v20.8.4 Daemon Server] - 2026-10-03T05:44:02.053Z - [REQUEST]: .nx/workspace-data/source-maps.json~63c086d6,.nx/workspace-data/project-graph.json~63c086d6,.nx/workspace-data/file-map.json~63c086d6
[NX v20.8.4 Daemon Server] - 2026-10-03T05:44:02.054Z - Time taken for 'hash changed files from watcher' 0.4986250000001746ms
[NX v20.8.4 Daemon Server] - 2026-10-03T05:44:02.061Z - Time taken for 'build-project-configs' 6.536542000001646ms
[NX v20.8.4 Daemon Server] - 2026-10-03T05:44:02.075Z - [SYNC]: collect registered sync generators
[NX v20.8.4 Daemon Server] - 2026-10-03T05:44:02.075Z - [SYNC]: project graph hash is the same, not collecting task sync generators
[NX v20.8.4 Daemon Server] - 2026-10-03T05:44:02.075Z - [SYNC]: nx.json hash is the same, not collecting global sync generators
[NX v20.8.4 Daemon Server] - 2026-10-03T05:44:02.075Z - Time taken for 'total execution time for createProjectGraph()' 9.695999999996275ms
[NX v20.8.4 Daemon Server] - 2026-10-03T05:44:02.136Z - [WATCHER]: 3 file(s) created or restored, 0 file(s) modified, 3 file(s) deleted
[NX v20.8.4 Daemon Server] - 2026-10-03T05:44:02.236Z - [REQUEST]: Updated workspace context based on watched changes, recomputing project graph...
[NX v20.8.4 Daemon Server] - 2026-10-03T05:44:02.236Z - [REQUEST]: .nx/workspace-data/project-graph.json,.nx/workspace-data/file-map.json,.nx/workspace-data/source-maps.json
[NX v20.8.4 Daemon Server] - 2026-10-03T05:44:02.236Z - [REQUEST]: .nx/workspace-data/file-map.json~7d9169a2,.nx/workspace-data/project-graph.json~7d9169a2,.nx/workspace-data/source-maps.json~7d9169a2
[NX v20.8.4 Daemon Server] - 2026-10-03T05:44:02.237Z - Time taken for 'hash changed files from watcher' 0.44962499999383ms
[NX v20.8.4 Daemon Server] - 2026-10-03T05:44:02.246Z - Time taken for 'build-project-configs' 7.557666000000609ms
[NX v20.8.4 Daemon Server] - 2026-10-03T05:44:02.259Z - [SYNC]: collect registered sync generators
[NX v20.8.4 Daemon Server] - 2026-10-03T05:44:02.260Z - [SYNC]: project graph hash is the same, not collecting task sync generators
[NX v20.8.4 Daemon Server] - 2026-10-03T05:44:02.260Z - [SYNC]: nx.json hash is the same, not collecting global sync generators
[NX v20.8.4 Daemon Server] - 2026-10-03T05:44:02.260Z - Time taken for 'total execution time for createProjectGraph()' 10.006583000002138ms
[NX v20.8.4 Daemon Server] - 2026-10-03T05:44:02.322Z - [WATCHER]: 3 file(s) created or restored, 0 file(s) modified, 3 file(s) deleted
[NX v20.8.4 Daemon Server] - 2026-10-03T05:44:02.422Z - [REQUEST]: Updated workspace context based on watched changes, recomputing project graph...
[NX v20.8.4 Daemon Server] - 2026-10-03T05:44:02.422Z - [REQUEST]: .nx/workspace-data/source-maps.json,.nx/workspace-data/project-graph.json,.nx/workspace-data/file-map.json
[NX v20.8.4 Daemon Server] - 2026-10-03T05:44:02.422Z - [REQUEST]: .nx/workspace-data/project-graph.json~f8d82bcd,.nx/workspace-data/source-maps.json~f8d82bcd,.nx/workspace-data/file-map.json~f8d82bcd
[NX v20.8.4 Daemon Server] - 2026-10-03T05:44:02.423Z - Time taken for 'hash changed files from watcher' 0.5180420000033337ms
[NX v20.8.4 Daemon Server] - 2026-10-03T05:44:02.431Z - Time taken for 'build-project-configs' 6.9056669999990845ms
[NX v20.8.4 Daemon Server] - 2026-10-03T05:44:02.446Z - [SYNC]: collect registered sync generators
[NX v20.8.4 Daemon Server] - 2026-10-03T05:44:02.446Z - [SYNC]: project graph hash is the same, not collecting task sync generators
[NX v20.8.4 Daemon Server] - 2026-10-03T05:44:02.446Z - [SYNC]: nx.json hash is the same, not collecting global sync generators
[NX v20.8.4 Daemon Server] - 2026-10-03T05:44:02.446Z - Time taken for 'total execution time for createProjectGraph()' 10.249082999995153ms
[NX v20.8.4 Daemon Server] - 2026-10-03T05:44:02.509Z - [WATCHER]: 3 file(s) created or restored, 0 file(s) modified, 3 file(s) deleted
[NX v20.8.4 Daemon Server] - 2026-10-03T05:44:02.610Z - [REQUEST]: Updated workspace context based on watched changes, recomputing project graph...
[NX v20.8.4 Daemon Server] - 2026-10-03T05:44:02.610Z - [REQUEST]: .nx/workspace-data/file-map.json,.nx/workspace-data/source-maps.json,.nx/workspace-data/project-graph.json
[NX v20.8.4 Daemon Server] - 2026-10-03T05:44:02.610Z - [REQUEST]: .nx/workspace-data/project-graph.json~bae9e87f,.nx/workspace-data/source-maps.json~bae9e87f,.nx/workspace-data/file-map.json~bae9e87f
[NX v20.8.4 Daemon Server] - 2026-10-03T05:44:02.611Z - Time taken for 'hash changed files from watcher' 0.5000830000062706ms
[NX v20.8.4 Daemon Server] - 2026-10-03T05:44:02.624Z - Time taken for 'build-project-configs' 10.822917000004963ms
[NX v20.8.4 Daemon Server] - 2026-10-03T05:44:02.637Z - [SYNC]: collect registered sync generators
[NX v20.8.4 Daemon Server] - 2026-10-03T05:44:02.638Z - [SYNC]: project graph hash is the same, not collecting task sync generators
[NX v20.8.4 Daemon Server] - 2026-10-03T05:44:02.638Z - [SYNC]: nx.json hash is the same, not collecting global sync generators
[NX v20.8.4 Daemon Server] - 2026-10-03T05:44:02.638Z - Time taken for 'total execution time for createProjectGraph()' 10.093957999997656ms
[NX v20.8.4 Daemon Server] - 2026-10-03T05:44:02.696Z - [WATCHER]: 3 file(s) created or restored, 0 file(s) modified, 3 file(s) deleted
[NX v20.8.4 Daemon Server] - 2026-10-03T05:44:02.798Z - [REQUEST]: Updated workspace context based on watched changes, recomputing project graph...
[NX v20.8.4 Daemon Server] - 2026-10-03T05:44:02.798Z - [REQUEST]: .nx/workspace-data/source-maps.json,.nx/workspace-data/file-map.json,.nx/workspace-data/project-graph.json
[NX v20.8.4 Daemon Server] - 2026-10-03T05:44:02.798Z - [REQUEST]: .nx/workspace-data/project-graph.json~86859d89,.nx/workspace-data/file-map.json~86859d89,.nx/workspace-data/source-maps.json~86859d89
[NX v20.8.4 Daemon Server] - 2026-10-03T05:44:02.799Z - Time taken for 'hash changed files from watcher' 0.4644590000025346ms
[NX v20.8.4 Daemon Server] - 2026-10-03T05:44:02.808Z - Time taken for 'build-project-configs' 7.347332999997889ms
[NX v20.8.4 Daemon Server] - 2026-10-03T05:44:02.821Z - [SYNC]: collect registered sync generators
[NX v20.8.4 Daemon Server] - 2026-10-03T05:44:02.822Z - [SYNC]: project graph hash is the same, not collecting task sync generators
[NX v20.8.4 Daemon Server] - 2026-10-03T05:44:02.822Z - [SYNC]: nx.json hash is the same, not collecting global sync generators
[NX v20.8.4 Daemon Server] - 2026-10-03T05:44:02.822Z - Time taken for 'total execution time for createProjectGraph()' 10.286958000004233ms
[NX v20.8.4 Daemon Server] - 2026-10-03T05:44:02.884Z - [WATCHER]: 3 file(s) created or restored, 0 file(s) modified, 3 file(s) deleted
[NX v20.8.4 Daemon Server] - 2026-10-03T05:44:02.985Z - [REQUEST]: Updated workspace context based on watched changes, recomputing project graph...
[NX v20.8.4 Daemon Server] - 2026-10-03T05:44:02.986Z - [REQUEST]: .nx/workspace-data/file-map.json,.nx/workspace-data/project-graph.json,.nx/workspace-data/source-maps.json
[NX v20.8.4 Daemon Server] - 2026-10-03T05:44:02.986Z - [REQUEST]: .nx/workspace-data/file-map.json~e04837b8,.nx/workspace-data/project-graph.json~e04837b8,.nx/workspace-data/source-maps.json~e04837b8
[NX v20.8.4 Daemon Server] - 2026-10-03T05:44:02.987Z - Time taken for 'hash changed files from watcher' 0.509541999999783ms
[NX v20.8.4 Daemon Server] - 2026-10-03T05:44:02.995Z - Time taken for 'build-project-configs' 6.802041000002646ms
[NX v20.8.4 Daemon Server] - 2026-10-03T05:44:03.008Z - [SYNC]: collect registered sync generators
[NX v20.8.4 Daemon Server] - 2026-10-03T05:44:03.008Z - [SYNC]: project graph hash is the same, not collecting task sync generators
[NX v20.8.4 Daemon Server] - 2026-10-03T05:44:03.008Z - [SYNC]: nx.json hash is the same, not collecting global sync generators
[NX v20.8.4 Daemon Server] - 2026-10-03T05:44:03.009Z - Time taken for 'total execution time for createProjectGraph()' 9.942125000001397ms
[NX v20.8.4 Daemon Server] - 2026-10-03T05:44:03.059Z - [WATCHER]: 3 file(s) created or restored, 0 file(s) modified, 3 file(s) deleted
[NX v20.8.4 Daemon Server] - 2026-10-03T05:44:03.159Z - [REQUEST]: Updated workspace context based on watched changes, recomputing project graph...
[NX v20.8.4 Daemon Server] - 2026-10-03T05:44:03.159Z - [REQUEST]: .nx/workspace-data/file-map.json,.nx/workspace-data/source-maps.json,.nx/workspace-data/project-graph.json
[NX v20.8.4 Daemon Server] - 2026-10-03T05:44:03.159Z - [REQUEST]: .nx/workspace-data/file-map.json~ff2ba733,.nx/workspace-data/source-maps.json~ff2ba733,.nx/workspace-data/project-graph.json~ff2ba733
[NX v20.8.4 Daemon Server] - 2026-10-03T05:44:03.161Z - Time taken for 'hash changed files from watcher' 0.46970799999689916ms
[NX v20.8.4 Daemon Server] - 2026-10-03T05:44:03.168Z - Time taken for 'build-project-configs' 6.417332999997598ms
[NX v20.8.4 Daemon Server] - 2026-10-03T05:44:03.180Z - [SYNC]: collect registered sync generators
[NX v20.8.4 Daemon Server] - 2026-10-03T05:44:03.180Z - [SYNC]: project graph hash is the same, not collecting task sync generators
[NX v20.8.4 Daemon Server] - 2026-10-03T05:44:03.180Z - [SYNC]: nx.json hash is the same, not collecting global sync generators
[NX v20.8.4 Daemon Server] - 2026-10-03T05:44:03.180Z - Time taken for 'total execution time for createProjectGraph()' 9.315083000001323ms
[NX v20.8.4 Daemon Server] - 2026-10-03T05:44:03.244Z - [WATCHER]: 3 file(s) created or restored, 0 file(s) modified, 3 file(s) deleted
[NX v20.8.4 Daemon Server] - 2026-10-03T05:44:03.346Z - [REQUEST]: Updated workspace context based on watched changes, recomputing project graph...
[NX v20.8.4 Daemon Server] - 2026-10-03T05:44:03.346Z - [REQUEST]: .nx/workspace-data/file-map.json,.nx/workspace-data/source-maps.json,.nx/workspace-data/project-graph.json
[NX v20.8.4 Daemon Server] - 2026-10-03T05:44:03.346Z - [REQUEST]: .nx/workspace-data/source-maps.json~5c498886,.nx/workspace-data/project-graph.json~5c498886,.nx/workspace-data/file-map.json~5c498886
[NX v20.8.4 Daemon Server] - 2026-10-03T05:44:03.347Z - Time taken for 'hash changed files from watcher' 0.40533399999549147ms
[NX v20.8.4 Daemon Server] - 2026-10-03T05:44:03.356Z - Time taken for 'build-project-configs' 7.495125000001281ms
[NX v20.8.4 Daemon Server] - 2026-10-03T05:44:03.368Z - [SYNC]: collect registered sync generators
[NX v20.8.4 Daemon Server] - 2026-10-03T05:44:03.369Z - [SYNC]: project graph hash is the same, not collecting task sync generators
[NX v20.8.4 Daemon Server] - 2026-10-03T05:44:03.369Z - [SYNC]: nx.json hash is the same, not collecting global sync generators
[NX v20.8.4 Daemon Server] - 2026-10-03T05:44:03.369Z - Time taken for 'total execution time for createProjectGraph()' 9.179250000001048ms
[NX v20.8.4 Daemon Server] - 2026-10-03T05:44:03.422Z - [WATCHER]: 3 file(s) created or restored, 0 file(s) modified, 3 file(s) deleted
[NX v20.8.4 Daemon Server] - 2026-10-03T05:44:03.522Z - [REQUEST]: Updated workspace context based on watched changes, recomputing project graph...
[NX v20.8.4 Daemon Server] - 2026-10-03T05:44:03.522Z - [REQUEST]: .nx/workspace-data/project-graph.json,.nx/workspace-data/source-maps.json,.nx/workspace-data/file-map.json
[NX v20.8.4 Daemon Server] - 2026-10-03T05:44:03.522Z - [REQUEST]: .nx/workspace-data/source-maps.json~bb892231,.nx/workspace-data/file-map.json~bb892231,.nx/workspace-data/project-graph.json~bb892231
[NX v20.8.4 Daemon Server] - 2026-10-03T05:44:03.523Z - Time taken for 'hash changed files from watcher' 0.45083299999532755ms
[NX v20.8.4 Daemon Server] - 2026-10-03T05:44:03.531Z - Time taken for 'build-project-configs' 6.412250000001222ms
[NX v20.8.4 Daemon Server] - 2026-10-03T05:44:03.545Z - [SYNC]: collect registered sync generators
[NX v20.8.4 Daemon Server] - 2026-10-03T05:44:03.545Z - [SYNC]: project graph hash is the same, not collecting task sync generators
[NX v20.8.4 Daemon Server] - 2026-10-03T05:44:03.545Z - [SYNC]: nx.json hash is the same, not collecting global sync generators
[NX v20.8.4 Daemon Server] - 2026-10-03T05:44:03.545Z - Time taken for 'total execution time for createProjectGraph()' 9.982666999996582ms
[NX v20.8.4 Daemon Server] - 2026-10-03T05:44:03.595Z - [WATCHER]: 3 file(s) created or restored, 0 file(s) modified, 3 file(s) deleted
[NX v20.8.4 Daemon Server] - 2026-10-03T05:44:03.696Z - [REQUEST]: Updated workspace context based on watched changes, recomputing project graph...
[NX v20.8.4 Daemon Server] - 2026-10-03T05:44:03.696Z - [REQUEST]: .nx/workspace-data/project-graph.json,.nx/workspace-data/file-map.json,.nx/workspace-data/source-maps.json
[NX v20.8.4 Daemon Server] - 2026-10-03T05:44:03.696Z - [REQUEST]: .nx/workspace-data/file-map.json~890ce8dd,.nx/workspace-data/project-graph.json~890ce8dd,.nx/workspace-data/source-maps.json~890ce8dd
[NX v20.8.4 Daemon Server] - 2026-10-03T05:44:03.697Z - Time taken for 'hash changed files from watcher' 0.41666600000462495ms
[NX v20.8.4 Daemon Server] - 2026-10-03T05:44:03.705Z - Time taken for 'build-project-configs' 6.584583000003477ms
[NX v20.8.4 Daemon Server] - 2026-10-03T05:44:03.719Z - [SYNC]: collect registered sync generators
[NX v20.8.4 Daemon Server] - 2026-10-03T05:44:03.719Z - [SYNC]: project graph hash is the same, not collecting task sync generators
[NX v20.8.4 Daemon Server] - 2026-10-03T05:44:03.719Z - [SYNC]: nx.json hash is the same, not collecting global sync generators
[NX v20.8.4 Daemon Server] - 2026-10-03T05:44:03.720Z - Time taken for 'total execution time for createProjectGraph()' 10.579707999997481ms
[NX v20.8.4 Daemon Server] - 2026-10-03T05:44:03.773Z - [WATCHER]: 3 file(s) created or restored, 0 file(s) modified, 3 file(s) deleted
[NX v20.8.4 Daemon Server] - 2026-10-03T05:44:03.874Z - [REQUEST]: Updated workspace context based on watched changes, recomputing project graph...
[NX v20.8.4 Daemon Server] - 2026-10-03T05:44:03.874Z - [REQUEST]: .nx/workspace-data/file-map.json,.nx/workspace-data/project-graph.json,.nx/workspace-data/source-maps.json
[NX v20.8.4 Daemon Server] - 2026-10-03T05:44:03.874Z - [REQUEST]: .nx/workspace-data/source-maps.json~26d14028,.nx/workspace-data/project-graph.json~26d14028,.nx/workspace-data/file-map.json~26d14028
[NX v20.8.4 Daemon Server] - 2026-10-03T05:44:03.875Z - Time taken for 'hash changed files from watcher' 0.4177909999998519ms
[NX v20.8.4 Daemon Server] - 2026-10-03T05:44:03.884Z - Time taken for 'build-project-configs' 7.275957999998354ms
[NX v20.8.4 Daemon Server] - 2026-10-03T05:44:03.899Z - [SYNC]: collect registered sync generators
[NX v20.8.4 Daemon Server] - 2026-10-03T05:44:03.899Z - [SYNC]: project graph hash is the same, not collecting task sync generators
[NX v20.8.4 Daemon Server] - 2026-10-03T05:44:03.899Z - [SYNC]: nx.json hash is the same, not collecting global sync generators
[NX v20.8.4 Daemon Server] - 2026-10-03T05:44:03.899Z - Time taken for 'total execution time for createProjectGraph()' 10.330458999997063ms
[NX v20.8.4 Daemon Server] - 2026-10-03T05:44:03.952Z - [WATCHER]: 3 file(s) created or restored, 0 file(s) modified, 3 file(s) deleted
[NX v20.8.4 Daemon Server] - 2026-10-03T05:44:04.053Z - [REQUEST]: Updated workspace context based on watched changes, recomputing project graph...
[NX v20.8.4 Daemon Server] - 2026-10-03T05:44:04.053Z - [REQUEST]: .nx/workspace-data/source-maps.json,.nx/workspace-data/project-graph.json,.nx/workspace-data/file-map.json
[NX v20.8.4 Daemon Server] - 2026-10-03T05:44:04.053Z - [REQUEST]: .nx/workspace-data/source-maps.json~6b553189,.nx/workspace-data/project-graph.json~6b553189,.nx/workspace-data/file-map.json~6b553189
[NX v20.8.4 Daemon Server] - 2026-10-03T05:44:04.054Z - Time taken for 'hash changed files from watcher' 0.5075419999993755ms
[NX v20.8.4 Daemon Server] - 2026-10-03T05:44:04.062Z - Time taken for 'build-project-configs' 6.346707999997307ms
[NX v20.8.4 Daemon Server] - 2026-10-03T05:44:04.078Z - [SYNC]: collect registered sync generators
[NX v20.8.4 Daemon Server] - 2026-10-03T05:44:04.078Z - [SYNC]: project graph hash is the same, not collecting task sync generators
[NX v20.8.4 Daemon Server] - 2026-10-03T05:44:04.078Z - [SYNC]: nx.json hash is the same, not collecting global sync generators
[NX v20.8.4 Daemon Server] - 2026-10-03T05:44:04.078Z - Time taken for 'total execution time for createProjectGraph()' 11.533707999995386ms
[NX v20.8.4 Daemon Server] - 2026-10-03T05:44:04.130Z - [WATCHER]: 3 file(s) created or restored, 0 file(s) modified, 3 file(s) deleted
[NX v20.8.4 Daemon Server] - 2026-10-03T05:44:04.232Z - [REQUEST]: Updated workspace context based on watched changes, recomputing project graph...
[NX v20.8.4 Daemon Server] - 2026-10-03T05:44:04.232Z - [REQUEST]: .nx/workspace-data/project-graph.json,.nx/workspace-data/file-map.json,.nx/workspace-data/source-maps.json
[NX v20.8.4 Daemon Server] - 2026-10-03T05:44:04.232Z - [REQUEST]: .nx/workspace-data/source-maps.json~5eec3226,.nx/workspace-data/project-graph.json~5eec3226,.nx/workspace-data/file-map.json~5eec3226
[NX v20.8.4 Daemon Server] - 2026-10-03T05:44:04.234Z - Time taken for 'hash changed files from watcher' 0.615165999995952ms
[NX v20.8.4 Daemon Server] - 2026-10-03T05:44:04.241Z - Time taken for 'build-project-configs' 6.486541999998735ms
[NX v20.8.4 Daemon Server] - 2026-10-03T05:44:04.254Z - [SYNC]: collect registered sync generators
[NX v20.8.4 Daemon Server] - 2026-10-03T05:44:04.254Z - [SYNC]: project graph hash is the same, not collecting task sync generators
[NX v20.8.4 Daemon Server] - 2026-10-03T05:44:04.254Z - [SYNC]: nx.json hash is the same, not collecting global sync generators
[NX v20.8.4 Daemon Server] - 2026-10-03T05:44:04.254Z - Time taken for 'total execution time for createProjectGraph()' 9.676291999996465ms
[NX v20.8.4 Daemon Server] - 2026-10-03T05:44:04.309Z - [WATCHER]: 3 file(s) created or restored, 0 file(s) modified, 3 file(s) deleted
[NX v20.8.4 Daemon Server] - 2026-10-03T05:44:04.410Z - [REQUEST]: Updated workspace context based on watched changes, recomputing project graph...
[NX v20.8.4 Daemon Server] - 2026-10-03T05:44:04.410Z - [REQUEST]: .nx/workspace-data/file-map.json,.nx/workspace-data/project-graph.json,.nx/workspace-data/source-maps.json
[NX v20.8.4 Daemon Server] - 2026-10-03T05:44:04.410Z - [REQUEST]: .nx/workspace-data/file-map.json~d90cadd9,.nx/workspace-data/project-graph.json~d90cadd9,.nx/workspace-data/source-maps.json~d90cadd9
[NX v20.8.4 Daemon Server] - 2026-10-03T05:44:04.411Z - Time taken for 'hash changed files from watcher' 0.47729099999560276ms
[NX v20.8.4 Daemon Server] - 2026-10-03T05:44:04.421Z - Time taken for 'build-project-configs' 8.055458000002545ms
[NX v20.8.4 Daemon Server] - 2026-10-03T05:44:04.433Z - [SYNC]: collect registered sync generators
[NX v20.8.4 Daemon Server] - 2026-10-03T05:44:04.433Z - [SYNC]: project graph hash is the same, not collecting task sync generators
[NX v20.8.4 Daemon Server] - 2026-10-03T05:44:04.434Z - [SYNC]: nx.json hash is the same, not collecting global sync generators
[NX v20.8.4 Daemon Server] - 2026-10-03T05:44:04.434Z - Time taken for 'total execution time for createProjectGraph()' 9.81120799999917ms
[NX v20.8.4 Daemon Server] - 2026-10-03T05:44:04.495Z - [WATCHER]: 3 file(s) created or restored, 0 file(s) modified, 3 file(s) deleted
[NX v20.8.4 Daemon Server] - 2026-10-03T05:44:04.595Z - [REQUEST]: Updated workspace context based on watched changes, recomputing project graph...
[NX v20.8.4 Daemon Server] - 2026-10-03T05:44:04.595Z - [REQUEST]: .nx/workspace-data/project-graph.json,.nx/workspace-data/source-maps.json,.nx/workspace-data/file-map.json
[NX v20.8.4 Daemon Server] - 2026-10-03T05:44:04.595Z - [REQUEST]: .nx/workspace-data/source-maps.json~856a1605,.nx/workspace-data/project-graph.json~856a1605,.nx/workspace-data/file-map.json~856a1605
[NX v20.8.4 Daemon Server] - 2026-10-03T05:44:04.596Z - Time taken for 'hash changed files from watcher' 0.463832999994338ms
[NX v20.8.4 Daemon Server] - 2026-10-03T05:44:04.605Z - Time taken for 'build-project-configs' 6.987042000000656ms
[NX v20.8.4 Daemon Server] - 2026-10-03T05:44:04.619Z - [SYNC]: collect registered sync generators
[NX v20.8.4 Daemon Server] - 2026-10-03T05:44:04.620Z - [SYNC]: project graph hash is the same, not collecting task sync generators
[NX v20.8.4 Daemon Server] - 2026-10-03T05:44:04.620Z - [SYNC]: nx.json hash is the same, not collecting global sync generators
[NX v20.8.4 Daemon Server] - 2026-10-03T05:44:04.620Z - Time taken for 'total execution time for createProjectGraph()' 10.151417000000947ms
[NX v20.8.4 Daemon Server] - 2026-10-03T05:44:04.674Z - [WATCHER]: 3 file(s) created or restored, 0 file(s) modified, 3 file(s) deleted
[NX v20.8.4 Daemon Server] - 2026-10-03T05:44:04.775Z - [REQUEST]: Updated workspace context based on watched changes, recomputing project graph...
[NX v20.8.4 Daemon Server] - 2026-10-03T05:44:04.775Z - [REQUEST]: .nx/workspace-data/project-graph.json,.nx/workspace-data/file-map.json,.nx/workspace-data/source-maps.json
[NX v20.8.4 Daemon Server] - 2026-10-03T05:44:04.775Z - [REQUEST]: .nx/workspace-data/file-map.json~565c1a14,.nx/workspace-data/project-graph.json~565c1a14,.nx/workspace-data/source-maps.json~565c1a14
[NX v20.8.4 Daemon Server] - 2026-10-03T05:44:04.776Z - Time taken for 'hash changed files from watcher' 0.420124999996915ms
[NX v20.8.4 Daemon Server] - 2026-10-03T05:44:04.783Z - Time taken for 'build-project-configs' 6.146583999994618ms
[NX v20.8.4 Daemon Server] - 2026-10-03T05:44:04.797Z - [SYNC]: collect registered sync generators
[NX v20.8.4 Daemon Server] - 2026-10-03T05:44:04.797Z - [SYNC]: project graph hash is the same, not collecting task sync generators
[NX v20.8.4 Daemon Server] - 2026-10-03T05:44:04.797Z - [SYNC]: nx.json hash is the same, not collecting global sync generators
[NX v20.8.4 Daemon Server] - 2026-10-03T05:44:04.797Z - Time taken for 'total execution time for createProjectGraph()' 10.273375000004307ms
[NX v20.8.4 Daemon Server] - 2026-10-03T05:44:04.851Z - [WATCHER]: 3 file(s) created or restored, 0 file(s) modified, 3 file(s) deleted
[NX v20.8.4 Daemon Server] - 2026-10-03T05:44:04.953Z - [REQUEST]: Updated workspace context based on watched changes, recomputing project graph...
[NX v20.8.4 Daemon Server] - 2026-10-03T05:44:04.953Z - [REQUEST]: .nx/workspace-data/project-graph.json,.nx/workspace-data/file-map.json,.nx/workspace-data/source-maps.json
[NX v20.8.4 Daemon Server] - 2026-10-03T05:44:04.953Z - [REQUEST]: .nx/workspace-data/project-graph.json~b67784ca,.nx/workspace-data/file-map.json~b67784ca,.nx/workspace-data/source-maps.json~b67784ca
[NX v20.8.4 Daemon Server] - 2026-10-03T05:44:04.954Z - Time taken for 'hash changed files from watcher' 0.4712920000019949ms
[NX v20.8.4 Daemon Server] - 2026-10-03T05:44:04.963Z - Time taken for 'build-project-configs' 7.532292000003508ms
[NX v20.8.4 Daemon Server] - 2026-10-03T05:44:04.976Z - [SYNC]: collect registered sync generators
[NX v20.8.4 Daemon Server] - 2026-10-03T05:44:04.976Z - [SYNC]: project graph hash is the same, not collecting task sync generators
[NX v20.8.4 Daemon Server] - 2026-10-03T05:44:04.976Z - [SYNC]: nx.json hash is the same, not collecting global sync generators
[NX v20.8.4 Daemon Server] - 2026-10-03T05:44:04.976Z - Time taken for 'total execution time for createProjectGraph()' 10.206582999999227ms
[NX v20.8.4 Daemon Server] - 2026-10-03T05:44:05.030Z - [WATCHER]: 3 file(s) created or restored, 0 file(s) modified, 3 file(s) deleted
[NX v20.8.4 Daemon Server] - 2026-10-03T05:44:05.131Z - [REQUEST]: Updated workspace context based on watched changes, recomputing project graph...
[NX v20.8.4 Daemon Server] - 2026-10-03T05:44:05.131Z - [REQUEST]: .nx/workspace-data/project-graph.json,.nx/workspace-data/source-maps.json,.nx/workspace-data/file-map.json
[NX v20.8.4 Daemon Server] - 2026-10-03T05:44:05.131Z - [REQUEST]: .nx/workspace-data/project-graph.json~4bea8957,.nx/workspace-data/file-map.json~4bea8957,.nx/workspace-data/source-maps.json~4bea8957
[NX v20.8.4 Daemon Server] - 2026-10-03T05:44:05.132Z - Time taken for 'hash changed files from watcher' 0.42887500000506407ms
[NX v20.8.4 Daemon Server] - 2026-10-03T05:44:05.140Z - Time taken for 'build-project-configs' 6.591000000000349ms
[NX v20.8.4 Daemon Server] - 2026-10-03T05:44:05.152Z - [SYNC]: collect registered sync generators
[NX v20.8.4 Daemon Server] - 2026-10-03T05:44:05.152Z - [SYNC]: project graph hash is the same, not collecting task sync generators
[NX v20.8.4 Daemon Server] - 2026-10-03T05:44:05.152Z - [SYNC]: nx.json hash is the same, not collecting global sync generators
[NX v20.8.4 Daemon Server] - 2026-10-03T05:44:05.153Z - Time taken for 'total execution time for createProjectGraph()' 9.398542000002635ms
[NX v20.8.4 Daemon Server] - 2026-10-03T05:44:05.210Z - [WATCHER]: 3 file(s) created or restored, 0 file(s) modified, 3 file(s) deleted
[NX v20.8.4 Daemon Server] - 2026-10-03T05:44:05.312Z - [REQUEST]: Updated workspace context based on watched changes, recomputing project graph...
[NX v20.8.4 Daemon Server] - 2026-10-03T05:44:05.312Z - [REQUEST]: .nx/workspace-data/project-graph.json,.nx/workspace-data/source-maps.json,.nx/workspace-data/file-map.json
[NX v20.8.4 Daemon Server] - 2026-10-03T05:44:05.313Z - [REQUEST]: .nx/workspace-data/file-map.json~9229b4df,.nx/workspace-data/source-maps.json~9229b4df,.nx/workspace-data/project-graph.json~9229b4df
[NX v20.8.4 Daemon Server] - 2026-10-03T05:44:05.314Z - Time taken for 'hash changed files from watcher' 1.620415999997931ms
[NX v20.8.4 Daemon Server] - 2026-10-03T05:44:05.322Z - Time taken for 'build-project-configs' 6.925750000002154ms
[NX v20.8.4 Daemon Server] - 2026-10-03T05:44:05.338Z - [SYNC]: collect registered sync generators
[NX v20.8.4 Daemon Server] - 2026-10-03T05:44:05.338Z - [SYNC]: project graph hash is the same, not collecting task sync generators
[NX v20.8.4 Daemon Server] - 2026-10-03T05:44:05.338Z - [SYNC]: nx.json hash is the same, not collecting global sync generators
[NX v20.8.4 Daemon Server] - 2026-10-03T05:44:05.338Z - Time taken for 'total execution time for createProjectGraph()' 11.857834000002185ms
[NX v20.8.4 Daemon Server] - 2026-10-03T05:44:05.390Z - [WATCHER]: 3 file(s) created or restored, 0 file(s) modified, 3 file(s) deleted
[NX v20.8.4 Daemon Server] - 2026-10-03T05:44:05.491Z - [REQUEST]: Updated workspace context based on watched changes, recomputing project graph...
[NX v20.8.4 Daemon Server] - 2026-10-03T05:44:05.491Z - [REQUEST]: .nx/workspace-data/file-map.json,.nx/workspace-data/project-graph.json,.nx/workspace-data/source-maps.json
[NX v20.8.4 Daemon Server] - 2026-10-03T05:44:05.491Z - [REQUEST]: .nx/workspace-data/file-map.json~9c7ad48b,.nx/workspace-data/source-maps.json~9c7ad48b,.nx/workspace-data/project-graph.json~9c7ad48b
[NX v20.8.4 Daemon Server] - 2026-10-03T05:44:05.492Z - Time taken for 'hash changed files from watcher' 0.5450830000045244ms
[NX v20.8.4 Daemon Server] - 2026-10-03T05:44:05.501Z - Time taken for 'build-project-configs' 7.681625000004715ms
[NX v20.8.4 Daemon Server] - 2026-10-03T05:44:05.514Z - [SYNC]: collect registered sync generators
[NX v20.8.4 Daemon Server] - 2026-10-03T05:44:05.514Z - [SYNC]: project graph hash is the same, not collecting task sync generators
[NX v20.8.4 Daemon Server] - 2026-10-03T05:44:05.514Z - [SYNC]: nx.json hash is the same, not collecting global sync generators
[NX v20.8.4 Daemon Server] - 2026-10-03T05:44:05.514Z - Time taken for 'total execution time for createProjectGraph()' 10.077375000000757ms
[NX v20.8.4 Daemon Server] - 2026-10-03T05:44:05.571Z - [WATCHER]: 3 file(s) created or restored, 0 file(s) modified, 3 file(s) deleted
[NX v20.8.4 Daemon Server] - 2026-10-03T05:44:05.671Z - [REQUEST]: Updated workspace context based on watched changes, recomputing project graph...
[NX v20.8.4 Daemon Server] - 2026-10-03T05:44:05.671Z - [REQUEST]: .nx/workspace-data/file-map.json,.nx/workspace-data/project-graph.json,.nx/workspace-data/source-maps.json
[NX v20.8.4 Daemon Server] - 2026-10-03T05:44:05.672Z - [REQUEST]: .nx/workspace-data/project-graph.json~9104a93e,.nx/workspace-data/source-maps.json~9104a93e,.nx/workspace-data/file-map.json~9104a93e
[NX v20.8.4 Daemon Server] - 2026-10-03T05:44:05.673Z - Time taken for 'hash changed files from watcher' 0.5506249999962165ms
[NX v20.8.4 Daemon Server] - 2026-10-03T05:44:05.681Z - Time taken for 'build-project-configs' 6.659874999997555ms
[NX v20.8.4 Daemon Server] - 2026-10-03T05:44:05.694Z - [SYNC]: collect registered sync generators
[NX v20.8.4 Daemon Server] - 2026-10-03T05:44:05.694Z - [SYNC]: project graph hash is the same, not collecting task sync generators
[NX v20.8.4 Daemon Server] - 2026-10-03T05:44:05.694Z - [SYNC]: nx.json hash is the same, not collecting global sync generators
[NX v20.8.4 Daemon Server] - 2026-10-03T05:44:05.694Z - Time taken for 'total execution time for createProjectGraph()' 10.132375000001048ms
[NX v20.8.4 Daemon Server] - 2026-10-03T05:44:05.748Z - [WATCHER]: 3 file(s) created or restored, 0 file(s) modified, 3 file(s) deleted
[NX v20.8.4 Daemon Server] - 2026-10-03T05:44:05.850Z - [REQUEST]: Updated workspace context based on watched changes, recomputing project graph...
[NX v20.8.4 Daemon Server] - 2026-10-03T05:44:05.850Z - [REQUEST]: .nx/workspace-data/source-maps.json,.nx/workspace-data/project-graph.json,.nx/workspace-data/file-map.json
[NX v20.8.4 Daemon Server] - 2026-10-03T05:44:05.850Z - [REQUEST]: .nx/workspace-data/source-maps.json~0c90ae03,.nx/workspace-data/project-graph.json~0c90ae03,.nx/workspace-data/file-map.json~0c90ae03
[NX v20.8.4 Daemon Server] - 2026-10-03T05:44:05.851Z - Time taken for 'hash changed files from watcher' 0.4931250000008731ms
[NX v20.8.4 Daemon Server] - 2026-10-03T05:44:05.859Z - Time taken for 'build-project-configs' 6.8530420000024606ms
[NX v20.8.4 Daemon Server] - 2026-10-03T05:44:05.872Z - [SYNC]: collect registered sync generators
[NX v20.8.4 Daemon Server] - 2026-10-03T05:44:05.873Z - [SYNC]: project graph hash is the same, not collecting task sync generators
[NX v20.8.4 Daemon Server] - 2026-10-03T05:44:05.873Z - [SYNC]: nx.json hash is the same, not collecting global sync generators
[NX v20.8.4 Daemon Server] - 2026-10-03T05:44:05.873Z - Time taken for 'total execution time for createProjectGraph()' 10.262917000000016ms
[NX v20.8.4 Daemon Server] - 2026-10-03T05:44:05.929Z - [WATCHER]: 3 file(s) created or restored, 0 file(s) modified, 3 file(s) deleted
[NX v20.8.4 Daemon Server] - 2026-10-03T05:44:06.029Z - [REQUEST]: Updated workspace context based on watched changes, recomputing project graph...
[NX v20.8.4 Daemon Server] - 2026-10-03T05:44:06.029Z - [REQUEST]: .nx/workspace-data/project-graph.json,.nx/workspace-data/source-maps.json,.nx/workspace-data/file-map.json
[NX v20.8.4 Daemon Server] - 2026-10-03T05:44:06.029Z - [REQUEST]: .nx/workspace-data/project-graph.json~ad7efa61,.nx/workspace-data/file-map.json~ad7efa61,.nx/workspace-data/source-maps.json~ad7efa61
[NX v20.8.4 Daemon Server] - 2026-10-03T05:44:06.030Z - Time taken for 'hash changed files from watcher' 0.4432920000035665ms
[NX v20.8.4 Daemon Server] - 2026-10-03T05:44:06.040Z - Time taken for 'build-project-configs' 7.964915999997174ms
[NX v20.8.4 Daemon Server] - 2026-10-03T05:44:06.053Z - [SYNC]: collect registered sync generators
[NX v20.8.4 Daemon Server] - 2026-10-03T05:44:06.053Z - [SYNC]: project graph hash is the same, not collecting task sync generators
[NX v20.8.4 Daemon Server] - 2026-10-03T05:44:06.054Z - [SYNC]: nx.json hash is the same, not collecting global sync generators
[NX v20.8.4 Daemon Server] - 2026-10-03T05:44:06.054Z - Time taken for 'total execution time for createProjectGraph()' 10.172833999997238ms
[NX v20.8.4 Daemon Server] - 2026-10-03T05:44:06.107Z - [WATCHER]: 3 file(s) created or restored, 0 file(s) modified, 3 file(s) deleted
[NX v20.8.4 Daemon Server] - 2026-10-03T05:44:06.207Z - [REQUEST]: Updated workspace context based on watched changes, recomputing project graph...
[NX v20.8.4 Daemon Server] - 2026-10-03T05:44:06.207Z - [REQUEST]: .nx/workspace-data/file-map.json,.nx/workspace-data/project-graph.json,.nx/workspace-data/source-maps.json
[NX v20.8.4 Daemon Server] - 2026-10-03T05:44:06.207Z - [REQUEST]: .nx/workspace-data/project-graph.json~ce1152df,.nx/workspace-data/file-map.json~ce1152df,.nx/workspace-data/source-maps.json~ce1152df
[NX v20.8.4 Daemon Server] - 2026-10-03T05:44:06.208Z - Time taken for 'hash changed files from watcher' 0.448208000001614ms
[NX v20.8.4 Daemon Server] - 2026-10-03T05:44:06.216Z - Time taken for 'build-project-configs' 6.510750000001281ms
[NX v20.8.4 Daemon Server] - 2026-10-03T05:44:06.230Z - [SYNC]: collect registered sync generators
[NX v20.8.4 Daemon Server] - 2026-10-03T05:44:06.230Z - [SYNC]: project graph hash is the same, not collecting task sync generators
[NX v20.8.4 Daemon Server] - 2026-10-03T05:44:06.230Z - [SYNC]: nx.json hash is the same, not collecting global sync generators
[NX v20.8.4 Daemon Server] - 2026-10-03T05:44:06.230Z - Time taken for 'total execution time for createProjectGraph()' 10.971417000000656ms
[NX v20.8.4 Daemon Server] - 2026-10-03T05:44:06.286Z - [WATCHER]: 3 file(s) created or restored, 0 file(s) modified, 3 file(s) deleted
[NX v20.8.4 Daemon Server] - 2026-10-03T05:44:06.386Z - [REQUEST]: Updated workspace context based on watched changes, recomputing project graph...
[NX v20.8.4 Daemon Server] - 2026-10-03T05:44:06.386Z - [REQUEST]: .nx/workspace-data/source-maps.json,.nx/workspace-data/file-map.json,.nx/workspace-data/project-graph.json
[NX v20.8.4 Daemon Server] - 2026-10-03T05:44:06.386Z - [REQUEST]: .nx/workspace-data/file-map.json~65c7980d,.nx/workspace-data/source-maps.json~65c7980d,.nx/workspace-data/project-graph.json~65c7980d
[NX v20.8.4 Daemon Server] - 2026-10-03T05:44:06.387Z - Time taken for 'hash changed files from watcher' 0.48550000000250293ms
[NX v20.8.4 Daemon Server] - 2026-10-03T05:44:06.395Z - Time taken for 'build-project-configs' 6.875584000001254ms
[NX v20.8.4 Daemon Server] - 2026-10-03T05:44:06.408Z - [SYNC]: collect registered sync generators
[NX v20.8.4 Daemon Server] - 2026-10-03T05:44:06.408Z - [SYNC]: project graph hash is the same, not collecting task sync generators
[NX v20.8.4 Daemon Server] - 2026-10-03T05:44:06.408Z - [SYNC]: nx.json hash is the same, not collecting global sync generators
[NX v20.8.4 Daemon Server] - 2026-10-03T05:44:06.408Z - Time taken for 'total execution time for createProjectGraph()' 9.562375000001339ms
[NX v20.8.4 Daemon Server] - 2026-10-03T05:44:06.462Z - [WATCHER]: 3 file(s) created or restored, 0 file(s) modified, 3 file(s) deleted
[NX v20.8.4 Daemon Server] - 2026-10-03T05:44:06.562Z - [REQUEST]: Updated workspace context based on watched changes, recomputing project graph...
[NX v20.8.4 Daemon Server] - 2026-10-03T05:44:06.563Z - [REQUEST]: .nx/workspace-data/project-graph.json,.nx/workspace-data/source-maps.json,.nx/workspace-data/file-map.json
[NX v20.8.4 Daemon Server] - 2026-10-03T05:44:06.563Z - [REQUEST]: .nx/workspace-data/project-graph.json~021cb353,.nx/workspace-data/file-map.json~021cb353,.nx/workspace-data/source-maps.json~021cb353
[NX v20.8.4 Daemon Server] - 2026-10-03T05:44:06.564Z - Time taken for 'hash changed files from watcher' 0.43524999999499414ms
[NX v20.8.4 Daemon Server] - 2026-10-03T05:44:06.573Z - Time taken for 'build-project-configs' 7.36395800000173ms
[NX v20.8.4 Daemon Server] - 2026-10-03T05:44:06.586Z - [SYNC]: collect registered sync generators
[NX v20.8.4 Daemon Server] - 2026-10-03T05:44:06.587Z - [SYNC]: project graph hash is the same, not collecting task sync generators
[NX v20.8.4 Daemon Server] - 2026-10-03T05:44:06.587Z - [SYNC]: nx.json hash is the same, not collecting global sync generators
[NX v20.8.4 Daemon Server] - 2026-10-03T05:44:06.587Z - Time taken for 'total execution time for createProjectGraph()' 11.02637500000128ms
[NX v20.8.4 Daemon Server] - 2026-10-03T05:44:06.639Z - [WATCHER]: 3 file(s) created or restored, 0 file(s) modified, 3 file(s) deleted
[NX v20.8.4 Daemon Server] - 2026-10-03T05:44:06.741Z - [REQUEST]: Updated workspace context based on watched changes, recomputing project graph...
[NX v20.8.4 Daemon Server] - 2026-10-03T05:44:06.741Z - [REQUEST]: .nx/workspace-data/file-map.json,.nx/workspace-data/project-graph.json,.nx/workspace-data/source-maps.json
[NX v20.8.4 Daemon Server] - 2026-10-03T05:44:06.741Z - [REQUEST]: .nx/workspace-data/source-maps.json~d0fbcf6e,.nx/workspace-data/project-graph.json~d0fbcf6e,.nx/workspace-data/file-map.json~d0fbcf6e
[NX v20.8.4 Daemon Server] - 2026-10-03T05:44:06.742Z - Time taken for 'hash changed files from watcher' 0.595500000003085ms
[NX v20.8.4 Daemon Server] - 2026-10-03T05:44:06.750Z - Time taken for 'build-project-configs' 7.041000000004715ms
[NX v20.8.4 Daemon Server] - 2026-10-03T05:44:06.763Z - [SYNC]: collect registered sync generators
[NX v20.8.4 Daemon Server] - 2026-10-03T05:44:06.764Z - [SYNC]: project graph hash is the same, not collecting task sync generators
[NX v20.8.4 Daemon Server] - 2026-10-03T05:44:06.764Z - [SYNC]: nx.json hash is the same, not collecting global sync generators
[NX v20.8.4 Daemon Server] - 2026-10-03T05:44:06.764Z - Time taken for 'total execution time for createProjectGraph()' 10.03837499999645ms
[NX v20.8.4 Daemon Server] - 2026-10-03T05:44:06.818Z - [WATCHER]: 3 file(s) created or restored, 0 file(s) modified, 3 file(s) deleted
[NX v20.8.4 Daemon Server] - 2026-10-03T05:44:06.919Z - [REQUEST]: Updated workspace context based on watched changes, recomputing project graph...
[NX v20.8.4 Daemon Server] - 2026-10-03T05:44:06.919Z - [REQUEST]: .nx/workspace-data/source-maps.json,.nx/workspace-data/file-map.json,.nx/workspace-data/project-graph.json
[NX v20.8.4 Daemon Server] - 2026-10-03T05:44:06.919Z - [REQUEST]: .nx/workspace-data/project-graph.json~0241c9a1,.nx/workspace-data/source-maps.json~0241c9a1,.nx/workspace-data/file-map.json~0241c9a1
[NX v20.8.4 Daemon Server] - 2026-10-03T05:44:06.920Z - Time taken for 'hash changed files from watcher' 0.7491659999941476ms
[NX v20.8.4 Daemon Server] - 2026-10-03T05:44:06.928Z - Time taken for 'build-project-configs' 6.5338750000009895ms
[NX v20.8.4 Daemon Server] - 2026-10-03T05:44:06.941Z - [SYNC]: collect registered sync generators
[NX v20.8.4 Daemon Server] - 2026-10-03T05:44:06.942Z - [SYNC]: project graph hash is the same, not collecting task sync generators
[NX v20.8.4 Daemon Server] - 2026-10-03T05:44:06.942Z - [SYNC]: nx.json hash is the same, not collecting global sync generators
[NX v20.8.4 Daemon Server] - 2026-10-03T05:44:06.942Z - Time taken for 'total execution time for createProjectGraph()' 10.391374999999243ms
[NX v20.8.4 Daemon Server] - 2026-10-03T05:44:06.996Z - [WATCHER]: 3 file(s) created or restored, 0 file(s) modified, 3 file(s) deleted
[NX v20.8.4 Daemon Server] - 2026-10-03T05:44:07.097Z - [REQUEST]: Updated workspace context based on watched changes, recomputing project graph...
[NX v20.8.4 Daemon Server] - 2026-10-03T05:44:07.097Z - [REQUEST]: .nx/workspace-data/file-map.json,.nx/workspace-data/source-maps.json,.nx/workspace-data/project-graph.json
[NX v20.8.4 Daemon Server] - 2026-10-03T05:44:07.097Z - [REQUEST]: .nx/workspace-data/project-graph.json~57dfb90a,.nx/workspace-data/source-maps.json~57dfb90a,.nx/workspace-data/file-map.json~57dfb90a
[NX v20.8.4 Daemon Server] - 2026-10-03T05:44:07.098Z - Time taken for 'hash changed files from watcher' 0.47345900000073016ms
[NX v20.8.4 Daemon Server] - 2026-10-03T05:44:07.106Z - Time taken for 'build-project-configs' 7.171290999998746ms
[NX v20.8.4 Daemon Server] - 2026-10-03T05:44:07.120Z - [SYNC]: collect registered sync generators
[NX v20.8.4 Daemon Server] - 2026-10-03T05:44:07.120Z - [SYNC]: project graph hash is the same, not collecting task sync generators
[NX v20.8.4 Daemon Server] - 2026-10-03T05:44:07.120Z - [SYNC]: nx.json hash is the same, not collecting global sync generators
[NX v20.8.4 Daemon Server] - 2026-10-03T05:44:07.120Z - Time taken for 'total execution time for createProjectGraph()' 10.037457999998878ms
[NX v20.8.4 Daemon Server] - 2026-10-03T05:44:07.175Z - [WATCHER]: 3 file(s) created or restored, 0 file(s) modified, 3 file(s) deleted
[NX v20.8.4 Daemon Server] - 2026-10-03T05:44:07.277Z - [REQUEST]: Updated workspace context based on watched changes, recomputing project graph...
[NX v20.8.4 Daemon Server] - 2026-10-03T05:44:07.277Z - [REQUEST]: .nx/workspace-data/project-graph.json,.nx/workspace-data/file-map.json,.nx/workspace-data/source-maps.json
[NX v20.8.4 Daemon Server] - 2026-10-03T05:44:07.277Z - [REQUEST]: .nx/workspace-data/project-graph.json~f7a2fb44,.nx/workspace-data/file-map.json~f7a2fb44,.nx/workspace-data/source-maps.json~f7a2fb44
[NX v20.8.4 Daemon Server] - 2026-10-03T05:44:07.278Z - Time taken for 'hash changed files from watcher' 0.47287499999947613ms
[NX v20.8.4 Daemon Server] - 2026-10-03T05:44:07.287Z - Time taken for 'build-project-configs' 7.263916000003519ms
[NX v20.8.4 Daemon Server] - 2026-10-03T05:44:07.300Z - [SYNC]: collect registered sync generators
[NX v20.8.4 Daemon Server] - 2026-10-03T05:44:07.300Z - [SYNC]: project graph hash is the same, not collecting task sync generators
[NX v20.8.4 Daemon Server] - 2026-10-03T05:44:07.300Z - [SYNC]: nx.json hash is the same, not collecting global sync generators
[NX v20.8.4 Daemon Server] - 2026-10-03T05:44:07.300Z - Time taken for 'total execution time for createProjectGraph()' 10.063040999993973ms
[NX v20.8.4 Daemon Server] - 2026-10-03T05:44:07.354Z - [WATCHER]: 3 file(s) created or restored, 0 file(s) modified, 3 file(s) deleted
[NX v20.8.4 Daemon Server] - 2026-10-03T05:44:07.455Z - [REQUEST]: Updated workspace context based on watched changes, recomputing project graph...
[NX v20.8.4 Daemon Server] - 2026-10-03T05:44:07.455Z - [REQUEST]: .nx/workspace-data/project-graph.json,.nx/workspace-data/file-map.json,.nx/workspace-data/source-maps.json
[NX v20.8.4 Daemon Server] - 2026-10-03T05:44:07.455Z - [REQUEST]: .nx/workspace-data/project-graph.json~5e1f29fc,.nx/workspace-data/source-maps.json~5e1f29fc,.nx/workspace-data/file-map.json~5e1f29fc
[NX v20.8.4 Daemon Server] - 2026-10-03T05:44:07.457Z - Time taken for 'hash changed files from watcher' 0.5274580000041169ms
[NX v20.8.4 Daemon Server] - 2026-10-03T05:44:07.466Z - Time taken for 'build-project-configs' 7.690624999995634ms
[NX v20.8.4 Daemon Server] - 2026-10-03T05:44:07.482Z - [SYNC]: collect registered sync generators
[NX v20.8.4 Daemon Server] - 2026-10-03T05:44:07.482Z - [SYNC]: project graph hash is the same, not collecting task sync generators
[NX v20.8.4 Daemon Server] - 2026-10-03T05:44:07.482Z - [SYNC]: nx.json hash is the same, not collecting global sync generators
[NX v20.8.4 Daemon Server] - 2026-10-03T05:44:07.482Z - Time taken for 'total execution time for createProjectGraph()' 13.680916999997862ms
[NX v20.8.4 Daemon Server] - 2026-10-03T05:44:07.539Z - [WATCHER]: 3 file(s) created or restored, 0 file(s) modified, 3 file(s) deleted
[NX v20.8.4 Daemon Server] - 2026-10-03T05:44:07.640Z - [REQUEST]: Updated workspace context based on watched changes, recomputing project graph...
[NX v20.8.4 Daemon Server] - 2026-10-03T05:44:07.640Z - [REQUEST]: .nx/workspace-data/project-graph.json,.nx/workspace-data/source-maps.json,.nx/workspace-data/file-map.json
[NX v20.8.4 Daemon Server] - 2026-10-03T05:44:07.640Z - [REQUEST]: .nx/workspace-data/project-graph.json~73aca5b4,.nx/workspace-data/file-map.json~73aca5b4,.nx/workspace-data/source-maps.json~73aca5b4
[NX v20.8.4 Daemon Server] - 2026-10-03T05:44:07.641Z - Time taken for 'hash changed files from watcher' 0.46700000000419095ms
[NX v20.8.4 Daemon Server] - 2026-10-03T05:44:07.650Z - Time taken for 'build-project-configs' 7.284082999998645ms
[NX v20.8.4 Daemon Server] - 2026-10-03T05:44:07.664Z - [SYNC]: collect registered sync generators
[NX v20.8.4 Daemon Server] - 2026-10-03T05:44:07.664Z - [SYNC]: project graph hash is the same, not collecting task sync generators
[NX v20.8.4 Daemon Server] - 2026-10-03T05:44:07.664Z - [SYNC]: nx.json hash is the same, not collecting global sync generators
[NX v20.8.4 Daemon Server] - 2026-10-03T05:44:07.664Z - Time taken for 'total execution time for createProjectGraph()' 10.043417000000773ms
[NX v20.8.4 Daemon Server] - 2026-10-03T05:44:07.718Z - [WATCHER]: 3 file(s) created or restored, 0 file(s) modified, 3 file(s) deleted
[NX v20.8.4 Daemon Server] - 2026-10-03T05:44:07.820Z - [REQUEST]: Updated workspace context based on watched changes, recomputing project graph...
[NX v20.8.4 Daemon Server] - 2026-10-03T05:44:07.820Z - [REQUEST]: .nx/workspace-data/source-maps.json,.nx/workspace-data/project-graph.json,.nx/workspace-data/file-map.json
[NX v20.8.4 Daemon Server] - 2026-10-03T05:44:07.820Z - [REQUEST]: .nx/workspace-data/source-maps.json~b27c353f,.nx/workspace-data/file-map.json~b27c353f,.nx/workspace-data/project-graph.json~b27c353f
[NX v20.8.4 Daemon Server] - 2026-10-03T05:44:07.821Z - Time taken for 'hash changed files from watcher' 0.5101670000003651ms
[NX v20.8.4 Daemon Server] - 2026-10-03T05:44:07.829Z - Time taken for 'build-project-configs' 6.764792000001762ms
[NX v20.8.4 Daemon Server] - 2026-10-03T05:44:07.843Z - [SYNC]: collect registered sync generators
[NX v20.8.4 Daemon Server] - 2026-10-03T05:44:07.843Z - [SYNC]: project graph hash is the same, not collecting task sync generators
[NX v20.8.4 Daemon Server] - 2026-10-03T05:44:07.843Z - [SYNC]: nx.json hash is the same, not collecting global sync generators
[NX v20.8.4 Daemon Server] - 2026-10-03T05:44:07.843Z - Time taken for 'total execution time for createProjectGraph()' 11.070915999996942ms
[NX v20.8.4 Daemon Server] - 2026-10-03T05:44:07.896Z - [WATCHER]: 3 file(s) created or restored, 0 file(s) modified, 3 file(s) deleted
[NX v20.8.4 Daemon Server] - 2026-10-03T05:44:07.996Z - [REQUEST]: Updated workspace context based on watched changes, recomputing project graph...
[NX v20.8.4 Daemon Server] - 2026-10-03T05:44:07.996Z - [REQUEST]: .nx/workspace-data/project-graph.json,.nx/workspace-data/source-maps.json,.nx/workspace-data/file-map.json
[NX v20.8.4 Daemon Server] - 2026-10-03T05:44:07.996Z - [REQUEST]: .nx/workspace-data/source-maps.json~65002949,.nx/workspace-data/project-graph.json~65002949,.nx/workspace-data/file-map.json~65002949
[NX v20.8.4 Daemon Server] - 2026-10-03T05:44:07.999Z - Time taken for 'hash changed files from watcher' 0.5328750000044238ms
[NX v20.8.4 Daemon Server] - 2026-10-03T05:44:08.006Z - Time taken for 'build-project-configs' 7.075166999995417ms
[NX v20.8.4 Daemon Server] - 2026-10-03T05:44:08.019Z - [SYNC]: collect registered sync generators
[NX v20.8.4 Daemon Server] - 2026-10-03T05:44:08.020Z - [SYNC]: project graph hash is the same, not collecting task sync generators
[NX v20.8.4 Daemon Server] - 2026-10-03T05:44:08.020Z - [SYNC]: nx.json hash is the same, not collecting global sync generators
[NX v20.8.4 Daemon Server] - 2026-10-03T05:44:08.020Z - Time taken for 'total execution time for createProjectGraph()' 9.933791999996174ms
[NX v20.8.4 Daemon Server] - 2026-10-03T05:44:08.073Z - [WATCHER]: 3 file(s) created or restored, 0 file(s) modified, 3 file(s) deleted
[NX v20.8.4 Daemon Server] - 2026-10-03T05:44:08.173Z - [REQUEST]: Updated workspace context based on watched changes, recomputing project graph...
[NX v20.8.4 Daemon Server] - 2026-10-03T05:44:08.173Z - [REQUEST]: .nx/workspace-data/project-graph.json,.nx/workspace-data/file-map.json,.nx/workspace-data/source-maps.json
[NX v20.8.4 Daemon Server] - 2026-10-03T05:44:08.173Z - [REQUEST]: .nx/workspace-data/project-graph.json~d9b7701d,.nx/workspace-data/source-maps.json~d9b7701d,.nx/workspace-data/file-map.json~d9b7701d
[NX v20.8.4 Daemon Server] - 2026-10-03T05:44:08.175Z - Time taken for 'hash changed files from watcher' 0.44099999999889405ms
[NX v20.8.4 Daemon Server] - 2026-10-03T05:44:08.184Z - Time taken for 'build-project-configs' 7.632875000002969ms
[NX v20.8.4 Daemon Server] - 2026-10-03T05:44:08.198Z - [SYNC]: collect registered sync generators
[NX v20.8.4 Daemon Server] - 2026-10-03T05:44:08.198Z - [SYNC]: project graph hash is the same, not collecting task sync generators
[NX v20.8.4 Daemon Server] - 2026-10-03T05:44:08.198Z - [SYNC]: nx.json hash is the same, not collecting global sync generators
[NX v20.8.4 Daemon Server] - 2026-10-03T05:44:08.198Z - Time taken for 'total execution time for createProjectGraph()' 10.385166000000027ms
[NX v20.8.4 Daemon Server] - 2026-10-03T05:44:08.251Z - [WATCHER]: 3 file(s) created or restored, 0 file(s) modified, 3 file(s) deleted
[NX v20.8.4 Daemon Server] - 2026-10-03T05:44:08.352Z - [REQUEST]: Updated workspace context based on watched changes, recomputing project graph...
[NX v20.8.4 Daemon Server] - 2026-10-03T05:44:08.352Z - [REQUEST]: .nx/workspace-data/file-map.json,.nx/workspace-data/source-maps.json,.nx/workspace-data/project-graph.json
[NX v20.8.4 Daemon Server] - 2026-10-03T05:44:08.352Z - [REQUEST]: .nx/workspace-data/project-graph.json~7fa97986,.nx/workspace-data/file-map.json~7fa97986,.nx/workspace-data/source-maps.json~7fa97986
[NX v20.8.4 Daemon Server] - 2026-10-03T05:44:08.353Z - Time taken for 'hash changed files from watcher' 0.6582500000004075ms
[NX v20.8.4 Daemon Server] - 2026-10-03T05:44:08.362Z - Time taken for 'build-project-configs' 7.2696670000004815ms
[NX v20.8.4 Daemon Server] - 2026-10-03T05:44:08.376Z - [SYNC]: collect registered sync generators
[NX v20.8.4 Daemon Server] - 2026-10-03T05:44:08.376Z - [SYNC]: project graph hash is the same, not collecting task sync generators
[NX v20.8.4 Daemon Server] - 2026-10-03T05:44:08.376Z - [SYNC]: nx.json hash is the same, not collecting global sync generators
[NX v20.8.4 Daemon Server] - 2026-10-03T05:44:08.376Z - Time taken for 'total execution time for createProjectGraph()' 10.438833000000159ms
[NX v20.8.4 Daemon Server] - 2026-10-03T05:44:08.431Z - [WATCHER]: 3 file(s) created or restored, 0 file(s) modified, 3 file(s) deleted
[NX v20.8.4 Daemon Server] - 2026-10-03T05:44:08.532Z - [REQUEST]: Updated workspace context based on watched changes, recomputing project graph...
[NX v20.8.4 Daemon Server] - 2026-10-03T05:44:08.532Z - [REQUEST]: .nx/workspace-data/project-graph.json,.nx/workspace-data/file-map.json,.nx/workspace-data/source-maps.json
[NX v20.8.4 Daemon Server] - 2026-10-03T05:44:08.532Z - [REQUEST]: .nx/workspace-data/project-graph.json~afed6e13,.nx/workspace-data/source-maps.json~afed6e13,.nx/workspace-data/file-map.json~afed6e13
[NX v20.8.4 Daemon Server] - 2026-10-03T05:44:08.533Z - Time taken for 'hash changed files from watcher' 0.4159169999984442ms
[NX v20.8.4 Daemon Server] - 2026-10-03T05:44:08.541Z - Time taken for 'build-project-configs' 6.45916600000055ms
[NX v20.8.4 Daemon Server] - 2026-10-03T05:44:08.554Z - [SYNC]: collect registered sync generators
[NX v20.8.4 Daemon Server] - 2026-10-03T05:44:08.554Z - [SYNC]: project graph hash is the same, not collecting task sync generators
[NX v20.8.4 Daemon Server] - 2026-10-03T05:44:08.554Z - [SYNC]: nx.json hash is the same, not collecting global sync generators
[NX v20.8.4 Daemon Server] - 2026-10-03T05:44:08.554Z - Time taken for 'total execution time for createProjectGraph()' 10.552499999997963ms
[NX v20.8.4 Daemon Server] - 2026-10-03T05:44:08.608Z - [WATCHER]: 3 file(s) created or restored, 0 file(s) modified, 3 file(s) deleted
[NX v20.8.4 Daemon Server] - 2026-10-03T05:44:08.723Z - [REQUEST]: Updated workspace context based on watched changes, recomputing project graph...
[NX v20.8.4 Daemon Server] - 2026-10-03T05:44:08.723Z - [REQUEST]: .nx/workspace-data/project-graph.json,.nx/workspace-data/source-maps.json,.nx/workspace-data/file-map.json
[NX v20.8.4 Daemon Server] - 2026-10-03T05:44:08.723Z - [REQUEST]: .nx/workspace-data/project-graph.json~6f027f7e,.nx/workspace-data/file-map.json~6f027f7e,.nx/workspace-data/source-maps.json~6f027f7e
[NX v20.8.4 Daemon Server] - 2026-10-03T05:44:08.724Z - Time taken for 'hash changed files from watcher' 0.4925409999996191ms
[NX v20.8.4 Daemon Server] - 2026-10-03T05:44:08.734Z - Time taken for 'build-project-configs' 7.768292000000656ms
[NX v20.8.4 Daemon Server] - 2026-10-03T05:44:08.746Z - [SYNC]: collect registered sync generators
[NX v20.8.4 Daemon Server] - 2026-10-03T05:44:08.747Z - [SYNC]: project graph hash is the same, not collecting task sync generators
[NX v20.8.4 Daemon Server] - 2026-10-03T05:44:08.747Z - [SYNC]: nx.json hash is the same, not collecting global sync generators
[NX v20.8.4 Daemon Server] - 2026-10-03T05:44:08.747Z - Time taken for 'total execution time for createProjectGraph()' 10.45145799999591ms
[NX v20.8.4 Daemon Server] - 2026-10-03T05:44:08.803Z - [WATCHER]: 3 file(s) created or restored, 0 file(s) modified, 3 file(s) deleted
[NX v20.8.4 Daemon Server] - 2026-10-03T05:44:08.903Z - [REQUEST]: Updated workspace context based on watched changes, recomputing project graph...
[NX v20.8.4 Daemon Server] - 2026-10-03T05:44:08.904Z - [REQUEST]: .nx/workspace-data/file-map.json,.nx/workspace-data/project-graph.json,.nx/workspace-data/source-maps.json
[NX v20.8.4 Daemon Server] - 2026-10-03T05:44:08.904Z - [REQUEST]: .nx/workspace-data/source-maps.json~a8cc8ad0,.nx/workspace-data/project-graph.json~a8cc8ad0,.nx/workspace-data/file-map.json~a8cc8ad0
[NX v20.8.4 Daemon Server] - 2026-10-03T05:44:08.905Z - Time taken for 'hash changed files from watcher' 0.6763750000027358ms
[NX v20.8.4 Daemon Server] - 2026-10-03T05:44:08.913Z - Time taken for 'build-project-configs' 6.854375000002619ms
[NX v20.8.4 Daemon Server] - 2026-10-03T05:44:08.927Z - [SYNC]: collect registered sync generators
[NX v20.8.4 Daemon Server] - 2026-10-03T05:44:08.928Z - [SYNC]: project graph hash is the same, not collecting task sync generators
[NX v20.8.4 Daemon Server] - 2026-10-03T05:44:08.928Z - [SYNC]: nx.json hash is the same, not collecting global sync generators
[NX v20.8.4 Daemon Server] - 2026-10-03T05:44:08.928Z - Time taken for 'total execution time for createProjectGraph()' 10.942167000001064ms
[NX v20.8.4 Daemon Server] - 2026-10-03T05:44:08.982Z - [WATCHER]: 3 file(s) created or restored, 0 file(s) modified, 3 file(s) deleted
[NX v20.8.4 Daemon Server] - 2026-10-03T05:44:09.082Z - [REQUEST]: Updated workspace context based on watched changes, recomputing project graph...
[NX v20.8.4 Daemon Server] - 2026-10-03T05:44:09.082Z - [REQUEST]: .nx/workspace-data/project-graph.json,.nx/workspace-data/file-map.json,.nx/workspace-data/source-maps.json
[NX v20.8.4 Daemon Server] - 2026-10-03T05:44:09.082Z - [REQUEST]: .nx/workspace-data/source-maps.json~b48c64e6,.nx/workspace-data/file-map.json~b48c64e6,.nx/workspace-data/project-graph.json~b48c64e6
[NX v20.8.4 Daemon Server] - 2026-10-03T05:44:09.085Z - Time taken for 'hash changed files from watcher' 0.4983750000028522ms
[NX v20.8.4 Daemon Server] - 2026-10-03T05:44:09.092Z - Time taken for 'build-project-configs' 6.451500000002852ms
[NX v20.8.4 Daemon Server] - 2026-10-03T05:44:09.106Z - [SYNC]: collect registered sync generators
[NX v20.8.4 Daemon Server] - 2026-10-03T05:44:09.106Z - [SYNC]: project graph hash is the same, not collecting task sync generators
[NX v20.8.4 Daemon Server] - 2026-10-03T05:44:09.106Z - [SYNC]: nx.json hash is the same, not collecting global sync generators
[NX v20.8.4 Daemon Server] - 2026-10-03T05:44:09.106Z - Time taken for 'total execution time for createProjectGraph()' 10.263000000006286ms
[NX v20.8.4 Daemon Server] - 2026-10-03T05:44:09.160Z - [WATCHER]: 3 file(s) created or restored, 0 file(s) modified, 3 file(s) deleted
[NX v20.8.4 Daemon Server] - 2026-10-03T05:44:09.262Z - [REQUEST]: Updated workspace context based on watched changes, recomputing project graph...
[NX v20.8.4 Daemon Server] - 2026-10-03T05:44:09.262Z - [REQUEST]: .nx/workspace-data/project-graph.json,.nx/workspace-data/file-map.json,.nx/workspace-data/source-maps.json
[NX v20.8.4 Daemon Server] - 2026-10-03T05:44:09.262Z - [REQUEST]: .nx/workspace-data/source-maps.json~97f32b17,.nx/workspace-data/project-graph.json~97f32b17,.nx/workspace-data/file-map.json~97f32b17
[NX v20.8.4 Daemon Server] - 2026-10-03T05:44:09.263Z - Time taken for 'hash changed files from watcher' 0.48637500000040745ms
[NX v20.8.4 Daemon Server] - 2026-10-03T05:44:09.272Z - Time taken for 'build-project-configs' 7.453040999993391ms
[NX v20.8.4 Daemon Server] - 2026-10-03T05:44:09.285Z - [SYNC]: collect registered sync generators
[NX v20.8.4 Daemon Server] - 2026-10-03T05:44:09.285Z - [SYNC]: project graph hash is the same, not collecting task sync generators
[NX v20.8.4 Daemon Server] - 2026-10-03T05:44:09.285Z - [SYNC]: nx.json hash is the same, not collecting global sync generators
[NX v20.8.4 Daemon Server] - 2026-10-03T05:44:09.285Z - Time taken for 'total execution time for createProjectGraph()' 10.227124999997613ms
[NX v20.8.4 Daemon Server] - 2026-10-03T05:44:09.339Z - [WATCHER]: 3 file(s) created or restored, 0 file(s) modified, 3 file(s) deleted
[NX v20.8.4 Daemon Server] - 2026-10-03T05:44:09.440Z - [REQUEST]: Updated workspace context based on watched changes, recomputing project graph...
[NX v20.8.4 Daemon Server] - 2026-10-03T05:44:09.440Z - [REQUEST]: .nx/workspace-data/project-graph.json,.nx/workspace-data/source-maps.json,.nx/workspace-data/file-map.json
[NX v20.8.4 Daemon Server] - 2026-10-03T05:44:09.440Z - [REQUEST]: .nx/workspace-data/file-map.json~0500184c,.nx/workspace-data/source-maps.json~0500184c,.nx/workspace-data/project-graph.json~0500184c
[NX v20.8.4 Daemon Server] - 2026-10-03T05:44:09.441Z - Time taken for 'hash changed files from watcher' 0.44525000000430737ms
[NX v20.8.4 Daemon Server] - 2026-10-03T05:44:09.449Z - Time taken for 'build-project-configs' 6.973500000000058ms
[NX v20.8.4 Daemon Server] - 2026-10-03T05:44:09.463Z - [SYNC]: collect registered sync generators
[NX v20.8.4 Daemon Server] - 2026-10-03T05:44:09.463Z - [SYNC]: project graph hash is the same, not collecting task sync generators
[NX v20.8.4 Daemon Server] - 2026-10-03T05:44:09.463Z - [SYNC]: nx.json hash is the same, not collecting global sync generators
[NX v20.8.4 Daemon Server] - 2026-10-03T05:44:09.463Z - Time taken for 'total execution time for createProjectGraph()' 10.515791999998328ms
[NX v20.8.4 Daemon Server] - 2026-10-03T05:44:09.520Z - [WATCHER]: 3 file(s) created or restored, 0 file(s) modified, 3 file(s) deleted
[NX v20.8.4 Daemon Server] - 2026-10-03T05:44:09.621Z - [REQUEST]: Updated workspace context based on watched changes, recomputing project graph...
[NX v20.8.4 Daemon Server] - 2026-10-03T05:44:09.621Z - [REQUEST]: .nx/workspace-data/project-graph.json,.nx/workspace-data/source-maps.json,.nx/workspace-data/file-map.json
[NX v20.8.4 Daemon Server] - 2026-10-03T05:44:09.621Z - [REQUEST]: .nx/workspace-data/project-graph.json~eed3fcf8,.nx/workspace-data/file-map.json~eed3fcf8,.nx/workspace-data/source-maps.json~eed3fcf8
[NX v20.8.4 Daemon Server] - 2026-10-03T05:44:09.622Z - Time taken for 'hash changed files from watcher' 0.5436249999984284ms
[NX v20.8.4 Daemon Server] - 2026-10-03T05:44:09.630Z - Time taken for 'build-project-configs' 7.018125000002328ms
[NX v20.8.4 Daemon Server] - 2026-10-03T05:44:09.644Z - [SYNC]: collect registered sync generators
[NX v20.8.4 Daemon Server] - 2026-10-03T05:44:09.644Z - [SYNC]: project graph hash is the same, not collecting task sync generators
[NX v20.8.4 Daemon Server] - 2026-10-03T05:44:09.644Z - [SYNC]: nx.json hash is the same, not collecting global sync generators
[NX v20.8.4 Daemon Server] - 2026-10-03T05:44:09.644Z - Time taken for 'total execution time for createProjectGraph()' 10.364667000001646ms
[NX v20.8.4 Daemon Server] - 2026-10-03T05:44:09.697Z - [WATCHER]: 3 file(s) created or restored, 0 file(s) modified, 3 file(s) deleted
[NX v20.8.4 Daemon Server] - 2026-10-03T05:44:09.798Z - [REQUEST]: Updated workspace context based on watched changes, recomputing project graph...
[NX v20.8.4 Daemon Server] - 2026-10-03T05:44:09.798Z - [REQUEST]: .nx/workspace-data/file-map.json,.nx/workspace-data/project-graph.json,.nx/workspace-data/source-maps.json
[NX v20.8.4 Daemon Server] - 2026-10-03T05:44:09.798Z - [REQUEST]: .nx/workspace-data/source-maps.json~317af7b5,.nx/workspace-data/project-graph.json~317af7b5,.nx/workspace-data/file-map.json~317af7b5
[NX v20.8.4 Daemon Server] - 2026-10-03T05:44:09.799Z - Time taken for 'hash changed files from watcher' 0.5484170000054291ms
[NX v20.8.4 Daemon Server] - 2026-10-03T05:44:09.808Z - Time taken for 'build-project-configs' 7.575624999997672ms
[NX v20.8.4 Daemon Server] - 2026-10-03T05:44:09.822Z - [SYNC]: collect registered sync generators
[NX v20.8.4 Daemon Server] - 2026-10-03T05:44:09.822Z - [SYNC]: project graph hash is the same, not collecting task sync generators
[NX v20.8.4 Daemon Server] - 2026-10-03T05:44:09.822Z - [SYNC]: nx.json hash is the same, not collecting global sync generators
[NX v20.8.4 Daemon Server] - 2026-10-03T05:44:09.822Z - Time taken for 'total execution time for createProjectGraph()' 10.936667000001762ms
[NX v20.8.4 Daemon Server] - 2026-10-03T05:44:09.879Z - [WATCHER]: 3 file(s) created or restored, 0 file(s) modified, 3 file(s) deleted
[NX v20.8.4 Daemon Server] - 2026-10-03T05:44:09.981Z - [REQUEST]: Updated workspace context based on watched changes, recomputing project graph...
[NX v20.8.4 Daemon Server] - 2026-10-03T05:44:09.981Z - [REQUEST]: .nx/workspace-data/source-maps.json,.nx/workspace-data/file-map.json,.nx/workspace-data/project-graph.json
[NX v20.8.4 Daemon Server] - 2026-10-03T05:44:09.981Z - [REQUEST]: .nx/workspace-data/source-maps.json~55bf3f14,.nx/workspace-data/file-map.json~55bf3f14,.nx/workspace-data/project-graph.json~55bf3f14
[NX v20.8.4 Daemon Server] - 2026-10-03T05:44:09.982Z - Time taken for 'hash changed files from watcher' 0.4858749999984866ms
[NX v20.8.4 Daemon Server] - 2026-10-03T05:44:09.990Z - Time taken for 'build-project-configs' 6.651458000000275ms
[NX v20.8.4 Daemon Server] - 2026-10-03T05:44:10.004Z - [SYNC]: collect registered sync generators
[NX v20.8.4 Daemon Server] - 2026-10-03T05:44:10.004Z - [SYNC]: project graph hash is the same, not collecting task sync generators
[NX v20.8.4 Daemon Server] - 2026-10-03T05:44:10.004Z - [SYNC]: nx.json hash is the same, not collecting global sync generators
[NX v20.8.4 Daemon Server] - 2026-10-03T05:44:10.004Z - Time taken for 'total execution time for createProjectGraph()' 10.706500000000233ms
[NX v20.8.4 Daemon Server] - 2026-10-03T05:44:10.059Z - [WATCHER]: 3 file(s) created or restored, 0 file(s) modified, 3 file(s) deleted
[NX v20.8.4 Daemon Server] - 2026-10-03T05:44:10.161Z - [REQUEST]: Updated workspace context based on watched changes, recomputing project graph...
[NX v20.8.4 Daemon Server] - 2026-10-03T05:44:10.161Z - [REQUEST]: .nx/workspace-data/project-graph.json,.nx/workspace-data/source-maps.json,.nx/workspace-data/file-map.json
[NX v20.8.4 Daemon Server] - 2026-10-03T05:44:10.161Z - [REQUEST]: .nx/workspace-data/source-maps.json~8a4bd5dd,.nx/workspace-data/file-map.json~8a4bd5dd,.nx/workspace-data/project-graph.json~8a4bd5dd
[NX v20.8.4 Daemon Server] - 2026-10-03T05:44:10.162Z - Time taken for 'hash changed files from watcher' 0.4084999999977299ms
[NX v20.8.4 Daemon Server] - 2026-10-03T05:44:10.169Z - Time taken for 'build-project-configs' 6.244749999998021ms
[NX v20.8.4 Daemon Server] - 2026-10-03T05:44:10.182Z - [SYNC]: collect registered sync generators
[NX v20.8.4 Daemon Server] - 2026-10-03T05:44:10.183Z - [SYNC]: project graph hash is the same, not collecting task sync generators
[NX v20.8.4 Daemon Server] - 2026-10-03T05:44:10.183Z - [SYNC]: nx.json hash is the same, not collecting global sync generators
[NX v20.8.4 Daemon Server] - 2026-10-03T05:44:10.183Z - Time taken for 'total execution time for createProjectGraph()' 10.362833999999566ms
[NX v20.8.4 Daemon Server] - 2026-10-03T05:44:10.236Z - [WATCHER]: 3 file(s) created or restored, 0 file(s) modified, 3 file(s) deleted
[NX v20.8.4 Daemon Server] - 2026-10-03T05:44:10.336Z - [REQUEST]: Updated workspace context based on watched changes, recomputing project graph...
[NX v20.8.4 Daemon Server] - 2026-10-03T05:44:10.336Z - [REQUEST]: .nx/workspace-data/project-graph.json,.nx/workspace-data/source-maps.json,.nx/workspace-data/file-map.json
[NX v20.8.4 Daemon Server] - 2026-10-03T05:44:10.336Z - [REQUEST]: .nx/workspace-data/file-map.json~73d60f58,.nx/workspace-data/source-maps.json~73d60f58,.nx/workspace-data/project-graph.json~73d60f58
[NX v20.8.4 Daemon Server] - 2026-10-03T05:44:10.337Z - Time taken for 'hash changed files from watcher' 0.3819999999977881ms
[NX v20.8.4 Daemon Server] - 2026-10-03T05:44:10.347Z - Time taken for 'build-project-configs' 7.843165999998746ms
[NX v20.8.4 Daemon Server] - 2026-10-03T05:44:10.360Z - [SYNC]: collect registered sync generators
[NX v20.8.4 Daemon Server] - 2026-10-03T05:44:10.360Z - [SYNC]: project graph hash is the same, not collecting task sync generators
[NX v20.8.4 Daemon Server] - 2026-10-03T05:44:10.360Z - [SYNC]: nx.json hash is the same, not collecting global sync generators
[NX v20.8.4 Daemon Server] - 2026-10-03T05:44:10.361Z - Time taken for 'total execution time for createProjectGraph()' 10.521874999998545ms
[NX v20.8.4 Daemon Server] - 2026-10-03T05:44:10.415Z - [WATCHER]: 3 file(s) created or restored, 0 file(s) modified, 3 file(s) deleted
[NX v20.8.4 Daemon Server] - 2026-10-03T05:44:10.515Z - [REQUEST]: Updated workspace context based on watched changes, recomputing project graph...
[NX v20.8.4 Daemon Server] - 2026-10-03T05:44:10.516Z - [REQUEST]: .nx/workspace-data/source-maps.json,.nx/workspace-data/project-graph.json,.nx/workspace-data/file-map.json
[NX v20.8.4 Daemon Server] - 2026-10-03T05:44:10.516Z - [REQUEST]: .nx/workspace-data/source-maps.json~6970d721,.nx/workspace-data/file-map.json~6970d721,.nx/workspace-data/project-graph.json~6970d721
[NX v20.8.4 Daemon Server] - 2026-10-03T05:44:10.517Z - Time taken for 'hash changed files from watcher' 0.5236250000016298ms
[NX v20.8.4 Daemon Server] - 2026-10-03T05:44:10.525Z - Time taken for 'build-project-configs' 6.641708000002836ms
[NX v20.8.4 Daemon Server] - 2026-10-03T05:44:10.539Z - [SYNC]: collect registered sync generators
[NX v20.8.4 Daemon Server] - 2026-10-03T05:44:10.539Z - [SYNC]: project graph hash is the same, not collecting task sync generators
[NX v20.8.4 Daemon Server] - 2026-10-03T05:44:10.539Z - [SYNC]: nx.json hash is the same, not collecting global sync generators
[NX v20.8.4 Daemon Server] - 2026-10-03T05:44:10.539Z - Time taken for 'total execution time for createProjectGraph()' 11.18645899999683ms
[NX v20.8.4 Daemon Server] - 2026-10-03T05:44:10.594Z - [WATCHER]: 3 file(s) created or restored, 0 file(s) modified, 3 file(s) deleted
[NX v20.8.4 Daemon Server] - 2026-10-03T05:44:10.695Z - [REQUEST]: Updated workspace context based on watched changes, recomputing project graph...
[NX v20.8.4 Daemon Server] - 2026-10-03T05:44:10.695Z - [REQUEST]: .nx/workspace-data/file-map.json,.nx/workspace-data/project-graph.json,.nx/workspace-data/source-maps.json
[NX v20.8.4 Daemon Server] - 2026-10-03T05:44:10.695Z - [REQUEST]: .nx/workspace-data/source-maps.json~7a44f8c1,.nx/workspace-data/file-map.json~7a44f8c1,.nx/workspace-data/project-graph.json~7a44f8c1
[NX v20.8.4 Daemon Server] - 2026-10-03T05:44:10.696Z - Time taken for 'hash changed files from watcher' 0.4524170000004233ms
[NX v20.8.4 Daemon Server] - 2026-10-03T05:44:10.705Z - Time taken for 'build-project-configs' 7.254124999999476ms
[NX v20.8.4 Daemon Server] - 2026-10-03T05:44:10.717Z - [SYNC]: collect registered sync generators
[NX v20.8.4 Daemon Server] - 2026-10-03T05:44:10.718Z - [SYNC]: project graph hash is the same, not collecting task sync generators
[NX v20.8.4 Daemon Server] - 2026-10-03T05:44:10.718Z - [SYNC]: nx.json hash is the same, not collecting global sync generators
[NX v20.8.4 Daemon Server] - 2026-10-03T05:44:10.718Z - Time taken for 'total execution time for createProjectGraph()' 9.2746660000048ms
[NX v20.8.4 Daemon Server] - 2026-10-03T05:44:10.772Z - [WATCHER]: 3 file(s) created or restored, 0 file(s) modified, 3 file(s) deleted
[NX v20.8.4 Daemon Server] - 2026-10-03T05:44:10.872Z - [REQUEST]: Updated workspace context based on watched changes, recomputing project graph...
[NX v20.8.4 Daemon Server] - 2026-10-03T05:44:10.872Z - [REQUEST]: .nx/workspace-data/file-map.json,.nx/workspace-data/project-graph.json,.nx/workspace-data/source-maps.json
[NX v20.8.4 Daemon Server] - 2026-10-03T05:44:10.872Z - [REQUEST]: .nx/workspace-data/project-graph.json~7d14bcdc,.nx/workspace-data/source-maps.json~7d14bcdc,.nx/workspace-data/file-map.json~7d14bcdc
[NX v20.8.4 Daemon Server] - 2026-10-03T05:44:10.873Z - Time taken for 'hash changed files from watcher' 0.552084000002651ms
[NX v20.8.4 Daemon Server] - 2026-10-03T05:44:10.882Z - Time taken for 'build-project-configs' 7.477624999999534ms
[NX v20.8.4 Daemon Server] - 2026-10-03T05:44:10.895Z - [SYNC]: collect registered sync generators
[NX v20.8.4 Daemon Server] - 2026-10-03T05:44:10.896Z - [SYNC]: project graph hash is the same, not collecting task sync generators
[NX v20.8.4 Daemon Server] - 2026-10-03T05:44:10.896Z - [SYNC]: nx.json hash is the same, not collecting global sync generators
[NX v20.8.4 Daemon Server] - 2026-10-03T05:44:10.896Z - Time taken for 'total execution time for createProjectGraph()' 9.949749999999767ms
[NX v20.8.4 Daemon Server] - 2026-10-03T05:44:10.949Z - [WATCHER]: 3 file(s) created or restored, 0 file(s) modified, 3 file(s) deleted
[NX v20.8.4 Daemon Server] - 2026-10-03T05:44:11.049Z - [REQUEST]: Updated workspace context based on watched changes, recomputing project graph...
[NX v20.8.4 Daemon Server] - 2026-10-03T05:44:11.049Z - [REQUEST]: .nx/workspace-data/source-maps.json,.nx/workspace-data/file-map.json,.nx/workspace-data/project-graph.json
[NX v20.8.4 Daemon Server] - 2026-10-03T05:44:11.049Z - [REQUEST]: .nx/workspace-data/project-graph.json~e74f4dc0,.nx/workspace-data/file-map.json~e74f4dc0,.nx/workspace-data/source-maps.json~e74f4dc0
[NX v20.8.4 Daemon Server] - 2026-10-03T05:44:11.050Z - Time taken for 'hash changed files from watcher' 0.44204200000240235ms
[NX v20.8.4 Daemon Server] - 2026-10-03T05:44:11.058Z - Time taken for 'build-project-configs' 6.313499999996566ms
[NX v20.8.4 Daemon Server] - 2026-10-03T05:44:11.072Z - [SYNC]: collect registered sync generators
[NX v20.8.4 Daemon Server] - 2026-10-03T05:44:11.072Z - [SYNC]: project graph hash is the same, not collecting task sync generators
[NX v20.8.4 Daemon Server] - 2026-10-03T05:44:11.072Z - [SYNC]: nx.json hash is the same, not collecting global sync generators
[NX v20.8.4 Daemon Server] - 2026-10-03T05:44:11.072Z - Time taken for 'total execution time for createProjectGraph()' 10.840415999999095ms
[NX v20.8.4 Daemon Server] - 2026-10-03T05:44:11.125Z - [WATCHER]: 3 file(s) created or restored, 0 file(s) modified, 3 file(s) deleted
[NX v20.8.4 Daemon Server] - 2026-10-03T05:44:11.227Z - [REQUEST]: Updated workspace context based on watched changes, recomputing project graph...
[NX v20.8.4 Daemon Server] - 2026-10-03T05:44:11.227Z - [REQUEST]: .nx/workspace-data/file-map.json,.nx/workspace-data/source-maps.json,.nx/workspace-data/project-graph.json
[NX v20.8.4 Daemon Server] - 2026-10-03T05:44:11.227Z - [REQUEST]: .nx/workspace-data/file-map.json~253fc77e,.nx/workspace-data/source-maps.json~253fc77e,.nx/workspace-data/project-graph.json~253fc77e
[NX v20.8.4 Daemon Server] - 2026-10-03T05:44:11.228Z - Time taken for 'hash changed files from watcher' 0.5302910000027623ms
[NX v20.8.4 Daemon Server] - 2026-10-03T05:44:11.236Z - Time taken for 'build-project-configs' 6.5679999999993015ms
[NX v20.8.4 Daemon Server] - 2026-10-03T05:44:11.250Z - [SYNC]: collect registered sync generators
[NX v20.8.4 Daemon Server] - 2026-10-03T05:44:11.251Z - [SYNC]: project graph hash is the same, not collecting task sync generators
[NX v20.8.4 Daemon Server] - 2026-10-03T05:44:11.251Z - [SYNC]: nx.json hash is the same, not collecting global sync generators
[NX v20.8.4 Daemon Server] - 2026-10-03T05:44:11.251Z - Time taken for 'total execution time for createProjectGraph()' 10.033708999995724ms
[NX v20.8.4 Daemon Server] - 2026-10-03T05:44:11.304Z - [WATCHER]: 3 file(s) created or restored, 0 file(s) modified, 3 file(s) deleted
[NX v20.8.4 Daemon Server] - 2026-10-03T05:44:11.405Z - [REQUEST]: Updated workspace context based on watched changes, recomputing project graph...
[NX v20.8.4 Daemon Server] - 2026-10-03T05:44:11.405Z - [REQUEST]: .nx/workspace-data/source-maps.json,.nx/workspace-data/file-map.json,.nx/workspace-data/project-graph.json
[NX v20.8.4 Daemon Server] - 2026-10-03T05:44:11.405Z - [REQUEST]: .nx/workspace-data/file-map.json~05d3418f,.nx/workspace-data/project-graph.json~05d3418f,.nx/workspace-data/source-maps.json~05d3418f
[NX v20.8.4 Daemon Server] - 2026-10-03T05:44:11.406Z - Time taken for 'hash changed files from watcher' 0.5182080000013229ms
[NX v20.8.4 Daemon Server] - 2026-10-03T05:44:11.415Z - Time taken for 'build-project-configs' 7.774042000004556ms
[NX v20.8.4 Daemon Server] - 2026-10-03T05:44:11.428Z - [SYNC]: collect registered sync generators
[NX v20.8.4 Daemon Server] - 2026-10-03T05:44:11.428Z - [SYNC]: project graph hash is the same, not collecting task sync generators
[NX v20.8.4 Daemon Server] - 2026-10-03T05:44:11.428Z - [SYNC]: nx.json hash is the same, not collecting global sync generators
[NX v20.8.4 Daemon Server] - 2026-10-03T05:44:11.428Z - Time taken for 'total execution time for createProjectGraph()' 9.642375000003085ms
[NX v20.8.4 Daemon Server] - 2026-10-03T05:44:11.481Z - [WATCHER]: 3 file(s) created or restored, 0 file(s) modified, 3 file(s) deleted
[NX v20.8.4 Daemon Server] - 2026-10-03T05:44:11.583Z - [REQUEST]: Updated workspace context based on watched changes, recomputing project graph...
[NX v20.8.4 Daemon Server] - 2026-10-03T05:44:11.583Z - [REQUEST]: .nx/workspace-data/file-map.json,.nx/workspace-data/source-maps.json,.nx/workspace-data/project-graph.json
[NX v20.8.4 Daemon Server] - 2026-10-03T05:44:11.583Z - [REQUEST]: .nx/workspace-data/project-graph.json~a7f33fe1,.nx/workspace-data/file-map.json~a7f33fe1,.nx/workspace-data/source-maps.json~a7f33fe1
[NX v20.8.4 Daemon Server] - 2026-10-03T05:44:11.585Z - Time taken for 'hash changed files from watcher' 0.5506669999958831ms
[NX v20.8.4 Daemon Server] - 2026-10-03T05:44:11.594Z - Time taken for 'build-project-configs' 7.286667000000307ms
[NX v20.8.4 Daemon Server] - 2026-10-03T05:44:11.607Z - [SYNC]: collect registered sync generators
[NX v20.8.4 Daemon Server] - 2026-10-03T05:44:11.608Z - [SYNC]: project graph hash is the same, not collecting task sync generators
[NX v20.8.4 Daemon Server] - 2026-10-03T05:44:11.608Z - [SYNC]: nx.json hash is the same, not collecting global sync generators
[NX v20.8.4 Daemon Server] - 2026-10-03T05:44:11.608Z - Time taken for 'total execution time for createProjectGraph()' 10.328166999999667ms
[NX v20.8.4 Daemon Server] - 2026-10-03T05:44:11.664Z - [WATCHER]: 3 file(s) created or restored, 0 file(s) modified, 3 file(s) deleted
[NX v20.8.4 Daemon Server] - 2026-10-03T05:44:11.764Z - [REQUEST]: Updated workspace context based on watched changes, recomputing project graph...
[NX v20.8.4 Daemon Server] - 2026-10-03T05:44:11.764Z - [REQUEST]: .nx/workspace-data/file-map.json,.nx/workspace-data/project-graph.json,.nx/workspace-data/source-maps.json
[NX v20.8.4 Daemon Server] - 2026-10-03T05:44:11.764Z - [REQUEST]: .nx/workspace-data/source-maps.json~f3bb90a6,.nx/workspace-data/project-graph.json~f3bb90a6,.nx/workspace-data/file-map.json~f3bb90a6
[NX v20.8.4 Daemon Server] - 2026-10-03T05:44:11.765Z - Time taken for 'hash changed files from watcher' 0.4526659999974072ms
[NX v20.8.4 Daemon Server] - 2026-10-03T05:44:11.773Z - Time taken for 'build-project-configs' 6.483916000004683ms
[NX v20.8.4 Daemon Server] - 2026-10-03T05:44:11.786Z - [SYNC]: collect registered sync generators
[NX v20.8.4 Daemon Server] - 2026-10-03T05:44:11.786Z - [SYNC]: project graph hash is the same, not collecting task sync generators
[NX v20.8.4 Daemon Server] - 2026-10-03T05:44:11.786Z - [SYNC]: nx.json hash is the same, not collecting global sync generators
[NX v20.8.4 Daemon Server] - 2026-10-03T05:44:11.787Z - Time taken for 'total execution time for createProjectGraph()' 9.927500000005239ms
[NX v20.8.4 Daemon Server] - 2026-10-03T05:44:11.842Z - [WATCHER]: 3 file(s) created or restored, 0 file(s) modified, 3 file(s) deleted
[NX v20.8.4 Daemon Server] - 2026-10-03T05:44:11.942Z - [REQUEST]: Updated workspace context based on watched changes, recomputing project graph...
[NX v20.8.4 Daemon Server] - 2026-10-03T05:44:11.943Z - [REQUEST]: .nx/workspace-data/file-map.json,.nx/workspace-data/source-maps.json,.nx/workspace-data/project-graph.json
[NX v20.8.4 Daemon Server] - 2026-10-03T05:44:11.943Z - [REQUEST]: .nx/workspace-data/file-map.json~6309bc6e,.nx/workspace-data/source-maps.json~6309bc6e,.nx/workspace-data/project-graph.json~6309bc6e
[NX v20.8.4 Daemon Server] - 2026-10-03T05:44:11.944Z - Time taken for 'hash changed files from watcher' 0.5042499999981374ms
[NX v20.8.4 Daemon Server] - 2026-10-03T05:44:11.953Z - Time taken for 'build-project-configs' 7.511916999996174ms
[NX v20.8.4 Daemon Server] - 2026-10-03T05:44:11.966Z - [SYNC]: collect registered sync generators
[NX v20.8.4 Daemon Server] - 2026-10-03T05:44:11.966Z - [SYNC]: project graph hash is the same, not collecting task sync generators
[NX v20.8.4 Daemon Server] - 2026-10-03T05:44:11.966Z - [SYNC]: nx.json hash is the same, not collecting global sync generators
[NX v20.8.4 Daemon Server] - 2026-10-03T05:44:11.966Z - Time taken for 'total execution time for createProjectGraph()' 10.311667000001762ms
[NX v20.8.4 Daemon Server] - 2026-10-03T05:44:12.023Z - [WATCHER]: 3 file(s) created or restored, 0 file(s) modified, 3 file(s) deleted
[NX v20.8.4 Daemon Server] - 2026-10-03T05:44:12.124Z - [REQUEST]: Updated workspace context based on watched changes, recomputing project graph...
[NX v20.8.4 Daemon Server] - 2026-10-03T05:44:12.124Z - [REQUEST]: .nx/workspace-data/source-maps.json,.nx/workspace-data/project-graph.json,.nx/workspace-data/file-map.json
[NX v20.8.4 Daemon Server] - 2026-10-03T05:44:12.124Z - [REQUEST]: .nx/workspace-data/project-graph.json~67e2b5ee,.nx/workspace-data/source-maps.json~67e2b5ee,.nx/workspace-data/file-map.json~67e2b5ee
[NX v20.8.4 Daemon Server] - 2026-10-03T05:44:12.125Z - Time taken for 'hash changed files from watcher' 0.405083999998169ms
[NX v20.8.4 Daemon Server] - 2026-10-03T05:44:12.133Z - Time taken for 'build-project-configs' 6.888290999995661ms
[NX v20.8.4 Daemon Server] - 2026-10-03T05:44:12.147Z - [SYNC]: collect registered sync generators
[NX v20.8.4 Daemon Server] - 2026-10-03T05:44:12.147Z - [SYNC]: project graph hash is the same, not collecting task sync generators
[NX v20.8.4 Daemon Server] - 2026-10-03T05:44:12.147Z - [SYNC]: nx.json hash is the same, not collecting global sync generators
[NX v20.8.4 Daemon Server] - 2026-10-03T05:44:12.147Z - Time taken for 'total execution time for createProjectGraph()' 10.488917000002402ms
[NX v20.8.4 Daemon Server] - 2026-10-03T05:44:12.200Z - [WATCHER]: 3 file(s) created or restored, 0 file(s) modified, 3 file(s) deleted
[NX v20.8.4 Daemon Server] - 2026-10-03T05:44:12.300Z - [REQUEST]: Updated workspace context based on watched changes, recomputing project graph...
[NX v20.8.4 Daemon Server] - 2026-10-03T05:44:12.300Z - [REQUEST]: .nx/workspace-data/source-maps.json,.nx/workspace-data/file-map.json,.nx/workspace-data/project-graph.json
[NX v20.8.4 Daemon Server] - 2026-10-03T05:44:12.300Z - [REQUEST]: .nx/workspace-data/file-map.json~0cb58e10,.nx/workspace-data/source-maps.json~0cb58e10,.nx/workspace-data/project-graph.json~0cb58e10
[NX v20.8.4 Daemon Server] - 2026-10-03T05:44:12.301Z - Time taken for 'hash changed files from watcher' 0.45566600000165636ms
[NX v20.8.4 Daemon Server] - 2026-10-03T05:44:12.309Z - Time taken for 'build-project-configs' 6.313750000001164ms
[NX v20.8.4 Daemon Server] - 2026-10-03T05:44:12.324Z - [SYNC]: collect registered sync generators
[NX v20.8.4 Daemon Server] - 2026-10-03T05:44:12.324Z - [SYNC]: project graph hash is the same, not collecting task sync generators
[NX v20.8.4 Daemon Server] - 2026-10-03T05:44:12.324Z - [SYNC]: nx.json hash is the same, not collecting global sync generators
[NX v20.8.4 Daemon Server] - 2026-10-03T05:44:12.324Z - Time taken for 'total execution time for createProjectGraph()' 11.804334000000381ms
[NX v20.8.4 Daemon Server] - 2026-10-03T05:44:12.379Z - [WATCHER]: 3 file(s) created or restored, 0 file(s) modified, 3 file(s) deleted
[NX v20.8.4 Daemon Server] - 2026-10-03T05:44:12.480Z - [REQUEST]: Updated workspace context based on watched changes, recomputing project graph...
[NX v20.8.4 Daemon Server] - 2026-10-03T05:44:12.480Z - [REQUEST]: .nx/workspace-data/file-map.json,.nx/workspace-data/project-graph.json,.nx/workspace-data/source-maps.json
[NX v20.8.4 Daemon Server] - 2026-10-03T05:44:12.480Z - [REQUEST]: .nx/workspace-data/source-maps.json~3a10bea2,.nx/workspace-data/project-graph.json~3a10bea2,.nx/workspace-data/file-map.json~3a10bea2
[NX v20.8.4 Daemon Server] - 2026-10-03T05:44:12.481Z - Time taken for 'hash changed files from watcher' 0.4962919999961741ms
[NX v20.8.4 Daemon Server] - 2026-10-03T05:44:12.491Z - Time taken for 'build-project-configs' 8.478917000000365ms
[NX v20.8.4 Daemon Server] - 2026-10-03T05:44:12.504Z - [SYNC]: collect registered sync generators
[NX v20.8.4 Daemon Server] - 2026-10-03T05:44:12.504Z - [SYNC]: project graph hash is the same, not collecting task sync generators
[NX v20.8.4 Daemon Server] - 2026-10-03T05:44:12.504Z - [SYNC]: nx.json hash is the same, not collecting global sync generators
[NX v20.8.4 Daemon Server] - 2026-10-03T05:44:12.504Z - Time taken for 'total execution time for createProjectGraph()' 10.694541999997455ms
[NX v20.8.4 Daemon Server] - 2026-10-03T05:44:12.563Z - [WATCHER]: 3 file(s) created or restored, 0 file(s) modified, 3 file(s) deleted
[NX v20.8.4 Daemon Server] - 2026-10-03T05:44:12.664Z - [REQUEST]: Updated workspace context based on watched changes, recomputing project graph...
[NX v20.8.4 Daemon Server] - 2026-10-03T05:44:12.664Z - [REQUEST]: .nx/workspace-data/file-map.json,.nx/workspace-data/project-graph.json,.nx/workspace-data/source-maps.json
[NX v20.8.4 Daemon Server] - 2026-10-03T05:44:12.664Z - [REQUEST]: .nx/workspace-data/file-map.json~6b8772ba,.nx/workspace-data/source-maps.json~6b8772ba,.nx/workspace-data/project-graph.json~6b8772ba
[NX v20.8.4 Daemon Server] - 2026-10-03T05:44:12.665Z - Time taken for 'hash changed files from watcher' 0.6170829999973648ms
[NX v20.8.4 Daemon Server] - 2026-10-03T05:44:12.673Z - Time taken for 'build-project-configs' 6.570417000002635ms
[NX v20.8.4 Daemon Server] - 2026-10-03T05:44:12.686Z - [SYNC]: collect registered sync generators
[NX v20.8.4 Daemon Server] - 2026-10-03T05:44:12.686Z - [SYNC]: project graph hash is the same, not collecting task sync generators
[NX v20.8.4 Daemon Server] - 2026-10-03T05:44:12.686Z - [SYNC]: nx.json hash is the same, not collecting global sync generators
[NX v20.8.4 Daemon Server] - 2026-10-03T05:44:12.686Z - Time taken for 'total execution time for createProjectGraph()' 9.806250000001455ms
[NX v20.8.4 Daemon Server] - 2026-10-03T05:44:12.740Z - [WATCHER]: 3 file(s) created or restored, 0 file(s) modified, 3 file(s) deleted
[NX v20.8.4 Daemon Server] - 2026-10-03T05:44:12.840Z - [REQUEST]: Updated workspace context based on watched changes, recomputing project graph...
[NX v20.8.4 Daemon Server] - 2026-10-03T05:44:12.840Z - [REQUEST]: .nx/workspace-data/source-maps.json,.nx/workspace-data/project-graph.json,.nx/workspace-data/file-map.json
[NX v20.8.4 Daemon Server] - 2026-10-03T05:44:12.840Z - [REQUEST]: .nx/workspace-data/source-maps.json~f5fd9148,.nx/workspace-data/project-graph.json~f5fd9148,.nx/workspace-data/file-map.json~f5fd9148
[NX v20.8.4 Daemon Server] - 2026-10-03T05:44:12.842Z - Time taken for 'hash changed files from watcher' 0.4462500000008731ms
[NX v20.8.4 Daemon Server] - 2026-10-03T05:44:12.850Z - Time taken for 'build-project-configs' 6.898207999998704ms
[NX v20.8.4 Daemon Server] - 2026-10-03T05:44:12.863Z - [SYNC]: collect registered sync generators
[NX v20.8.4 Daemon Server] - 2026-10-03T05:44:12.864Z - [SYNC]: project graph hash is the same, not collecting task sync generators
[NX v20.8.4 Daemon Server] - 2026-10-03T05:44:12.864Z - [SYNC]: nx.json hash is the same, not collecting global sync generators
[NX v20.8.4 Daemon Server] - 2026-10-03T05:44:12.864Z - Time taken for 'total execution time for createProjectGraph()' 10.545540999999503ms
[NX v20.8.4 Daemon Server] - 2026-10-03T05:44:12.918Z - [WATCHER]: 3 file(s) created or restored, 0 file(s) modified, 3 file(s) deleted
[NX v20.8.4 Daemon Server] - 2026-10-03T05:44:13.019Z - [REQUEST]: Updated workspace context based on watched changes, recomputing project graph...
[NX v20.8.4 Daemon Server] - 2026-10-03T05:44:13.019Z - [REQUEST]: .nx/workspace-data/source-maps.json,.nx/workspace-data/project-graph.json,.nx/workspace-data/file-map.json
[NX v20.8.4 Daemon Server] - 2026-10-03T05:44:13.019Z - [REQUEST]: .nx/workspace-data/source-maps.json~ce360ea0,.nx/workspace-data/file-map.json~ce360ea0,.nx/workspace-data/project-graph.json~ce360ea0
[NX v20.8.4 Daemon Server] - 2026-10-03T05:44:13.021Z - Time taken for 'hash changed files from watcher' 0.6008330000040587ms
[NX v20.8.4 Daemon Server] - 2026-10-03T05:44:13.030Z - Time taken for 'build-project-configs' 7.920624999998836ms
[NX v20.8.4 Daemon Server] - 2026-10-03T05:44:13.043Z - [SYNC]: collect registered sync generators
[NX v20.8.4 Daemon Server] - 2026-10-03T05:44:13.043Z - [SYNC]: project graph hash is the same, not collecting task sync generators
[NX v20.8.4 Daemon Server] - 2026-10-03T05:44:13.044Z - [SYNC]: nx.json hash is the same, not collecting global sync generators
[NX v20.8.4 Daemon Server] - 2026-10-03T05:44:13.044Z - Time taken for 'total execution time for createProjectGraph()' 10.201124999999593ms
[NX v20.8.4 Daemon Server] - 2026-10-03T05:44:13.097Z - [WATCHER]: 3 file(s) created or restored, 0 file(s) modified, 3 file(s) deleted
[NX v20.8.4 Daemon Server] - 2026-10-03T05:44:13.198Z - [REQUEST]: Updated workspace context based on watched changes, recomputing project graph...
[NX v20.8.4 Daemon Server] - 2026-10-03T05:44:13.198Z - [REQUEST]: .nx/workspace-data/source-maps.json,.nx/workspace-data/file-map.json,.nx/workspace-data/project-graph.json
[NX v20.8.4 Daemon Server] - 2026-10-03T05:44:13.199Z - [REQUEST]: .nx/workspace-data/project-graph.json~e7729bb9,.nx/workspace-data/source-maps.json~e7729bb9,.nx/workspace-data/file-map.json~e7729bb9
[NX v20.8.4 Daemon Server] - 2026-10-03T05:44:13.200Z - Time taken for 'hash changed files from watcher' 0.5132079999966663ms
[NX v20.8.4 Daemon Server] - 2026-10-03T05:44:13.208Z - Time taken for 'build-project-configs' 6.641292000000249ms
[NX v20.8.4 Daemon Server] - 2026-10-03T05:44:13.221Z - [SYNC]: collect registered sync generators
[NX v20.8.4 Daemon Server] - 2026-10-03T05:44:13.222Z - [SYNC]: project graph hash is the same, not collecting task sync generators
[NX v20.8.4 Daemon Server] - 2026-10-03T05:44:13.222Z - [SYNC]: nx.json hash is the same, not collecting global sync generators
[NX v20.8.4 Daemon Server] - 2026-10-03T05:44:13.222Z - Time taken for 'total execution time for createProjectGraph()' 10.302041000002646ms
[NX v20.8.4 Daemon Server] - 2026-10-03T05:44:13.276Z - [WATCHER]: 3 file(s) created or restored, 0 file(s) modified, 3 file(s) deleted
[NX v20.8.4 Daemon Server] - 2026-10-03T05:44:13.378Z - [REQUEST]: Updated workspace context based on watched changes, recomputing project graph...
[NX v20.8.4 Daemon Server] - 2026-10-03T05:44:13.378Z - [REQUEST]: .nx/workspace-data/project-graph.json,.nx/workspace-data/source-maps.json,.nx/workspace-data/file-map.json
[NX v20.8.4 Daemon Server] - 2026-10-03T05:44:13.378Z - [REQUEST]: .nx/workspace-data/file-map.json~f7a389bd,.nx/workspace-data/source-maps.json~f7a389bd,.nx/workspace-data/project-graph.json~f7a389bd
[NX v20.8.4 Daemon Server] - 2026-10-03T05:44:13.379Z - Time taken for 'hash changed files from watcher' 0.42312500000116415ms
[NX v20.8.4 Daemon Server] - 2026-10-03T05:44:13.387Z - Time taken for 'build-project-configs' 6.5104169999976875ms
[NX v20.8.4 Daemon Server] - 2026-10-03T05:44:13.400Z - [SYNC]: collect registered sync generators
[NX v20.8.4 Daemon Server] - 2026-10-03T05:44:13.400Z - [SYNC]: project graph hash is the same, not collecting task sync generators
[NX v20.8.4 Daemon Server] - 2026-10-03T05:44:13.400Z - [SYNC]: nx.json hash is the same, not collecting global sync generators
[NX v20.8.4 Daemon Server] - 2026-10-03T05:44:13.400Z - Time taken for 'total execution time for createProjectGraph()' 9.953584000002593ms
[NX v20.8.4 Daemon Server] - 2026-10-03T05:44:13.454Z - [WATCHER]: 3 file(s) created or restored, 0 file(s) modified, 3 file(s) deleted
[NX v20.8.4 Daemon Server] - 2026-10-03T05:44:13.554Z - [REQUEST]: Updated workspace context based on watched changes, recomputing project graph...
[NX v20.8.4 Daemon Server] - 2026-10-03T05:44:13.554Z - [REQUEST]: .nx/workspace-data/project-graph.json,.nx/workspace-data/source-maps.json,.nx/workspace-data/file-map.json
[NX v20.8.4 Daemon Server] - 2026-10-03T05:44:13.555Z - [REQUEST]: .nx/workspace-data/file-map.json~44b92ea8,.nx/workspace-data/source-maps.json~44b92ea8,.nx/workspace-data/project-graph.json~44b92ea8
[NX v20.8.4 Daemon Server] - 2026-10-03T05:44:13.556Z - Time taken for 'hash changed files from watcher' 0.4224580000009155ms
[NX v20.8.4 Daemon Server] - 2026-10-03T05:44:13.564Z - Time taken for 'build-project-configs' 7.61554199999955ms
[NX v20.8.4 Daemon Server] - 2026-10-03T05:44:13.579Z - [SYNC]: collect registered sync generators
[NX v20.8.4 Daemon Server] - 2026-10-03T05:44:13.579Z - [SYNC]: project graph hash is the same, not collecting task sync generators
[NX v20.8.4 Daemon Server] - 2026-10-03T05:44:13.579Z - [SYNC]: nx.json hash is the same, not collecting global sync generators
[NX v20.8.4 Daemon Server] - 2026-10-03T05:44:13.579Z - Time taken for 'total execution time for createProjectGraph()' 11.01612500000192ms
[NX v20.8.4 Daemon Server] - 2026-10-03T05:44:13.637Z - [WATCHER]: 3 file(s) created or restored, 0 file(s) modified, 3 file(s) deleted
[NX v20.8.4 Daemon Server] - 2026-10-03T05:44:13.737Z - [REQUEST]: Updated workspace context based on watched changes, recomputing project graph...
[NX v20.8.4 Daemon Server] - 2026-10-03T05:44:13.737Z - [REQUEST]: .nx/workspace-data/source-maps.json,.nx/workspace-data/project-graph.json,.nx/workspace-data/file-map.json
[NX v20.8.4 Daemon Server] - 2026-10-03T05:44:13.737Z - [REQUEST]: .nx/workspace-data/project-graph.json~5786c5c9,.nx/workspace-data/source-maps.json~5786c5c9,.nx/workspace-data/file-map.json~5786c5c9
[NX v20.8.4 Daemon Server] - 2026-10-03T05:44:13.738Z - Time taken for 'hash changed files from watcher' 0.5531669999982114ms
[NX v20.8.4 Daemon Server] - 2026-10-03T05:44:13.747Z - Time taken for 'build-project-configs' 6.976083000001381ms
[NX v20.8.4 Daemon Server] - 2026-10-03T05:44:13.759Z - [SYNC]: collect registered sync generators
[NX v20.8.4 Daemon Server] - 2026-10-03T05:44:13.759Z - [SYNC]: project graph hash is the same, not collecting task sync generators
[NX v20.8.4 Daemon Server] - 2026-10-03T05:44:13.759Z - [SYNC]: nx.json hash is the same, not collecting global sync generators
[NX v20.8.4 Daemon Server] - 2026-10-03T05:44:13.760Z - Time taken for 'total execution time for createProjectGraph()' 9.904833000000508ms
[NX v20.8.4 Daemon Server] - 2026-10-03T05:44:13.822Z - [WATCHER]: 3 file(s) created or restored, 0 file(s) modified, 3 file(s) deleted
[NX v20.8.4 Daemon Server] - 2026-10-03T05:44:13.923Z - [REQUEST]: Updated workspace context based on watched changes, recomputing project graph...
[NX v20.8.4 Daemon Server] - 2026-10-03T05:44:13.923Z - [REQUEST]: .nx/workspace-data/source-maps.json,.nx/workspace-data/project-graph.json,.nx/workspace-data/file-map.json
[NX v20.8.4 Daemon Server] - 2026-10-03T05:44:13.923Z - [REQUEST]: .nx/workspace-data/source-maps.json~99f40f15,.nx/workspace-data/file-map.json~99f40f15,.nx/workspace-data/project-graph.json~99f40f15
[NX v20.8.4 Daemon Server] - 2026-10-03T05:44:13.924Z - Time taken for 'hash changed files from watcher' 0.4318340000027092ms
[NX v20.8.4 Daemon Server] - 2026-10-03T05:44:13.931Z - Time taken for 'build-project-configs' 6.425250000000233ms
[NX v20.8.4 Daemon Server] - 2026-10-03T05:44:13.944Z - [SYNC]: collect registered sync generators
[NX v20.8.4 Daemon Server] - 2026-10-03T05:44:13.944Z - [SYNC]: project graph hash is the same, not collecting task sync generators
[NX v20.8.4 Daemon Server] - 2026-10-03T05:44:13.944Z - [SYNC]: nx.json hash is the same, not collecting global sync generators
[NX v20.8.4 Daemon Server] - 2026-10-03T05:44:13.945Z - Time taken for 'total execution time for createProjectGraph()' 9.858041999999841ms
[NX v20.8.4 Daemon Server] - 2026-10-03T05:44:13.997Z - [WATCHER]: 3 file(s) created or restored, 0 file(s) modified, 3 file(s) deleted
[NX v20.8.4 Daemon Server] - 2026-10-03T05:44:14.099Z - [REQUEST]: Updated workspace context based on watched changes, recomputing project graph...
[NX v20.8.4 Daemon Server] - 2026-10-03T05:44:14.099Z - [REQUEST]: .nx/workspace-data/file-map.json,.nx/workspace-data/project-graph.json,.nx/workspace-data/source-maps.json
[NX v20.8.4 Daemon Server] - 2026-10-03T05:44:14.099Z - [REQUEST]: .nx/workspace-data/source-maps.json~f16c0a7e,.nx/workspace-data/project-graph.json~f16c0a7e,.nx/workspace-data/file-map.json~f16c0a7e
[NX v20.8.4 Daemon Server] - 2026-10-03T05:44:14.101Z - Time taken for 'hash changed files from watcher' 0.4894999999960419ms
[NX v20.8.4 Daemon Server] - 2026-10-03T05:44:14.109Z - Time taken for 'build-project-configs' 7.68133300000045ms
[NX v20.8.4 Daemon Server] - 2026-10-03T05:44:14.123Z - [SYNC]: collect registered sync generators
[NX v20.8.4 Daemon Server] - 2026-10-03T05:44:14.123Z - [SYNC]: project graph hash is the same, not collecting task sync generators
[NX v20.8.4 Daemon Server] - 2026-10-03T05:44:14.123Z - [SYNC]: nx.json hash is the same, not collecting global sync generators
[NX v20.8.4 Daemon Server] - 2026-10-03T05:44:14.123Z - Time taken for 'total execution time for createProjectGraph()' 10.422208000003593ms
[NX v20.8.4 Daemon Server] - 2026-10-03T05:44:14.185Z - [WATCHER]: 3 file(s) created or restored, 0 file(s) modified, 3 file(s) deleted
[NX v20.8.4 Daemon Server] - 2026-10-03T05:44:14.285Z - [REQUEST]: Updated workspace context based on watched changes, recomputing project graph...
[NX v20.8.4 Daemon Server] - 2026-10-03T05:44:14.285Z - [REQUEST]: .nx/workspace-data/source-maps.json,.nx/workspace-data/project-graph.json,.nx/workspace-data/file-map.json
[NX v20.8.4 Daemon Server] - 2026-10-03T05:44:14.285Z - [REQUEST]: .nx/workspace-data/project-graph.json~1e473ced,.nx/workspace-data/file-map.json~1e473ced,.nx/workspace-data/source-maps.json~1e473ced
[NX v20.8.4 Daemon Server] - 2026-10-03T05:44:14.287Z - Time taken for 'hash changed files from watcher' 0.6074999999982538ms
[NX v20.8.4 Daemon Server] - 2026-10-03T05:44:14.295Z - Time taken for 'build-project-configs' 6.473292000002402ms
[NX v20.8.4 Daemon Server] - 2026-10-03T05:44:14.307Z - [SYNC]: collect registered sync generators
[NX v20.8.4 Daemon Server] - 2026-10-03T05:44:14.307Z - [SYNC]: project graph hash is the same, not collecting task sync generators
[NX v20.8.4 Daemon Server] - 2026-10-03T05:44:14.307Z - [SYNC]: nx.json hash is the same, not collecting global sync generators
[NX v20.8.4 Daemon Server] - 2026-10-03T05:44:14.307Z - Time taken for 'total execution time for createProjectGraph()' 9.967166999995243ms
[NX v20.8.4 Daemon Server] - 2026-10-03T05:44:14.363Z - [WATCHER]: 3 file(s) created or restored, 0 file(s) modified, 3 file(s) deleted
[NX v20.8.4 Daemon Server] - 2026-10-03T05:44:14.464Z - [REQUEST]: Updated workspace context based on watched changes, recomputing project graph...
[NX v20.8.4 Daemon Server] - 2026-10-03T05:44:14.464Z - [REQUEST]: .nx/workspace-data/source-maps.json,.nx/workspace-data/project-graph.json,.nx/workspace-data/file-map.json
[NX v20.8.4 Daemon Server] - 2026-10-03T05:44:14.464Z - [REQUEST]: .nx/workspace-data/source-maps.json~b29dccbb,.nx/workspace-data/project-graph.json~b29dccbb,.nx/workspace-data/file-map.json~b29dccbb
[NX v20.8.4 Daemon Server] - 2026-10-03T05:44:14.465Z - Time taken for 'hash changed files from watcher' 0.6078750000015134ms
[NX v20.8.4 Daemon Server] - 2026-10-03T05:44:14.474Z - Time taken for 'build-project-configs' 6.740291999994952ms
[NX v20.8.4 Daemon Server] - 2026-10-03T05:44:14.488Z - [SYNC]: collect registered sync generators
[NX v20.8.4 Daemon Server] - 2026-10-03T05:44:14.489Z - [SYNC]: project graph hash is the same, not collecting task sync generators
[NX v20.8.4 Daemon Server] - 2026-10-03T05:44:14.489Z - [SYNC]: nx.json hash is the same, not collecting global sync generators
[NX v20.8.4 Daemon Server] - 2026-10-03T05:44:14.489Z - Time taken for 'total execution time for createProjectGraph()' 11.886499999993248ms
[NX v20.8.4 Daemon Server] - 2026-10-03T05:44:14.545Z - [WATCHER]: 3 file(s) created or restored, 0 file(s) modified, 3 file(s) deleted
[NX v20.8.4 Daemon Server] - 2026-10-03T05:44:14.646Z - [REQUEST]: Updated workspace context based on watched changes, recomputing project graph...
[NX v20.8.4 Daemon Server] - 2026-10-03T05:44:14.646Z - [REQUEST]: .nx/workspace-data/file-map.json,.nx/workspace-data/project-graph.json,.nx/workspace-data/source-maps.json
[NX v20.8.4 Daemon Server] - 2026-10-03T05:44:14.646Z - [REQUEST]: .nx/workspace-data/project-graph.json~ae54da05,.nx/workspace-data/file-map.json~ae54da05,.nx/workspace-data/source-maps.json~ae54da05
[NX v20.8.4 Daemon Server] - 2026-10-03T05:44:14.648Z - Time taken for 'hash changed files from watcher' 0.4703750000044238ms
[NX v20.8.4 Daemon Server] - 2026-10-03T05:44:14.656Z - Time taken for 'build-project-configs' 7.713416999999026ms
[NX v20.8.4 Daemon Server] - 2026-10-03T05:44:14.669Z - [SYNC]: collect registered sync generators
[NX v20.8.4 Daemon Server] - 2026-10-03T05:44:14.669Z - [SYNC]: project graph hash is the same, not collecting task sync generators
[NX v20.8.4 Daemon Server] - 2026-10-03T05:44:14.669Z - [SYNC]: nx.json hash is the same, not collecting global sync generators
[NX v20.8.4 Daemon Server] - 2026-10-03T05:44:14.669Z - Time taken for 'total execution time for createProjectGraph()' 10.32283300000563ms
[NX v20.8.4 Daemon Server] - 2026-10-03T05:44:14.723Z - [WATCHER]: 3 file(s) created or restored, 0 file(s) modified, 3 file(s) deleted
[NX v20.8.4 Daemon Server] - 2026-10-03T05:44:14.823Z - [REQUEST]: Updated workspace context based on watched changes, recomputing project graph...
[NX v20.8.4 Daemon Server] - 2026-10-03T05:44:14.823Z - [REQUEST]: .nx/workspace-data/source-maps.json,.nx/workspace-data/project-graph.json,.nx/workspace-data/file-map.json
[NX v20.8.4 Daemon Server] - 2026-10-03T05:44:14.823Z - [REQUEST]: .nx/workspace-data/source-maps.json~3d4b4e43,.nx/workspace-data/project-graph.json~3d4b4e43,.nx/workspace-data/file-map.json~3d4b4e43
[NX v20.8.4 Daemon Server] - 2026-10-03T05:44:14.824Z - Time taken for 'hash changed files from watcher' 0.4642919999969308ms
[NX v20.8.4 Daemon Server] - 2026-10-03T05:44:14.833Z - Time taken for 'build-project-configs' 7.387249999999767ms
[NX v20.8.4 Daemon Server] - 2026-10-03T05:44:14.847Z - [SYNC]: collect registered sync generators
[NX v20.8.4 Daemon Server] - 2026-10-03T05:44:14.848Z - [SYNC]: project graph hash is the same, not collecting task sync generators
[NX v20.8.4 Daemon Server] - 2026-10-03T05:44:14.848Z - [SYNC]: nx.json hash is the same, not collecting global sync generators
[NX v20.8.4 Daemon Server] - 2026-10-03T05:44:14.848Z - Time taken for 'total execution time for createProjectGraph()' 11.77812499999709ms
[NX v20.8.4 Daemon Server] - 2026-10-03T05:44:14.902Z - [WATCHER]: 3 file(s) created or restored, 0 file(s) modified, 3 file(s) deleted
[NX v20.8.4 Daemon Server] - 2026-10-03T05:44:15.004Z - [REQUEST]: Updated workspace context based on watched changes, recomputing project graph...
[NX v20.8.4 Daemon Server] - 2026-10-03T05:44:15.004Z - [REQUEST]: .nx/workspace-data/source-maps.json,.nx/workspace-data/project-graph.json,.nx/workspace-data/file-map.json
[NX v20.8.4 Daemon Server] - 2026-10-03T05:44:15.004Z - [REQUEST]: .nx/workspace-data/source-maps.json~10daef07,.nx/workspace-data/file-map.json~10daef07,.nx/workspace-data/project-graph.json~10daef07
[NX v20.8.4 Daemon Server] - 2026-10-03T05:44:15.006Z - Time taken for 'hash changed files from watcher' 0.4952919999996084ms
[NX v20.8.4 Daemon Server] - 2026-10-03T05:44:15.014Z - Time taken for 'build-project-configs' 7.07129200000054ms
[NX v20.8.4 Daemon Server] - 2026-10-03T05:44:15.028Z - [SYNC]: collect registered sync generators
[NX v20.8.4 Daemon Server] - 2026-10-03T05:44:15.028Z - [SYNC]: project graph hash is the same, not collecting task sync generators
[NX v20.8.4 Daemon Server] - 2026-10-03T05:44:15.028Z - [SYNC]: nx.json hash is the same, not collecting global sync generators
[NX v20.8.4 Daemon Server] - 2026-10-03T05:44:15.028Z - Time taken for 'total execution time for createProjectGraph()' 10.033959000000323ms
[NX v20.8.4 Daemon Server] - 2026-10-03T05:44:15.081Z - [WATCHER]: 3 file(s) created or restored, 0 file(s) modified, 3 file(s) deleted
[NX v20.8.4 Daemon Server] - 2026-10-03T05:44:15.182Z - [REQUEST]: Updated workspace context based on watched changes, recomputing project graph...
[NX v20.8.4 Daemon Server] - 2026-10-03T05:44:15.182Z - [REQUEST]: .nx/workspace-data/file-map.json,.nx/workspace-data/project-graph.json,.nx/workspace-data/source-maps.json
[NX v20.8.4 Daemon Server] - 2026-10-03T05:44:15.182Z - [REQUEST]: .nx/workspace-data/project-graph.json~2c0f2c03,.nx/workspace-data/file-map.json~2c0f2c03,.nx/workspace-data/source-maps.json~2c0f2c03
[NX v20.8.4 Daemon Server] - 2026-10-03T05:44:15.183Z - Time taken for 'hash changed files from watcher' 0.43862499999522697ms
[NX v20.8.4 Daemon Server] - 2026-10-03T05:44:15.193Z - Time taken for 'build-project-configs' 8.347332999997889ms
[NX v20.8.4 Daemon Server] - 2026-10-03T05:44:15.208Z - [SYNC]: collect registered sync generators
[NX v20.8.4 Daemon Server] - 2026-10-03T05:44:15.209Z - [SYNC]: project graph hash is the same, not collecting task sync generators
[NX v20.8.4 Daemon Server] - 2026-10-03T05:44:15.209Z - [SYNC]: nx.json hash is the same, not collecting global sync generators
[NX v20.8.4 Daemon Server] - 2026-10-03T05:44:15.209Z - Time taken for 'total execution time for createProjectGraph()' 12.2409589999952ms
[NX v20.8.4 Daemon Server] - 2026-10-03T05:44:15.263Z - [WATCHER]: 3 file(s) created or restored, 0 file(s) modified, 3 file(s) deleted
[NX v20.8.4 Daemon Server] - 2026-10-03T05:44:15.364Z - [REQUEST]: Updated workspace context based on watched changes, recomputing project graph...
[NX v20.8.4 Daemon Server] - 2026-10-03T05:44:15.364Z - [REQUEST]: .nx/workspace-data/file-map.json,.nx/workspace-data/project-graph.json,.nx/workspace-data/source-maps.json
[NX v20.8.4 Daemon Server] - 2026-10-03T05:44:15.364Z - [REQUEST]: .nx/workspace-data/project-graph.json~403608f9,.nx/workspace-data/file-map.json~403608f9,.nx/workspace-data/source-maps.json~403608f9
[NX v20.8.4 Daemon Server] - 2026-10-03T05:44:15.365Z - Time taken for 'hash changed files from watcher' 0.4098329999978887ms
[NX v20.8.4 Daemon Server] - 2026-10-03T05:44:15.373Z - Time taken for 'build-project-configs' 6.3939160000009ms
[NX v20.8.4 Daemon Server] - 2026-10-03T05:44:15.385Z - [SYNC]: collect registered sync generators
[NX v20.8.4 Daemon Server] - 2026-10-03T05:44:15.386Z - [SYNC]: project graph hash is the same, not collecting task sync generators
[NX v20.8.4 Daemon Server] - 2026-10-03T05:44:15.386Z - [SYNC]: nx.json hash is the same, not collecting global sync generators
[NX v20.8.4 Daemon Server] - 2026-10-03T05:44:15.386Z - Time taken for 'total execution time for createProjectGraph()' 9.774582999998529ms
[NX v20.8.4 Daemon Server] - 2026-10-03T05:44:15.439Z - [WATCHER]: 3 file(s) created or restored, 0 file(s) modified, 3 file(s) deleted
[NX v20.8.4 Daemon Server] - 2026-10-03T05:44:15.539Z - [REQUEST]: Updated workspace context based on watched changes, recomputing project graph...
[NX v20.8.4 Daemon Server] - 2026-10-03T05:44:15.539Z - [REQUEST]: .nx/workspace-data/project-graph.json,.nx/workspace-data/source-maps.json,.nx/workspace-data/file-map.json
[NX v20.8.4 Daemon Server] - 2026-10-03T05:44:15.539Z - [REQUEST]: .nx/workspace-data/source-maps.json~5cb76061,.nx/workspace-data/file-map.json~5cb76061,.nx/workspace-data/project-graph.json~5cb76061
[NX v20.8.4 Daemon Server] - 2026-10-03T05:44:15.550Z - Time taken for 'hash changed files from watcher' 0.38745799999742303ms
[NX v20.8.4 Daemon Server] - 2026-10-03T05:44:15.558Z - Time taken for 'build-project-configs' 6.635042000001704ms
[NX v20.8.4 Daemon Server] - 2026-10-03T05:44:15.571Z - [SYNC]: collect registered sync generators
[NX v20.8.4 Daemon Server] - 2026-10-03T05:44:15.572Z - [SYNC]: project graph hash is the same, not collecting task sync generators
[NX v20.8.4 Daemon Server] - 2026-10-03T05:44:15.572Z - [SYNC]: nx.json hash is the same, not collecting global sync generators
[NX v20.8.4 Daemon Server] - 2026-10-03T05:44:15.572Z - Time taken for 'total execution time for createProjectGraph()' 9.98750000000291ms
[NX v20.8.4 Daemon Server] - 2026-10-03T05:44:15.627Z - [WATCHER]: 3 file(s) created or restored, 0 file(s) modified, 3 file(s) deleted
[NX v20.8.4 Daemon Server] - 2026-10-03T05:44:15.727Z - [REQUEST]: Updated workspace context based on watched changes, recomputing project graph...
[NX v20.8.4 Daemon Server] - 2026-10-03T05:44:15.727Z - [REQUEST]: .nx/workspace-data/project-graph.json,.nx/workspace-data/source-maps.json,.nx/workspace-data/file-map.json
[NX v20.8.4 Daemon Server] - 2026-10-03T05:44:15.727Z - [REQUEST]: .nx/workspace-data/project-graph.json~1073de19,.nx/workspace-data/file-map.json~1073de19,.nx/workspace-data/source-maps.json~1073de19
[NX v20.8.4 Daemon Server] - 2026-10-03T05:44:15.736Z - Time taken for 'hash changed files from watcher' 0.4083749999990687ms
[NX v20.8.4 Daemon Server] - 2026-10-03T05:44:15.745Z - Time taken for 'build-project-configs' 7.779125000000931ms
[NX v20.8.4 Daemon Server] - 2026-10-03T05:44:15.759Z - [SYNC]: collect registered sync generators
[NX v20.8.4 Daemon Server] - 2026-10-03T05:44:15.759Z - [SYNC]: project graph hash is the same, not collecting task sync generators
[NX v20.8.4 Daemon Server] - 2026-10-03T05:44:15.759Z - [SYNC]: nx.json hash is the same, not collecting global sync generators
[NX v20.8.4 Daemon Server] - 2026-10-03T05:44:15.759Z - Time taken for 'total execution time for createProjectGraph()' 10.160834000002069ms
[NX v20.8.4 Daemon Server] - 2026-10-03T05:44:15.815Z - [WATCHER]: 3 file(s) created or restored, 0 file(s) modified, 3 file(s) deleted
[NX v20.8.4 Daemon Server] - 2026-10-03T05:44:15.916Z - [REQUEST]: Updated workspace context based on watched changes, recomputing project graph...
[NX v20.8.4 Daemon Server] - 2026-10-03T05:44:15.916Z - [REQUEST]: .nx/workspace-data/source-maps.json,.nx/workspace-data/file-map.json,.nx/workspace-data/project-graph.json
[NX v20.8.4 Daemon Server] - 2026-10-03T05:44:15.916Z - [REQUEST]: .nx/workspace-data/file-map.json~57c2ee36,.nx/workspace-data/project-graph.json~57c2ee36,.nx/workspace-data/source-maps.json~57c2ee36
[NX v20.8.4 Daemon Server] - 2026-10-03T05:44:15.917Z - Time taken for 'hash changed files from watcher' 0.5623330000016722ms
[NX v20.8.4 Daemon Server] - 2026-10-03T05:44:15.926Z - Time taken for 'build-project-configs' 6.98270799999591ms
[NX v20.8.4 Daemon Server] - 2026-10-03T05:44:15.940Z - [SYNC]: collect registered sync generators
[NX v20.8.4 Daemon Server] - 2026-10-03T05:44:15.941Z - [SYNC]: project graph hash is the same, not collecting task sync generators
[NX v20.8.4 Daemon Server] - 2026-10-03T05:44:15.941Z - [SYNC]: nx.json hash is the same, not collecting global sync generators
[NX v20.8.4 Daemon Server] - 2026-10-03T05:44:15.941Z - Time taken for 'total execution time for createProjectGraph()' 11.456500000000233ms
[NX v20.8.4 Daemon Server] - 2026-10-03T05:44:15.996Z - [WATCHER]: 3 file(s) created or restored, 0 file(s) modified, 3 file(s) deleted
[NX v20.8.4 Daemon Server] - 2026-10-03T05:44:16.096Z - [REQUEST]: Updated workspace context based on watched changes, recomputing project graph...
[NX v20.8.4 Daemon Server] - 2026-10-03T05:44:16.096Z - [REQUEST]: .nx/workspace-data/project-graph.json,.nx/workspace-data/source-maps.json,.nx/workspace-data/file-map.json
[NX v20.8.4 Daemon Server] - 2026-10-03T05:44:16.096Z - [REQUEST]: .nx/workspace-data/source-maps.json~7881f87e,.nx/workspace-data/file-map.json~7881f87e,.nx/workspace-data/project-graph.json~7881f87e
[NX v20.8.4 Daemon Server] - 2026-10-03T05:44:16.100Z - Time taken for 'hash changed files from watcher' 0.40970799999922747ms
[NX v20.8.4 Daemon Server] - 2026-10-03T05:44:16.109Z - Time taken for 'build-project-configs' 6.791833999996015ms
[NX v20.8.4 Daemon Server] - 2026-10-03T05:44:16.123Z - [SYNC]: collect registered sync generators
[NX v20.8.4 Daemon Server] - 2026-10-03T05:44:16.123Z - [SYNC]: project graph hash is the same, not collecting task sync generators
[NX v20.8.4 Daemon Server] - 2026-10-03T05:44:16.123Z - [SYNC]: nx.json hash is the same, not collecting global sync generators
[NX v20.8.4 Daemon Server] - 2026-10-03T05:44:16.123Z - Time taken for 'total execution time for createProjectGraph()' 11.735749999999825ms
[NX v20.8.4 Daemon Server] - 2026-10-03T05:44:16.183Z - [WATCHER]: 3 file(s) created or restored, 0 file(s) modified, 3 file(s) deleted
[NX v20.8.4 Daemon Server] - 2026-10-03T05:44:16.284Z - [REQUEST]: Updated workspace context based on watched changes, recomputing project graph...
[NX v20.8.4 Daemon Server] - 2026-10-03T05:44:16.284Z - [REQUEST]: .nx/workspace-data/file-map.json,.nx/workspace-data/source-maps.json,.nx/workspace-data/project-graph.json
[NX v20.8.4 Daemon Server] - 2026-10-03T05:44:16.284Z - [REQUEST]: .nx/workspace-data/project-graph.json~70de5ebf,.nx/workspace-data/source-maps.json~70de5ebf,.nx/workspace-data/file-map.json~70de5ebf
[NX v20.8.4 Daemon Server] - 2026-10-03T05:44:16.285Z - Time taken for 'hash changed files from watcher' 0.652750000001106ms
[NX v20.8.4 Daemon Server] - 2026-10-03T05:44:16.294Z - Time taken for 'build-project-configs' 7.701625000001513ms
[NX v20.8.4 Daemon Server] - 2026-10-03T05:44:16.307Z - [SYNC]: collect registered sync generators
[NX v20.8.4 Daemon Server] - 2026-10-03T05:44:16.308Z - [SYNC]: project graph hash is the same, not collecting task sync generators
[NX v20.8.4 Daemon Server] - 2026-10-03T05:44:16.308Z - [SYNC]: nx.json hash is the same, not collecting global sync generators
[NX v20.8.4 Daemon Server] - 2026-10-03T05:44:16.308Z - Time taken for 'total execution time for createProjectGraph()' 10.18395800000144ms
[NX v20.8.4 Daemon Server] - 2026-10-03T05:44:16.370Z - [WATCHER]: 3 file(s) created or restored, 0 file(s) modified, 3 file(s) deleted
[NX v20.8.4 Daemon Server] - 2026-10-03T05:44:16.471Z - [REQUEST]: Updated workspace context based on watched changes, recomputing project graph...
[NX v20.8.4 Daemon Server] - 2026-10-03T05:44:16.471Z - [REQUEST]: .nx/workspace-data/file-map.json,.nx/workspace-data/project-graph.json,.nx/workspace-data/source-maps.json
[NX v20.8.4 Daemon Server] - 2026-10-03T05:44:16.471Z - [REQUEST]: .nx/workspace-data/project-graph.json~a741215e,.nx/workspace-data/source-maps.json~a741215e,.nx/workspace-data/file-map.json~a741215e
[NX v20.8.4 Daemon Server] - 2026-10-03T05:44:16.472Z - Time taken for 'hash changed files from watcher' 0.46604200000001583ms
[NX v20.8.4 Daemon Server] - 2026-10-03T05:44:16.481Z - Time taken for 'build-project-configs' 7.070625000000291ms
[NX v20.8.4 Daemon Server] - 2026-10-03T05:44:16.495Z - [SYNC]: collect registered sync generators
[NX v20.8.4 Daemon Server] - 2026-10-03T05:44:16.495Z - [SYNC]: project graph hash is the same, not collecting task sync generators
[NX v20.8.4 Daemon Server] - 2026-10-03T05:44:16.495Z - [SYNC]: nx.json hash is the same, not collecting global sync generators
[NX v20.8.4 Daemon Server] - 2026-10-03T05:44:16.495Z - Time taken for 'total execution time for createProjectGraph()' 11.021124999999302ms
[NX v20.8.4 Daemon Server] - 2026-10-03T05:44:16.549Z - [WATCHER]: 3 file(s) created or restored, 0 file(s) modified, 3 file(s) deleted
[NX v20.8.4 Daemon Server] - 2026-10-03T05:44:16.651Z - [REQUEST]: Updated workspace context based on watched changes, recomputing project graph...
[NX v20.8.4 Daemon Server] - 2026-10-03T05:44:16.651Z - [REQUEST]: .nx/workspace-data/source-maps.json,.nx/workspace-data/file-map.json,.nx/workspace-data/project-graph.json
[NX v20.8.4 Daemon Server] - 2026-10-03T05:44:16.651Z - [REQUEST]: .nx/workspace-data/source-maps.json~5857ad1f,.nx/workspace-data/file-map.json~5857ad1f,.nx/workspace-data/project-graph.json~5857ad1f
[NX v20.8.4 Daemon Server] - 2026-10-03T05:44:16.652Z - Time taken for 'hash changed files from watcher' 0.5175410000010743ms
[NX v20.8.4 Daemon Server] - 2026-10-03T05:44:16.660Z - Time taken for 'build-project-configs' 6.509957999995095ms
[NX v20.8.4 Daemon Server] - 2026-10-03T05:44:16.673Z - [SYNC]: collect registered sync generators
[NX v20.8.4 Daemon Server] - 2026-10-03T05:44:16.673Z - [SYNC]: project graph hash is the same, not collecting task sync generators
[NX v20.8.4 Daemon Server] - 2026-10-03T05:44:16.674Z - [SYNC]: nx.json hash is the same, not collecting global sync generators
[NX v20.8.4 Daemon Server] - 2026-10-03T05:44:16.674Z - Time taken for 'total execution time for createProjectGraph()' 10.182582999994338ms
[NX v20.8.4 Daemon Server] - 2026-10-03T05:44:16.726Z - [WATCHER]: 3 file(s) created or restored, 0 file(s) modified, 3 file(s) deleted
[NX v20.8.4 Daemon Server] - 2026-10-03T05:44:16.828Z - [REQUEST]: Updated workspace context based on watched changes, recomputing project graph...
[NX v20.8.4 Daemon Server] - 2026-10-03T05:44:16.828Z - [REQUEST]: .nx/workspace-data/project-graph.json,.nx/workspace-data/file-map.json,.nx/workspace-data/source-maps.json
[NX v20.8.4 Daemon Server] - 2026-10-03T05:44:16.828Z - [REQUEST]: .nx/workspace-data/source-maps.json~02a7cbfb,.nx/workspace-data/project-graph.json~02a7cbfb,.nx/workspace-data/file-map.json~02a7cbfb
[NX v20.8.4 Daemon Server] - 2026-10-03T05:44:16.829Z - Time taken for 'hash changed files from watcher' 0.4562909999949625ms
[NX v20.8.4 Daemon Server] - 2026-10-03T05:44:16.838Z - Time taken for 'build-project-configs' 7.4493749999965075ms
[NX v20.8.4 Daemon Server] - 2026-10-03T05:44:16.851Z - [SYNC]: collect registered sync generators
[NX v20.8.4 Daemon Server] - 2026-10-03T05:44:16.851Z - [SYNC]: project graph hash is the same, not collecting task sync generators
[NX v20.8.4 Daemon Server] - 2026-10-03T05:44:16.851Z - [SYNC]: nx.json hash is the same, not collecting global sync generators
[NX v20.8.4 Daemon Server] - 2026-10-03T05:44:16.851Z - Time taken for 'total execution time for createProjectGraph()' 10.110165999998571ms
[NX v20.8.4 Daemon Server] - 2026-10-03T05:44:16.907Z - [WATCHER]: 3 file(s) created or restored, 0 file(s) modified, 3 file(s) deleted
[NX v20.8.4 Daemon Server] - 2026-10-03T05:44:17.008Z - [REQUEST]: Updated workspace context based on watched changes, recomputing project graph...
[NX v20.8.4 Daemon Server] - 2026-10-03T05:44:17.010Z - [REQUEST]: .nx/workspace-data/file-map.json,.nx/workspace-data/source-maps.json,.nx/workspace-data/project-graph.json
[NX v20.8.4 Daemon Server] - 2026-10-03T05:44:17.010Z - [REQUEST]: .nx/workspace-data/project-graph.json~3b2954c3,.nx/workspace-data/source-maps.json~3b2954c3,.nx/workspace-data/file-map.json~3b2954c3
[NX v20.8.4 Daemon Server] - 2026-10-03T05:44:17.011Z - Time taken for 'hash changed files from watcher' 0.6602079999938724ms
[NX v20.8.4 Daemon Server] - 2026-10-03T05:44:17.019Z - Time taken for 'build-project-configs' 6.278000000005704ms
[NX v20.8.4 Daemon Server] - 2026-10-03T05:44:17.034Z - [SYNC]: collect registered sync generators
[NX v20.8.4 Daemon Server] - 2026-10-03T05:44:17.034Z - [SYNC]: project graph hash is the same, not collecting task sync generators
[NX v20.8.4 Daemon Server] - 2026-10-03T05:44:17.034Z - [SYNC]: nx.json hash is the same, not collecting global sync generators
[NX v20.8.4 Daemon Server] - 2026-10-03T05:44:17.034Z - Time taken for 'total execution time for createProjectGraph()' 12.040250000005472ms
[NX v20.8.4 Daemon Server] - 2026-10-03T05:44:17.089Z - [WATCHER]: 3 file(s) created or restored, 0 file(s) modified, 3 file(s) deleted
[NX v20.8.4 Daemon Server] - 2026-10-03T05:44:17.189Z - [REQUEST]: Updated workspace context based on watched changes, recomputing project graph...
[NX v20.8.4 Daemon Server] - 2026-10-03T05:44:17.189Z - [REQUEST]: .nx/workspace-data/project-graph.json,.nx/workspace-data/file-map.json,.nx/workspace-data/source-maps.json
[NX v20.8.4 Daemon Server] - 2026-10-03T05:44:17.189Z - [REQUEST]: .nx/workspace-data/project-graph.json~1a53b247,.nx/workspace-data/file-map.json~1a53b247,.nx/workspace-data/source-maps.json~1a53b247
[NX v20.8.4 Daemon Server] - 2026-10-03T05:44:17.191Z - Time taken for 'hash changed files from watcher' 0.4041250000009313ms
[NX v20.8.4 Daemon Server] - 2026-10-03T05:44:17.199Z - Time taken for 'build-project-configs' 6.769833999998809ms
[NX v20.8.4 Daemon Server] - 2026-10-03T05:44:17.213Z - [SYNC]: collect registered sync generators
[NX v20.8.4 Daemon Server] - 2026-10-03T05:44:17.213Z - [SYNC]: project graph hash is the same, not collecting task sync generators
[NX v20.8.4 Daemon Server] - 2026-10-03T05:44:17.213Z - [SYNC]: nx.json hash is the same, not collecting global sync generators
[NX v20.8.4 Daemon Server] - 2026-10-03T05:44:17.213Z - Time taken for 'total execution time for createProjectGraph()' 10.710292000003392ms
[NX v20.8.4 Daemon Server] - 2026-10-03T05:44:17.266Z - [WATCHER]: 3 file(s) created or restored, 0 file(s) modified, 3 file(s) deleted
[NX v20.8.4 Daemon Server] - 2026-10-03T05:44:17.366Z - [REQUEST]: Updated workspace context based on watched changes, recomputing project graph...
[NX v20.8.4 Daemon Server] - 2026-10-03T05:44:17.366Z - [REQUEST]: .nx/workspace-data/file-map.json,.nx/workspace-data/source-maps.json,.nx/workspace-data/project-graph.json
[NX v20.8.4 Daemon Server] - 2026-10-03T05:44:17.366Z - [REQUEST]: .nx/workspace-data/project-graph.json~92912167,.nx/workspace-data/source-maps.json~92912167,.nx/workspace-data/file-map.json~92912167
[NX v20.8.4 Daemon Server] - 2026-10-03T05:44:17.367Z - Time taken for 'hash changed files from watcher' 0.4509170000019367ms
[NX v20.8.4 Daemon Server] - 2026-10-03T05:44:17.377Z - Time taken for 'build-project-configs' 8.515250000004016ms
[NX v20.8.4 Daemon Server] - 2026-10-03T05:44:17.393Z - [SYNC]: collect registered sync generators
[NX v20.8.4 Daemon Server] - 2026-10-03T05:44:17.393Z - [SYNC]: project graph hash is the same, not collecting task sync generators
[NX v20.8.4 Daemon Server] - 2026-10-03T05:44:17.393Z - [SYNC]: nx.json hash is the same, not collecting global sync generators
[NX v20.8.4 Daemon Server] - 2026-10-03T05:44:17.393Z - Time taken for 'total execution time for createProjectGraph()' 12.726209000000381ms
[NX v20.8.4 Daemon Server] - 2026-10-03T05:44:17.446Z - [WATCHER]: 3 file(s) created or restored, 0 file(s) modified, 3 file(s) deleted
[NX v20.8.4 Daemon Server] - 2026-10-03T05:44:17.547Z - [REQUEST]: Updated workspace context based on watched changes, recomputing project graph...
[NX v20.8.4 Daemon Server] - 2026-10-03T05:44:17.547Z - [REQUEST]: .nx/workspace-data/file-map.json,.nx/workspace-data/source-maps.json,.nx/workspace-data/project-graph.json
[NX v20.8.4 Daemon Server] - 2026-10-03T05:44:17.547Z - [REQUEST]: .nx/workspace-data/source-maps.json~ef408ccf,.nx/workspace-data/file-map.json~ef408ccf,.nx/workspace-data/project-graph.json~ef408ccf
[NX v20.8.4 Daemon Server] - 2026-10-03T05:44:17.549Z - Time taken for 'hash changed files from watcher' 0.4492919999975129ms
[NX v20.8.4 Daemon Server] - 2026-10-03T05:44:17.558Z - Time taken for 'build-project-configs' 8.223957999995037ms
[NX v20.8.4 Daemon Server] - 2026-10-03T05:44:17.572Z - [SYNC]: collect registered sync generators
[NX v20.8.4 Daemon Server] - 2026-10-03T05:44:17.572Z - [SYNC]: project graph hash is the same, not collecting task sync generators
[NX v20.8.4 Daemon Server] - 2026-10-03T05:44:17.572Z - [SYNC]: nx.json hash is the same, not collecting global sync generators
[NX v20.8.4 Daemon Server] - 2026-10-03T05:44:17.573Z - Time taken for 'total execution time for createProjectGraph()' 11.09795799999847ms
[NX v20.8.4 Daemon Server] - 2026-10-03T05:44:17.626Z - [WATCHER]: 3 file(s) created or restored, 0 file(s) modified, 3 file(s) deleted
[NX v20.8.4 Daemon Server] - 2026-10-03T05:44:17.727Z - [REQUEST]: Updated workspace context based on watched changes, recomputing project graph...
[NX v20.8.4 Daemon Server] - 2026-10-03T05:44:17.727Z - [REQUEST]: .nx/workspace-data/source-maps.json,.nx/workspace-data/project-graph.json,.nx/workspace-data/file-map.json
[NX v20.8.4 Daemon Server] - 2026-10-03T05:44:17.727Z - [REQUEST]: .nx/workspace-data/file-map.json~0cdf10e2,.nx/workspace-data/source-maps.json~0cdf10e2,.nx/workspace-data/project-graph.json~0cdf10e2
[NX v20.8.4 Daemon Server] - 2026-10-03T05:44:17.728Z - Time taken for 'hash changed files from watcher' 0.5134170000019367ms
[NX v20.8.4 Daemon Server] - 2026-10-03T05:44:17.736Z - Time taken for 'build-project-configs' 6.788749999999709ms
[NX v20.8.4 Daemon Server] - 2026-10-03T05:44:17.751Z - [SYNC]: collect registered sync generators
[NX v20.8.4 Daemon Server] - 2026-10-03T05:44:17.751Z - [SYNC]: project graph hash is the same, not collecting task sync generators
[NX v20.8.4 Daemon Server] - 2026-10-03T05:44:17.751Z - [SYNC]: nx.json hash is the same, not collecting global sync generators
[NX v20.8.4 Daemon Server] - 2026-10-03T05:44:17.751Z - Time taken for 'total execution time for createProjectGraph()' 11.08654199999728ms
[NX v20.8.4 Daemon Server] - 2026-10-03T05:44:17.807Z - [WATCHER]: 3 file(s) created or restored, 0 file(s) modified, 3 file(s) deleted
[NX v20.8.4 Daemon Server] - 2026-10-03T05:44:17.908Z - [REQUEST]: Updated workspace context based on watched changes, recomputing project graph...
[NX v20.8.4 Daemon Server] - 2026-10-03T05:44:17.908Z - [REQUEST]: .nx/workspace-data/file-map.json,.nx/workspace-data/source-maps.json,.nx/workspace-data/project-graph.json
[NX v20.8.4 Daemon Server] - 2026-10-03T05:44:17.908Z - [REQUEST]: .nx/workspace-data/project-graph.json~3ffa6fb8,.nx/workspace-data/file-map.json~3ffa6fb8,.nx/workspace-data/source-maps.json~3ffa6fb8
[NX v20.8.4 Daemon Server] - 2026-10-03T05:44:17.909Z - Time taken for 'hash changed files from watcher' 0.48166700000001583ms
[NX v20.8.4 Daemon Server] - 2026-10-03T05:44:17.918Z - Time taken for 'build-project-configs' 7.652416999997513ms
[NX v20.8.4 Daemon Server] - 2026-10-03T05:44:17.931Z - [SYNC]: collect registered sync generators
[NX v20.8.4 Daemon Server] - 2026-10-03T05:44:17.931Z - [SYNC]: project graph hash is the same, not collecting task sync generators
[NX v20.8.4 Daemon Server] - 2026-10-03T05:44:17.931Z - [SYNC]: nx.json hash is the same, not collecting global sync generators
[NX v20.8.4 Daemon Server] - 2026-10-03T05:44:17.931Z - Time taken for 'total execution time for createProjectGraph()' 10.32499999999709ms
[NX v20.8.4 Daemon Server] - 2026-10-03T05:44:17.988Z - [WATCHER]: 3 file(s) created or restored, 0 file(s) modified, 3 file(s) deleted
[NX v20.8.4 Daemon Server] - 2026-10-03T05:44:18.089Z - [REQUEST]: Updated workspace context based on watched changes, recomputing project graph...
[NX v20.8.4 Daemon Server] - 2026-10-03T05:44:18.089Z - [REQUEST]: .nx/workspace-data/file-map.json,.nx/workspace-data/project-graph.json,.nx/workspace-data/source-maps.json
[NX v20.8.4 Daemon Server] - 2026-10-03T05:44:18.089Z - [REQUEST]: .nx/workspace-data/project-graph.json~b8795b16,.nx/workspace-data/source-maps.json~b8795b16,.nx/workspace-data/file-map.json~b8795b16
[NX v20.8.4 Daemon Server] - 2026-10-03T05:44:18.090Z - Time taken for 'hash changed files from watcher' 0.5649159999957192ms
[NX v20.8.4 Daemon Server] - 2026-10-03T05:44:18.098Z - Time taken for 'build-project-configs' 6.521249999997963ms
[NX v20.8.4 Daemon Server] - 2026-10-03T05:44:18.111Z - [SYNC]: collect registered sync generators
[NX v20.8.4 Daemon Server] - 2026-10-03T05:44:18.111Z - [SYNC]: project graph hash is the same, not collecting task sync generators
[NX v20.8.4 Daemon Server] - 2026-10-03T05:44:18.111Z - [SYNC]: nx.json hash is the same, not collecting global sync generators
[NX v20.8.4 Daemon Server] - 2026-10-03T05:44:18.111Z - Time taken for 'total execution time for createProjectGraph()' 10.055874999998196ms
[NX v20.8.4 Daemon Server] - 2026-10-03T05:44:18.165Z - [WATCHER]: 3 file(s) created or restored, 0 file(s) modified, 3 file(s) deleted
[NX v20.8.4 Daemon Server] - 2026-10-03T05:44:18.266Z - [REQUEST]: Updated workspace context based on watched changes, recomputing project graph...
[NX v20.8.4 Daemon Server] - 2026-10-03T05:44:18.266Z - [REQUEST]: .nx/workspace-data/source-maps.json,.nx/workspace-data/file-map.json,.nx/workspace-data/project-graph.json
[NX v20.8.4 Daemon Server] - 2026-10-03T05:44:18.266Z - [REQUEST]: .nx/workspace-data/file-map.json~68cab3de,.nx/workspace-data/project-graph.json~68cab3de,.nx/workspace-data/source-maps.json~68cab3de
[NX v20.8.4 Daemon Server] - 2026-10-03T05:44:18.267Z - Time taken for 'hash changed files from watcher' 0.5507919999945443ms
[NX v20.8.4 Daemon Server] - 2026-10-03T05:44:18.275Z - Time taken for 'build-project-configs' 7.063499999996566ms
[NX v20.8.4 Daemon Server] - 2026-10-03T05:44:18.289Z - [SYNC]: collect registered sync generators
[NX v20.8.4 Daemon Server] - 2026-10-03T05:44:18.289Z - [SYNC]: project graph hash is the same, not collecting task sync generators
[NX v20.8.4 Daemon Server] - 2026-10-03T05:44:18.289Z - [SYNC]: nx.json hash is the same, not collecting global sync generators
[NX v20.8.4 Daemon Server] - 2026-10-03T05:44:18.289Z - Time taken for 'total execution time for createProjectGraph()' 10.84874999999738ms
[NX v20.8.4 Daemon Server] - 2026-10-03T05:44:18.345Z - [WATCHER]: 3 file(s) created or restored, 0 file(s) modified, 3 file(s) deleted
[NX v20.8.4 Daemon Server] - 2026-10-03T05:44:18.446Z - [REQUEST]: Updated workspace context based on watched changes, recomputing project graph...
[NX v20.8.4 Daemon Server] - 2026-10-03T05:44:18.446Z - [REQUEST]: .nx/workspace-data/source-maps.json,.nx/workspace-data/file-map.json,.nx/workspace-data/project-graph.json
[NX v20.8.4 Daemon Server] - 2026-10-03T05:44:18.446Z - [REQUEST]: .nx/workspace-data/project-graph.json~74a60d48,.nx/workspace-data/file-map.json~74a60d48,.nx/workspace-data/source-maps.json~74a60d48
[NX v20.8.4 Daemon Server] - 2026-10-03T05:44:18.448Z - Time taken for 'hash changed files from watcher' 0.5353749999994761ms
[NX v20.8.4 Daemon Server] - 2026-10-03T05:44:18.457Z - Time taken for 'build-project-configs' 7.795708999998169ms
[NX v20.8.4 Daemon Server] - 2026-10-03T05:44:18.470Z - [SYNC]: collect registered sync generators
[NX v20.8.4 Daemon Server] - 2026-10-03T05:44:18.470Z - [SYNC]: project graph hash is the same, not collecting task sync generators
[NX v20.8.4 Daemon Server] - 2026-10-03T05:44:18.470Z - [SYNC]: nx.json hash is the same, not collecting global sync generators
[NX v20.8.4 Daemon Server] - 2026-10-03T05:44:18.471Z - Time taken for 'total execution time for createProjectGraph()' 10.347874999999476ms
[NX v20.8.4 Daemon Server] - 2026-10-03T05:44:18.528Z - [WATCHER]: 3 file(s) created or restored, 0 file(s) modified, 3 file(s) deleted
[NX v20.8.4 Daemon Server] - 2026-10-03T05:44:18.628Z - [REQUEST]: Updated workspace context based on watched changes, recomputing project graph...
[NX v20.8.4 Daemon Server] - 2026-10-03T05:44:18.628Z - [REQUEST]: .nx/workspace-data/project-graph.json,.nx/workspace-data/source-maps.json,.nx/workspace-data/file-map.json
[NX v20.8.4 Daemon Server] - 2026-10-03T05:44:18.628Z - [REQUEST]: .nx/workspace-data/source-maps.json~8178d73a,.nx/workspace-data/project-graph.json~8178d73a,.nx/workspace-data/file-map.json~8178d73a
[NX v20.8.4 Daemon Server] - 2026-10-03T05:44:18.630Z - Time taken for 'hash changed files from watcher' 0.41970800000126474ms
[NX v20.8.4 Daemon Server] - 2026-10-03T05:44:18.638Z - Time taken for 'build-project-configs' 7.190583000003244ms
[NX v20.8.4 Daemon Server] - 2026-10-03T05:44:18.652Z - [SYNC]: collect registered sync generators
[NX v20.8.4 Daemon Server] - 2026-10-03T05:44:18.652Z - [SYNC]: project graph hash is the same, not collecting task sync generators
[NX v20.8.4 Daemon Server] - 2026-10-03T05:44:18.652Z - [SYNC]: nx.json hash is the same, not collecting global sync generators
[NX v20.8.4 Daemon Server] - 2026-10-03T05:44:18.652Z - Time taken for 'total execution time for createProjectGraph()' 10.743708000001789ms
[NX v20.8.4 Daemon Server] - 2026-10-03T05:44:18.719Z - [WATCHER]: 3 file(s) created or restored, 0 file(s) modified, 3 file(s) deleted
[NX v20.8.4 Daemon Server] - 2026-10-03T05:44:18.819Z - [REQUEST]: Updated workspace context based on watched changes, recomputing project graph...
[NX v20.8.4 Daemon Server] - 2026-10-03T05:44:18.819Z - [REQUEST]: .nx/workspace-data/source-maps.json,.nx/workspace-data/project-graph.json,.nx/workspace-data/file-map.json
[NX v20.8.4 Daemon Server] - 2026-10-03T05:44:18.819Z - [REQUEST]: .nx/workspace-data/file-map.json~5b44ff5d,.nx/workspace-data/project-graph.json~5b44ff5d,.nx/workspace-data/source-maps.json~5b44ff5d
[NX v20.8.4 Daemon Server] - 2026-10-03T05:44:18.820Z - Time taken for 'hash changed files from watcher' 0.502874999998312ms
[NX v20.8.4 Daemon Server] - 2026-10-03T05:44:18.829Z - Time taken for 'build-project-configs' 6.737750000000233ms
[NX v20.8.4 Daemon Server] - 2026-10-03T05:44:18.842Z - [SYNC]: collect registered sync generators
[NX v20.8.4 Daemon Server] - 2026-10-03T05:44:18.842Z - [SYNC]: project graph hash is the same, not collecting task sync generators
[NX v20.8.4 Daemon Server] - 2026-10-03T05:44:18.842Z - [SYNC]: nx.json hash is the same, not collecting global sync generators
[NX v20.8.4 Daemon Server] - 2026-10-03T05:44:18.842Z - Time taken for 'total execution time for createProjectGraph()' 10.368875000000116ms
[NX v20.8.4 Daemon Server] - 2026-10-03T05:44:18.897Z - [WATCHER]: 3 file(s) created or restored, 0 file(s) modified, 3 file(s) deleted
[NX v20.8.4 Daemon Server] - 2026-10-03T05:44:18.998Z - [REQUEST]: Updated workspace context based on watched changes, recomputing project graph...
[NX v20.8.4 Daemon Server] - 2026-10-03T05:44:18.998Z - [REQUEST]: .nx/workspace-data/file-map.json,.nx/workspace-data/source-maps.json,.nx/workspace-data/project-graph.json
[NX v20.8.4 Daemon Server] - 2026-10-03T05:44:18.998Z - [REQUEST]: .nx/workspace-data/project-graph.json~560bb918,.nx/workspace-data/source-maps.json~560bb918,.nx/workspace-data/file-map.json~560bb918
[NX v20.8.4 Daemon Server] - 2026-10-03T05:44:18.999Z - Time taken for 'hash changed files from watcher' 0.4852909999972326ms
[NX v20.8.4 Daemon Server] - 2026-10-03T05:44:19.008Z - Time taken for 'build-project-configs' 7.697375000003376ms
[NX v20.8.4 Daemon Server] - 2026-10-03T05:44:19.021Z - [SYNC]: collect registered sync generators
[NX v20.8.4 Daemon Server] - 2026-10-03T05:44:19.021Z - [SYNC]: project graph hash is the same, not collecting task sync generators
[NX v20.8.4 Daemon Server] - 2026-10-03T05:44:19.021Z - [SYNC]: nx.json hash is the same, not collecting global sync generators
[NX v20.8.4 Daemon Server] - 2026-10-03T05:44:19.021Z - Time taken for 'total execution time for createProjectGraph()' 10.007417000000714ms
[NX v20.8.4 Daemon Server] - 2026-10-03T05:44:19.079Z - [WATCHER]: 3 file(s) created or restored, 0 file(s) modified, 3 file(s) deleted
[NX v20.8.4 Daemon Server] - 2026-10-03T05:44:19.180Z - [REQUEST]: Updated workspace context based on watched changes, recomputing project graph...
[NX v20.8.4 Daemon Server] - 2026-10-03T05:44:19.180Z - [REQUEST]: .nx/workspace-data/project-graph.json,.nx/workspace-data/file-map.json,.nx/workspace-data/source-maps.json
[NX v20.8.4 Daemon Server] - 2026-10-03T05:44:19.180Z - [REQUEST]: .nx/workspace-data/project-graph.json~c393a99d,.nx/workspace-data/file-map.json~c393a99d,.nx/workspace-data/source-maps.json~c393a99d
[NX v20.8.4 Daemon Server] - 2026-10-03T05:44:19.181Z - Time taken for 'hash changed files from watcher' 0.45779200000106357ms
[NX v20.8.4 Daemon Server] - 2026-10-03T05:44:19.189Z - Time taken for 'build-project-configs' 6.551666999999725ms
[NX v20.8.4 Daemon Server] - 2026-10-03T05:44:19.204Z - [SYNC]: collect registered sync generators
[NX v20.8.4 Daemon Server] - 2026-10-03T05:44:19.204Z - [SYNC]: project graph hash is the same, not collecting task sync generators
[NX v20.8.4 Daemon Server] - 2026-10-03T05:44:19.204Z - [SYNC]: nx.json hash is the same, not collecting global sync generators
[NX v20.8.4 Daemon Server] - 2026-10-03T05:44:19.204Z - Time taken for 'total execution time for createProjectGraph()' 10.14362500000425ms
[NX v20.8.4 Daemon Server] - 2026-10-03T05:44:19.260Z - [WATCHER]: 3 file(s) created or restored, 0 file(s) modified, 3 file(s) deleted
[NX v20.8.4 Daemon Server] - 2026-10-03T05:44:19.361Z - [REQUEST]: Updated workspace context based on watched changes, recomputing project graph...
[NX v20.8.4 Daemon Server] - 2026-10-03T05:44:19.361Z - [REQUEST]: .nx/workspace-data/file-map.json,.nx/workspace-data/source-maps.json,.nx/workspace-data/project-graph.json
[NX v20.8.4 Daemon Server] - 2026-10-03T05:44:19.361Z - [REQUEST]: .nx/workspace-data/source-maps.json~9d93a410,.nx/workspace-data/project-graph.json~9d93a410,.nx/workspace-data/file-map.json~9d93a410
[NX v20.8.4 Daemon Server] - 2026-10-03T05:44:19.362Z - Time taken for 'hash changed files from watcher' 0.7930000000051223ms
[NX v20.8.4 Daemon Server] - 2026-10-03T05:44:19.370Z - Time taken for 'build-project-configs' 6.352790999997524ms
[NX v20.8.4 Daemon Server] - 2026-10-03T05:44:19.383Z - [SYNC]: collect registered sync generators
[NX v20.8.4 Daemon Server] - 2026-10-03T05:44:19.383Z - [SYNC]: project graph hash is the same, not collecting task sync generators
[NX v20.8.4 Daemon Server] - 2026-10-03T05:44:19.383Z - [SYNC]: nx.json hash is the same, not collecting global sync generators
[NX v20.8.4 Daemon Server] - 2026-10-03T05:44:19.383Z - Time taken for 'total execution time for createProjectGraph()' 10.467915999994148ms
[NX v20.8.4 Daemon Server] - 2026-10-03T05:44:19.438Z - [WATCHER]: 3 file(s) created or restored, 0 file(s) modified, 3 file(s) deleted
[NX v20.8.4 Daemon Server] - 2026-10-03T05:44:19.539Z - [REQUEST]: Updated workspace context based on watched changes, recomputing project graph...
[NX v20.8.4 Daemon Server] - 2026-10-03T05:44:19.539Z - [REQUEST]: .nx/workspace-data/project-graph.json,.nx/workspace-data/source-maps.json,.nx/workspace-data/file-map.json
[NX v20.8.4 Daemon Server] - 2026-10-03T05:44:19.539Z - [REQUEST]: .nx/workspace-data/project-graph.json~90faeb9d,.nx/workspace-data/source-maps.json~90faeb9d,.nx/workspace-data/file-map.json~90faeb9d
[NX v20.8.4 Daemon Server] - 2026-10-03T05:44:19.540Z - Time taken for 'hash changed files from watcher' 0.4528749999954016ms
[NX v20.8.4 Daemon Server] - 2026-10-03T05:44:19.549Z - Time taken for 'build-project-configs' 7.7402080000028946ms
[NX v20.8.4 Daemon Server] - 2026-10-03T05:44:19.562Z - [SYNC]: collect registered sync generators
[NX v20.8.4 Daemon Server] - 2026-10-03T05:44:19.562Z - [SYNC]: project graph hash is the same, not collecting task sync generators
[NX v20.8.4 Daemon Server] - 2026-10-03T05:44:19.562Z - [SYNC]: nx.json hash is the same, not collecting global sync generators
[NX v20.8.4 Daemon Server] - 2026-10-03T05:44:19.562Z - Time taken for 'total execution time for createProjectGraph()' 9.863499999999476ms
[NX v20.8.4 Daemon Server] - 2026-10-03T05:44:19.618Z - [WATCHER]: 3 file(s) created or restored, 0 file(s) modified, 3 file(s) deleted
[NX v20.8.4 Daemon Server] - 2026-10-03T05:44:19.719Z - [REQUEST]: Updated workspace context based on watched changes, recomputing project graph...
[NX v20.8.4 Daemon Server] - 2026-10-03T05:44:19.719Z - [REQUEST]: .nx/workspace-data/project-graph.json,.nx/workspace-data/source-maps.json,.nx/workspace-data/file-map.json
[NX v20.8.4 Daemon Server] - 2026-10-03T05:44:19.719Z - [REQUEST]: .nx/workspace-data/source-maps.json~3a12646e,.nx/workspace-data/file-map.json~3a12646e,.nx/workspace-data/project-graph.json~3a12646e
[NX v20.8.4 Daemon Server] - 2026-10-03T05:44:19.721Z - Time taken for 'hash changed files from watcher' 0.4820410000029369ms
[NX v20.8.4 Daemon Server] - 2026-10-03T05:44:19.729Z - Time taken for 'build-project-configs' 7.111749999996391ms
[NX v20.8.4 Daemon Server] - 2026-10-03T05:44:19.742Z - [SYNC]: collect registered sync generators
[NX v20.8.4 Daemon Server] - 2026-10-03T05:44:19.742Z - [SYNC]: project graph hash is the same, not collecting task sync generators
[NX v20.8.4 Daemon Server] - 2026-10-03T05:44:19.742Z - [SYNC]: nx.json hash is the same, not collecting global sync generators
[NX v20.8.4 Daemon Server] - 2026-10-03T05:44:19.742Z - Time taken for 'total execution time for createProjectGraph()' 10.333834000004572ms
[NX v20.8.4 Daemon Server] - 2026-10-03T05:44:19.796Z - [WATCHER]: 3 file(s) created or restored, 0 file(s) modified, 3 file(s) deleted
[NX v20.8.4 Daemon Server] - 2026-10-03T05:44:19.897Z - [REQUEST]: Updated workspace context based on watched changes, recomputing project graph...
[NX v20.8.4 Daemon Server] - 2026-10-03T05:44:19.897Z - [REQUEST]: .nx/workspace-data/file-map.json,.nx/workspace-data/project-graph.json,.nx/workspace-data/source-maps.json
[NX v20.8.4 Daemon Server] - 2026-10-03T05:44:19.897Z - [REQUEST]: .nx/workspace-data/file-map.json~b7e0103a,.nx/workspace-data/project-graph.json~b7e0103a,.nx/workspace-data/source-maps.json~b7e0103a
[NX v20.8.4 Daemon Server] - 2026-10-03T05:44:19.898Z - Time taken for 'hash changed files from watcher' 0.47883400000137044ms
[NX v20.8.4 Daemon Server] - 2026-10-03T05:44:19.906Z - Time taken for 'build-project-configs' 6.698083000002953ms
[NX v20.8.4 Daemon Server] - 2026-10-03T05:44:19.921Z - [SYNC]: collect registered sync generators
[NX v20.8.4 Daemon Server] - 2026-10-03T05:44:19.921Z - [SYNC]: project graph hash is the same, not collecting task sync generators
[NX v20.8.4 Daemon Server] - 2026-10-03T05:44:19.921Z - [SYNC]: nx.json hash is the same, not collecting global sync generators
[NX v20.8.4 Daemon Server] - 2026-10-03T05:44:19.921Z - Time taken for 'total execution time for createProjectGraph()' 10.494541000000027ms
[NX v20.8.4 Daemon Server] - 2026-10-03T05:44:19.980Z - [WATCHER]: 3 file(s) created or restored, 0 file(s) modified, 3 file(s) deleted
[NX v20.8.4 Daemon Server] - 2026-10-03T05:44:20.081Z - [REQUEST]: Updated workspace context based on watched changes, recomputing project graph...
[NX v20.8.4 Daemon Server] - 2026-10-03T05:44:20.081Z - [REQUEST]: .nx/workspace-data/file-map.json,.nx/workspace-data/source-maps.json,.nx/workspace-data/project-graph.json
[NX v20.8.4 Daemon Server] - 2026-10-03T05:44:20.081Z - [REQUEST]: .nx/workspace-data/file-map.json~2ebbf746,.nx/workspace-data/source-maps.json~2ebbf746,.nx/workspace-data/project-graph.json~2ebbf746
[NX v20.8.4 Daemon Server] - 2026-10-03T05:44:20.082Z - Time taken for 'hash changed files from watcher' 0.5467080000016722ms
[NX v20.8.4 Daemon Server] - 2026-10-03T05:44:20.091Z - Time taken for 'build-project-configs' 7.2679169999973965ms
[NX v20.8.4 Daemon Server] - 2026-10-03T05:44:20.104Z - [SYNC]: collect registered sync generators
[NX v20.8.4 Daemon Server] - 2026-10-03T05:44:20.105Z - [SYNC]: project graph hash is the same, not collecting task sync generators
[NX v20.8.4 Daemon Server] - 2026-10-03T05:44:20.105Z - [SYNC]: nx.json hash is the same, not collecting global sync generators
[NX v20.8.4 Daemon Server] - 2026-10-03T05:44:20.105Z - Time taken for 'total execution time for createProjectGraph()' 9.294167000000016ms
[NX v20.8.4 Daemon Server] - 2026-10-03T05:44:20.157Z - [WATCHER]: 3 file(s) created or restored, 0 file(s) modified, 3 file(s) deleted
[NX v20.8.4 Daemon Server] - 2026-10-03T05:44:20.258Z - [REQUEST]: Updated workspace context based on watched changes, recomputing project graph...
[NX v20.8.4 Daemon Server] - 2026-10-03T05:44:20.258Z - [REQUEST]: .nx/workspace-data/source-maps.json,.nx/workspace-data/project-graph.json,.nx/workspace-data/file-map.json
[NX v20.8.4 Daemon Server] - 2026-10-03T05:44:20.258Z - [REQUEST]: .nx/workspace-data/project-graph.json~e5d8acf9,.nx/workspace-data/file-map.json~e5d8acf9,.nx/workspace-data/source-maps.json~e5d8acf9
[NX v20.8.4 Daemon Server] - 2026-10-03T05:44:20.259Z - Time taken for 'hash changed files from watcher' 0.4796669999996084ms
[NX v20.8.4 Daemon Server] - 2026-10-03T05:44:20.267Z - Time taken for 'build-project-configs' 6.083458000000974ms
[NX v20.8.4 Daemon Server] - 2026-10-03T05:44:20.281Z - [SYNC]: collect registered sync generators
[NX v20.8.4 Daemon Server] - 2026-10-03T05:44:20.281Z - [SYNC]: project graph hash is the same, not collecting task sync generators
[NX v20.8.4 Daemon Server] - 2026-10-03T05:44:20.281Z - [SYNC]: nx.json hash is the same, not collecting global sync generators
[NX v20.8.4 Daemon Server] - 2026-10-03T05:44:20.281Z - Time taken for 'total execution time for createProjectGraph()' 10.54266600000119ms
[NX v20.8.4 Daemon Server] - 2026-10-03T05:44:20.335Z - [WATCHER]: 3 file(s) created or restored, 0 file(s) modified, 3 file(s) deleted
[NX v20.8.4 Daemon Server] - 2026-10-03T05:44:20.435Z - [REQUEST]: Updated workspace context based on watched changes, recomputing project graph...
[NX v20.8.4 Daemon Server] - 2026-10-03T05:44:20.435Z - [REQUEST]: .nx/workspace-data/source-maps.json,.nx/workspace-data/file-map.json,.nx/workspace-data/project-graph.json
[NX v20.8.4 Daemon Server] - 2026-10-03T05:44:20.435Z - [REQUEST]: .nx/workspace-data/source-maps.json~826ea492,.nx/workspace-data/project-graph.json~826ea492,.nx/workspace-data/file-map.json~826ea492
[NX v20.8.4 Daemon Server] - 2026-10-03T05:44:20.436Z - Time taken for 'hash changed files from watcher' 0.49587500000052387ms
[NX v20.8.4 Daemon Server] - 2026-10-03T05:44:20.444Z - Time taken for 'build-project-configs' 6.420874999996158ms
[NX v20.8.4 Daemon Server] - 2026-10-03T05:44:20.457Z - [SYNC]: collect registered sync generators
[NX v20.8.4 Daemon Server] - 2026-10-03T05:44:20.458Z - [SYNC]: project graph hash is the same, not collecting task sync generators
[NX v20.8.4 Daemon Server] - 2026-10-03T05:44:20.458Z - [SYNC]: nx.json hash is the same, not collecting global sync generators
[NX v20.8.4 Daemon Server] - 2026-10-03T05:44:20.458Z - Time taken for 'total execution time for createProjectGraph()' 10.049125000005006ms
[NX v20.8.4 Daemon Server] - 2026-10-03T05:44:20.513Z - [WATCHER]: 3 file(s) created or restored, 0 file(s) modified, 3 file(s) deleted
[NX v20.8.4 Daemon Server] - 2026-10-03T05:44:20.615Z - [REQUEST]: Updated workspace context based on watched changes, recomputing project graph...
[NX v20.8.4 Daemon Server] - 2026-10-03T05:44:20.615Z - [REQUEST]: .nx/workspace-data/project-graph.json,.nx/workspace-data/source-maps.json,.nx/workspace-data/file-map.json
[NX v20.8.4 Daemon Server] - 2026-10-03T05:44:20.615Z - [REQUEST]: .nx/workspace-data/source-maps.json~36fd16a2,.nx/workspace-data/file-map.json~36fd16a2,.nx/workspace-data/project-graph.json~36fd16a2
[NX v20.8.4 Daemon Server] - 2026-10-03T05:44:20.616Z - Time taken for 'hash changed files from watcher' 0.4102920000004815ms
[NX v20.8.4 Daemon Server] - 2026-10-03T05:44:20.626Z - Time taken for 'build-project-configs' 7.952292000001762ms
[NX v20.8.4 Daemon Server] - 2026-10-03T05:44:20.640Z - [SYNC]: collect registered sync generators
[NX v20.8.4 Daemon Server] - 2026-10-03T05:44:20.640Z - [SYNC]: project graph hash is the same, not collecting task sync generators
[NX v20.8.4 Daemon Server] - 2026-10-03T05:44:20.640Z - [SYNC]: nx.json hash is the same, not collecting global sync generators
[NX v20.8.4 Daemon Server] - 2026-10-03T05:44:20.640Z - Time taken for 'total execution time for createProjectGraph()' 12.182166999999026ms
[NX v20.8.4 Daemon Server] - 2026-10-03T05:44:20.695Z - [WATCHER]: 3 file(s) created or restored, 0 file(s) modified, 3 file(s) deleted
[NX v20.8.4 Daemon Server] - 2026-10-03T05:44:20.796Z - [REQUEST]: Updated workspace context based on watched changes, recomputing project graph...
[NX v20.8.4 Daemon Server] - 2026-10-03T05:44:20.796Z - [REQUEST]: .nx/workspace-data/source-maps.json,.nx/workspace-data/project-graph.json,.nx/workspace-data/file-map.json
[NX v20.8.4 Daemon Server] - 2026-10-03T05:44:20.796Z - [REQUEST]: .nx/workspace-data/project-graph.json~b7aee006,.nx/workspace-data/source-maps.json~b7aee006,.nx/workspace-data/file-map.json~b7aee006
[NX v20.8.4 Daemon Server] - 2026-10-03T05:44:20.797Z - Time taken for 'hash changed files from watcher' 0.4963750000024447ms
[NX v20.8.4 Daemon Server] - 2026-10-03T05:44:20.805Z - Time taken for 'build-project-configs' 6.564957999995386ms
[NX v20.8.4 Daemon Server] - 2026-10-03T05:44:20.819Z - [SYNC]: collect registered sync generators
[NX v20.8.4 Daemon Server] - 2026-10-03T05:44:20.819Z - [SYNC]: project graph hash is the same, not collecting task sync generators
[NX v20.8.4 Daemon Server] - 2026-10-03T05:44:20.819Z - [SYNC]: nx.json hash is the same, not collecting global sync generators
[NX v20.8.4 Daemon Server] - 2026-10-03T05:44:20.819Z - Time taken for 'total execution time for createProjectGraph()' 10.215958000000683ms
[NX v20.8.4 Daemon Server] - 2026-10-03T05:44:20.880Z - [WATCHER]: 3 file(s) created or restored, 0 file(s) modified, 3 file(s) deleted
[NX v20.8.4 Daemon Server] - 2026-10-03T05:44:20.981Z - [REQUEST]: Updated workspace context based on watched changes, recomputing project graph...
[NX v20.8.4 Daemon Server] - 2026-10-03T05:44:20.981Z - [REQUEST]: .nx/workspace-data/project-graph.json,.nx/workspace-data/source-maps.json,.nx/workspace-data/file-map.json
[NX v20.8.4 Daemon Server] - 2026-10-03T05:44:20.981Z - [REQUEST]: .nx/workspace-data/project-graph.json~2a9e8757,.nx/workspace-data/source-maps.json~2a9e8757,.nx/workspace-data/file-map.json~2a9e8757
[NX v20.8.4 Daemon Server] - 2026-10-03T05:44:20.982Z - Time taken for 'hash changed files from watcher' 0.4822500000009313ms
[NX v20.8.4 Daemon Server] - 2026-10-03T05:44:20.991Z - Time taken for 'build-project-configs' 7.012541000003694ms
[NX v20.8.4 Daemon Server] - 2026-10-03T05:44:21.005Z - [SYNC]: collect registered sync generators
[NX v20.8.4 Daemon Server] - 2026-10-03T05:44:21.006Z - [SYNC]: project graph hash is the same, not collecting task sync generators
[NX v20.8.4 Daemon Server] - 2026-10-03T05:44:21.006Z - [SYNC]: nx.json hash is the same, not collecting global sync generators
[NX v20.8.4 Daemon Server] - 2026-10-03T05:44:21.006Z - Time taken for 'total execution time for createProjectGraph()' 11.628084000003582ms
[NX v20.8.4 Daemon Server] - 2026-10-03T05:44:21.061Z - [WATCHER]: 3 file(s) created or restored, 0 file(s) modified, 3 file(s) deleted
[NX v20.8.4 Daemon Server] - 2026-10-03T05:44:21.162Z - [REQUEST]: Updated workspace context based on watched changes, recomputing project graph...
[NX v20.8.4 Daemon Server] - 2026-10-03T05:44:21.162Z - [REQUEST]: .nx/workspace-data/source-maps.json,.nx/workspace-data/project-graph.json,.nx/workspace-data/file-map.json
[NX v20.8.4 Daemon Server] - 2026-10-03T05:44:21.162Z - [REQUEST]: .nx/workspace-data/file-map.json~e17b30f8,.nx/workspace-data/project-graph.json~e17b30f8,.nx/workspace-data/source-maps.json~e17b30f8
[NX v20.8.4 Daemon Server] - 2026-10-03T05:44:21.164Z - Time taken for 'hash changed files from watcher' 0.535291000000143ms
[NX v20.8.4 Daemon Server] - 2026-10-03T05:44:21.172Z - Time taken for 'build-project-configs' 7.183833000002778ms
[NX v20.8.4 Daemon Server] - 2026-10-03T05:44:21.185Z - [SYNC]: collect registered sync generators
[NX v20.8.4 Daemon Server] - 2026-10-03T05:44:21.185Z - [SYNC]: project graph hash is the same, not collecting task sync generators
[NX v20.8.4 Daemon Server] - 2026-10-03T05:44:21.185Z - [SYNC]: nx.json hash is the same, not collecting global sync generators
[NX v20.8.4 Daemon Server] - 2026-10-03T05:44:21.185Z - Time taken for 'total execution time for createProjectGraph()' 9.86200000000099ms
[NX v20.8.4 Daemon Server] - 2026-10-03T05:44:21.238Z - [WATCHER]: 3 file(s) created or restored, 0 file(s) modified, 3 file(s) deleted
[NX v20.8.4 Daemon Server] - 2026-10-03T05:44:21.340Z - [REQUEST]: Updated workspace context based on watched changes, recomputing project graph...
[NX v20.8.4 Daemon Server] - 2026-10-03T05:44:21.340Z - [REQUEST]: .nx/workspace-data/source-maps.json,.nx/workspace-data/file-map.json,.nx/workspace-data/project-graph.json
[NX v20.8.4 Daemon Server] - 2026-10-03T05:44:21.340Z - [REQUEST]: .nx/workspace-data/source-maps.json~67854558,.nx/workspace-data/file-map.json~67854558,.nx/workspace-data/project-graph.json~67854558
[NX v20.8.4 Daemon Server] - 2026-10-03T05:44:21.341Z - Time taken for 'hash changed files from watcher' 0.4850000000005821ms
[NX v20.8.4 Daemon Server] - 2026-10-03T05:44:21.349Z - Time taken for 'build-project-configs' 6.493084000001545ms
[NX v20.8.4 Daemon Server] - 2026-10-03T05:44:21.362Z - [SYNC]: collect registered sync generators
[NX v20.8.4 Daemon Server] - 2026-10-03T05:44:21.362Z - [SYNC]: project graph hash is the same, not collecting task sync generators
[NX v20.8.4 Daemon Server] - 2026-10-03T05:44:21.362Z - [SYNC]: nx.json hash is the same, not collecting global sync generators
[NX v20.8.4 Daemon Server] - 2026-10-03T05:44:21.362Z - Time taken for 'total execution time for createProjectGraph()' 9.8271670000031ms
[NX v20.8.4 Daemon Server] - 2026-10-03T05:44:21.424Z - [WATCHER]: 3 file(s) created or restored, 0 file(s) modified, 3 file(s) deleted
[NX v20.8.4 Daemon Server] - 2026-10-03T05:44:21.525Z - [REQUEST]: Updated workspace context based on watched changes, recomputing project graph...
[NX v20.8.4 Daemon Server] - 2026-10-03T05:44:21.525Z - [REQUEST]: .nx/workspace-data/project-graph.json,.nx/workspace-data/source-maps.json,.nx/workspace-data/file-map.json
[NX v20.8.4 Daemon Server] - 2026-10-03T05:44:21.525Z - [REQUEST]: .nx/workspace-data/project-graph.json~66dea1c0,.nx/workspace-data/source-maps.json~66dea1c0,.nx/workspace-data/file-map.json~66dea1c0
[NX v20.8.4 Daemon Server] - 2026-10-03T05:44:21.526Z - Time taken for 'hash changed files from watcher' 0.47224999999889405ms
[NX v20.8.4 Daemon Server] - 2026-10-03T05:44:21.533Z - Time taken for 'build-project-configs' 6.333542000000307ms
[NX v20.8.4 Daemon Server] - 2026-10-03T05:44:21.547Z - [SYNC]: collect registered sync generators
[NX v20.8.4 Daemon Server] - 2026-10-03T05:44:21.548Z - [SYNC]: project graph hash is the same, not collecting task sync generators
[NX v20.8.4 Daemon Server] - 2026-10-03T05:44:21.548Z - [SYNC]: nx.json hash is the same, not collecting global sync generators
[NX v20.8.4 Daemon Server] - 2026-10-03T05:44:21.548Z - Time taken for 'total execution time for createProjectGraph()' 10.582416000004741ms
[NX v20.8.4 Daemon Server] - 2026-10-03T05:44:21.606Z - [WATCHER]: 3 file(s) created or restored, 0 file(s) modified, 3 file(s) deleted
[NX v20.8.4 Daemon Server] - 2026-10-03T05:44:21.706Z - [REQUEST]: Updated workspace context based on watched changes, recomputing project graph...
[NX v20.8.4 Daemon Server] - 2026-10-03T05:44:21.706Z - [REQUEST]: .nx/workspace-data/project-graph.json,.nx/workspace-data/source-maps.json,.nx/workspace-data/file-map.json
[NX v20.8.4 Daemon Server] - 2026-10-03T05:44:21.706Z - [REQUEST]: .nx/workspace-data/project-graph.json~8e41bb1e,.nx/workspace-data/file-map.json~8e41bb1e,.nx/workspace-data/source-maps.json~8e41bb1e
[NX v20.8.4 Daemon Server] - 2026-10-03T05:44:21.708Z - Time taken for 'hash changed files from watcher' 0.5238749999989523ms
[NX v20.8.4 Daemon Server] - 2026-10-03T05:44:21.717Z - Time taken for 'build-project-configs' 8.256792000000132ms
[NX v20.8.4 Daemon Server] - 2026-10-03T05:44:21.731Z - [SYNC]: collect registered sync generators
[NX v20.8.4 Daemon Server] - 2026-10-03T05:44:21.731Z - [SYNC]: project graph hash is the same, not collecting task sync generators
[NX v20.8.4 Daemon Server] - 2026-10-03T05:44:21.731Z - [SYNC]: nx.json hash is the same, not collecting global sync generators
[NX v20.8.4 Daemon Server] - 2026-10-03T05:44:21.731Z - Time taken for 'total execution time for createProjectGraph()' 10.589708999999857ms
[NX v20.8.4 Daemon Server] - 2026-10-03T05:44:21.788Z - [WATCHER]: 3 file(s) created or restored, 0 file(s) modified, 3 file(s) deleted
[NX v20.8.4 Daemon Server] - 2026-10-03T05:44:21.890Z - [REQUEST]: Updated workspace context based on watched changes, recomputing project graph...
[NX v20.8.4 Daemon Server] - 2026-10-03T05:44:21.890Z - [REQUEST]: .nx/workspace-data/file-map.json,.nx/workspace-data/project-graph.json,.nx/workspace-data/source-maps.json
[NX v20.8.4 Daemon Server] - 2026-10-03T05:44:21.890Z - [REQUEST]: .nx/workspace-data/source-maps.json~500f3d71,.nx/workspace-data/project-graph.json~500f3d71,.nx/workspace-data/file-map.json~500f3d71
[NX v20.8.4 Daemon Server] - 2026-10-03T05:44:21.891Z - Time taken for 'hash changed files from watcher' 0.48087500000110595ms
[NX v20.8.4 Daemon Server] - 2026-10-03T05:44:21.899Z - Time taken for 'build-project-configs' 6.583833999997296ms
[NX v20.8.4 Daemon Server] - 2026-10-03T05:44:21.913Z - [SYNC]: collect registered sync generators
[NX v20.8.4 Daemon Server] - 2026-10-03T05:44:21.913Z - [SYNC]: project graph hash is the same, not collecting task sync generators
[NX v20.8.4 Daemon Server] - 2026-10-03T05:44:21.913Z - [SYNC]: nx.json hash is the same, not collecting global sync generators
[NX v20.8.4 Daemon Server] - 2026-10-03T05:44:21.913Z - Time taken for 'total execution time for createProjectGraph()' 11.371417000002111ms
[NX v20.8.4 Daemon Server] - 2026-10-03T05:44:21.970Z - [WATCHER]: 3 file(s) created or restored, 0 file(s) modified, 3 file(s) deleted
[NX v20.8.4 Daemon Server] - 2026-10-03T05:44:22.070Z - [REQUEST]: Updated workspace context based on watched changes, recomputing project graph...
[NX v20.8.4 Daemon Server] - 2026-10-03T05:44:22.071Z - [REQUEST]: .nx/workspace-data/source-maps.json,.nx/workspace-data/file-map.json,.nx/workspace-data/project-graph.json
[NX v20.8.4 Daemon Server] - 2026-10-03T05:44:22.071Z - [REQUEST]: .nx/workspace-data/project-graph.json~53c3d51b,.nx/workspace-data/file-map.json~53c3d51b,.nx/workspace-data/source-maps.json~53c3d51b
[NX v20.8.4 Daemon Server] - 2026-10-03T05:44:22.072Z - Time taken for 'hash changed files from watcher' 0.4813750000030268ms
[NX v20.8.4 Daemon Server] - 2026-10-03T05:44:22.080Z - Time taken for 'build-project-configs' 6.708125000004657ms
[NX v20.8.4 Daemon Server] - 2026-10-03T05:44:22.094Z - [SYNC]: collect registered sync generators
[NX v20.8.4 Daemon Server] - 2026-10-03T05:44:22.094Z - [SYNC]: project graph hash is the same, not collecting task sync generators
[NX v20.8.4 Daemon Server] - 2026-10-03T05:44:22.094Z - [SYNC]: nx.json hash is the same, not collecting global sync generators
[NX v20.8.4 Daemon Server] - 2026-10-03T05:44:22.094Z - Time taken for 'total execution time for createProjectGraph()' 10.62929200000508ms
[NX v20.8.4 Daemon Server] - 2026-10-03T05:44:22.151Z - [WATCHER]: 3 file(s) created or restored, 0 file(s) modified, 3 file(s) deleted
[NX v20.8.4 Daemon Server] - 2026-10-03T05:44:22.252Z - [REQUEST]: Updated workspace context based on watched changes, recomputing project graph...
[NX v20.8.4 Daemon Server] - 2026-10-03T05:44:22.252Z - [REQUEST]: .nx/workspace-data/source-maps.json,.nx/workspace-data/project-graph.json,.nx/workspace-data/file-map.json
[NX v20.8.4 Daemon Server] - 2026-10-03T05:44:22.252Z - [REQUEST]: .nx/workspace-data/project-graph.json~4bfb5a90,.nx/workspace-data/file-map.json~4bfb5a90,.nx/workspace-data/source-maps.json~4bfb5a90
[NX v20.8.4 Daemon Server] - 2026-10-03T05:44:22.253Z - Time taken for 'hash changed files from watcher' 0.6422500000044238ms
[NX v20.8.4 Daemon Server] - 2026-10-03T05:44:22.262Z - Time taken for 'build-project-configs' 7.499834000002011ms
[NX v20.8.4 Daemon Server] - 2026-10-03T05:44:22.275Z - [SYNC]: collect registered sync generators
[NX v20.8.4 Daemon Server] - 2026-10-03T05:44:22.275Z - [SYNC]: project graph hash is the same, not collecting task sync generators
[NX v20.8.4 Daemon Server] - 2026-10-03T05:44:22.275Z - [SYNC]: nx.json hash is the same, not collecting global sync generators
[NX v20.8.4 Daemon Server] - 2026-10-03T05:44:22.275Z - Time taken for 'total execution time for createProjectGraph()' 9.971083999997063ms
[NX v20.8.4 Daemon Server] - 2026-10-03T05:44:22.329Z - [WATCHER]: 3 file(s) created or restored, 0 file(s) modified, 3 file(s) deleted
[NX v20.8.4 Daemon Server] - 2026-10-03T05:44:22.431Z - [REQUEST]: Updated workspace context based on watched changes, recomputing project graph...
[NX v20.8.4 Daemon Server] - 2026-10-03T05:44:22.431Z - [REQUEST]: .nx/workspace-data/source-maps.json,.nx/workspace-data/project-graph.json,.nx/workspace-data/file-map.json
[NX v20.8.4 Daemon Server] - 2026-10-03T05:44:22.431Z - [REQUEST]: .nx/workspace-data/source-maps.json~6d4e46ea,.nx/workspace-data/file-map.json~6d4e46ea,.nx/workspace-data/project-graph.json~6d4e46ea
[NX v20.8.4 Daemon Server] - 2026-10-03T05:44:22.432Z - Time taken for 'hash changed files from watcher' 0.4748749999998836ms
[NX v20.8.4 Daemon Server] - 2026-10-03T05:44:22.440Z - Time taken for 'build-project-configs' 6.267333000003418ms
[NX v20.8.4 Daemon Server] - 2026-10-03T05:44:22.453Z - [SYNC]: collect registered sync generators
[NX v20.8.4 Daemon Server] - 2026-10-03T05:44:22.454Z - [SYNC]: project graph hash is the same, not collecting task sync generators
[NX v20.8.4 Daemon Server] - 2026-10-03T05:44:22.454Z - [SYNC]: nx.json hash is the same, not collecting global sync generators
[NX v20.8.4 Daemon Server] - 2026-10-03T05:44:22.454Z - Time taken for 'total execution time for createProjectGraph()' 9.953125ms
[NX v20.8.4 Daemon Server] - 2026-10-03T05:44:22.513Z - [WATCHER]: 3 file(s) created or restored, 0 file(s) modified, 3 file(s) deleted
[NX v20.8.4 Daemon Server] - 2026-10-03T05:44:22.614Z - [REQUEST]: Updated workspace context based on watched changes, recomputing project graph...
[NX v20.8.4 Daemon Server] - 2026-10-03T05:44:22.614Z - [REQUEST]: .nx/workspace-data/project-graph.json,.nx/workspace-data/source-maps.json,.nx/workspace-data/file-map.json
[NX v20.8.4 Daemon Server] - 2026-10-03T05:44:22.614Z - [REQUEST]: .nx/workspace-data/source-maps.json~8c97bf54,.nx/workspace-data/project-graph.json~8c97bf54,.nx/workspace-data/file-map.json~8c97bf54
[NX v20.8.4 Daemon Server] - 2026-10-03T05:44:22.616Z - Time taken for 'hash changed files from watcher' 0.4888330000030692ms
[NX v20.8.4 Daemon Server] - 2026-10-03T05:44:22.624Z - Time taken for 'build-project-configs' 7.026458000000275ms
[NX v20.8.4 Daemon Server] - 2026-10-03T05:44:22.637Z - [SYNC]: collect registered sync generators
[NX v20.8.4 Daemon Server] - 2026-10-03T05:44:22.637Z - [SYNC]: project graph hash is the same, not collecting task sync generators
[NX v20.8.4 Daemon Server] - 2026-10-03T05:44:22.637Z - [SYNC]: nx.json hash is the same, not collecting global sync generators
[NX v20.8.4 Daemon Server] - 2026-10-03T05:44:22.637Z - Time taken for 'total execution time for createProjectGraph()' 10.407291999996232ms
[NX v20.8.4 Daemon Server] - 2026-10-03T05:44:22.695Z - [WATCHER]: 3 file(s) created or restored, 0 file(s) modified, 3 file(s) deleted
[NX v20.8.4 Daemon Server] - 2026-10-03T05:44:22.795Z - [REQUEST]: Updated workspace context based on watched changes, recomputing project graph...
[NX v20.8.4 Daemon Server] - 2026-10-03T05:44:22.795Z - [REQUEST]: .nx/workspace-data/source-maps.json,.nx/workspace-data/file-map.json,.nx/workspace-data/project-graph.json
[NX v20.8.4 Daemon Server] - 2026-10-03T05:44:22.795Z - [REQUEST]: .nx/workspace-data/file-map.json~051497c9,.nx/workspace-data/project-graph.json~051497c9,.nx/workspace-data/source-maps.json~051497c9
[NX v20.8.4 Daemon Server] - 2026-10-03T05:44:22.797Z - Time taken for 'hash changed files from watcher' 0.5126250000030268ms
[NX v20.8.4 Daemon Server] - 2026-10-03T05:44:22.806Z - Time taken for 'build-project-configs' 7.851749999994354ms
[NX v20.8.4 Daemon Server] - 2026-10-03T05:44:22.822Z - [SYNC]: collect registered sync generators
[NX v20.8.4 Daemon Server] - 2026-10-03T05:44:22.823Z - [SYNC]: project graph hash is the same, not collecting task sync generators
[NX v20.8.4 Daemon Server] - 2026-10-03T05:44:22.823Z - [SYNC]: nx.json hash is the same, not collecting global sync generators
[NX v20.8.4 Daemon Server] - 2026-10-03T05:44:22.823Z - Time taken for 'total execution time for createProjectGraph()' 11.661374999996042ms
[NX v20.8.4 Daemon Server] - 2026-10-03T05:44:22.876Z - [WATCHER]: 3 file(s) created or restored, 0 file(s) modified, 3 file(s) deleted
[NX v20.8.4 Daemon Server] - 2026-10-03T05:44:22.977Z - [REQUEST]: Updated workspace context based on watched changes, recomputing project graph...
[NX v20.8.4 Daemon Server] - 2026-10-03T05:44:22.977Z - [REQUEST]: .nx/workspace-data/project-graph.json,.nx/workspace-data/source-maps.json,.nx/workspace-data/file-map.json
[NX v20.8.4 Daemon Server] - 2026-10-03T05:44:22.978Z - [REQUEST]: .nx/workspace-data/project-graph.json~15e60738,.nx/workspace-data/source-maps.json~15e60738,.nx/workspace-data/file-map.json~15e60738
[NX v20.8.4 Daemon Server] - 2026-10-03T05:44:22.978Z - Time taken for 'hash changed files from watcher' 0.38454099999944447ms
[NX v20.8.4 Daemon Server] - 2026-10-03T05:44:22.988Z - Time taken for 'build-project-configs' 7.7697079999998095ms
[NX v20.8.4 Daemon Server] - 2026-10-03T05:44:23.002Z - [SYNC]: collect registered sync generators
[NX v20.8.4 Daemon Server] - 2026-10-03T05:44:23.002Z - [SYNC]: project graph hash is the same, not collecting task sync generators
[NX v20.8.4 Daemon Server] - 2026-10-03T05:44:23.002Z - [SYNC]: nx.json hash is the same, not collecting global sync generators
[NX v20.8.4 Daemon Server] - 2026-10-03T05:44:23.002Z - Time taken for 'total execution time for createProjectGraph()' 10.642916000004334ms
[NX v20.8.4 Daemon Server] - 2026-10-03T05:44:23.056Z - [WATCHER]: 3 file(s) created or restored, 0 file(s) modified, 3 file(s) deleted
[NX v20.8.4 Daemon Server] - 2026-10-03T05:44:23.157Z - [REQUEST]: Updated workspace context based on watched changes, recomputing project graph...
[NX v20.8.4 Daemon Server] - 2026-10-03T05:44:23.157Z - [REQUEST]: .nx/workspace-data/project-graph.json,.nx/workspace-data/file-map.json,.nx/workspace-data/source-maps.json
[NX v20.8.4 Daemon Server] - 2026-10-03T05:44:23.157Z - [REQUEST]: .nx/workspace-data/source-maps.json~59ede5d1,.nx/workspace-data/project-graph.json~59ede5d1,.nx/workspace-data/file-map.json~59ede5d1
[NX v20.8.4 Daemon Server] - 2026-10-03T05:44:23.158Z - Time taken for 'hash changed files from watcher' 0.4498749999984284ms
[NX v20.8.4 Daemon Server] - 2026-10-03T05:44:23.166Z - Time taken for 'build-project-configs' 6.744333000002371ms
[NX v20.8.4 Daemon Server] - 2026-10-03T05:44:23.182Z - [SYNC]: collect registered sync generators
[NX v20.8.4 Daemon Server] - 2026-10-03T05:44:23.182Z - [SYNC]: project graph hash is the same, not collecting task sync generators
[NX v20.8.4 Daemon Server] - 2026-10-03T05:44:23.182Z - [SYNC]: nx.json hash is the same, not collecting global sync generators
[NX v20.8.4 Daemon Server] - 2026-10-03T05:44:23.182Z - Time taken for 'total execution time for createProjectGraph()' 10.936125000000175ms
[NX v20.8.4 Daemon Server] - 2026-10-03T05:44:23.234Z - [WATCHER]: 3 file(s) created or restored, 0 file(s) modified, 3 file(s) deleted
[NX v20.8.4 Daemon Server] - 2026-10-03T05:44:23.335Z - [REQUEST]: Updated workspace context based on watched changes, recomputing project graph...
[NX v20.8.4 Daemon Server] - 2026-10-03T05:44:23.335Z - [REQUEST]: .nx/workspace-data/source-maps.json,.nx/workspace-data/file-map.json,.nx/workspace-data/project-graph.json
[NX v20.8.4 Daemon Server] - 2026-10-03T05:44:23.335Z - [REQUEST]: .nx/workspace-data/project-graph.json~95149930,.nx/workspace-data/source-maps.json~95149930,.nx/workspace-data/file-map.json~95149930
[NX v20.8.4 Daemon Server] - 2026-10-03T05:44:23.336Z - Time taken for 'hash changed files from watcher' 0.5632909999985714ms
[NX v20.8.4 Daemon Server] - 2026-10-03T05:44:23.346Z - Time taken for 'build-project-configs' 7.913749999999709ms
[NX v20.8.4 Daemon Server] - 2026-10-03T05:44:23.359Z - [SYNC]: collect registered sync generators
[NX v20.8.4 Daemon Server] - 2026-10-03T05:44:23.359Z - [SYNC]: project graph hash is the same, not collecting task sync generators
[NX v20.8.4 Daemon Server] - 2026-10-03T05:44:23.359Z - [SYNC]: nx.json hash is the same, not collecting global sync generators
[NX v20.8.4 Daemon Server] - 2026-10-03T05:44:23.359Z - Time taken for 'total execution time for createProjectGraph()' 9.796583000003011ms
[NX v20.8.4 Daemon Server] - 2026-10-03T05:44:23.412Z - [WATCHER]: 3 file(s) created or restored, 0 file(s) modified, 3 file(s) deleted
[NX v20.8.4 Daemon Server] - 2026-10-03T05:44:23.513Z - [REQUEST]: Updated workspace context based on watched changes, recomputing project graph...
[NX v20.8.4 Daemon Server] - 2026-10-03T05:44:23.513Z - [REQUEST]: .nx/workspace-data/source-maps.json,.nx/workspace-data/file-map.json,.nx/workspace-data/project-graph.json
[NX v20.8.4 Daemon Server] - 2026-10-03T05:44:23.513Z - [REQUEST]: .nx/workspace-data/file-map.json~e586da52,.nx/workspace-data/project-graph.json~e586da52,.nx/workspace-data/source-maps.json~e586da52
[NX v20.8.4 Daemon Server] - 2026-10-03T05:44:23.514Z - Time taken for 'hash changed files from watcher' 0.8672500000029686ms
[NX v20.8.4 Daemon Server] - 2026-10-03T05:44:23.522Z - Time taken for 'build-project-configs' 6.357958000000508ms
[NX v20.8.4 Daemon Server] - 2026-10-03T05:44:23.536Z - [SYNC]: collect registered sync generators
[NX v20.8.4 Daemon Server] - 2026-10-03T05:44:23.536Z - [SYNC]: project graph hash is the same, not collecting task sync generators
[NX v20.8.4 Daemon Server] - 2026-10-03T05:44:23.536Z - [SYNC]: nx.json hash is the same, not collecting global sync generators
[NX v20.8.4 Daemon Server] - 2026-10-03T05:44:23.536Z - Time taken for 'total execution time for createProjectGraph()' 9.879667000001064ms
[NX v20.8.4 Daemon Server] - 2026-10-03T05:44:23.590Z - [WATCHER]: 3 file(s) created or restored, 0 file(s) modified, 3 file(s) deleted
[NX v20.8.4 Daemon Server] - 2026-10-03T05:44:23.691Z - [REQUEST]: Updated workspace context based on watched changes, recomputing project graph...
[NX v20.8.4 Daemon Server] - 2026-10-03T05:44:23.691Z - [REQUEST]: .nx/workspace-data/project-graph.json,.nx/workspace-data/source-maps.json,.nx/workspace-data/file-map.json
[NX v20.8.4 Daemon Server] - 2026-10-03T05:44:23.691Z - [REQUEST]: .nx/workspace-data/source-maps.json~23ca2ea6,.nx/workspace-data/file-map.json~23ca2ea6,.nx/workspace-data/project-graph.json~23ca2ea6
[NX v20.8.4 Daemon Server] - 2026-10-03T05:44:23.692Z - Time taken for 'hash changed files from watcher' 0.41612500000337604ms
[NX v20.8.4 Daemon Server] - 2026-10-03T05:44:23.700Z - Time taken for 'build-project-configs' 6.823499999998603ms
[NX v20.8.4 Daemon Server] - 2026-10-03T05:44:23.714Z - [SYNC]: collect registered sync generators
[NX v20.8.4 Daemon Server] - 2026-10-03T05:44:23.714Z - [SYNC]: project graph hash is the same, not collecting task sync generators
[NX v20.8.4 Daemon Server] - 2026-10-03T05:44:23.714Z - [SYNC]: nx.json hash is the same, not collecting global sync generators
[NX v20.8.4 Daemon Server] - 2026-10-03T05:44:23.714Z - Time taken for 'total execution time for createProjectGraph()' 10.607167000001937ms
[NX v20.8.4 Daemon Server] - 2026-10-03T05:44:23.770Z - [WATCHER]: 3 file(s) created or restored, 0 file(s) modified, 3 file(s) deleted
[NX v20.8.4 Daemon Server] - 2026-10-03T05:44:23.871Z - [REQUEST]: Updated workspace context based on watched changes, recomputing project graph...
[NX v20.8.4 Daemon Server] - 2026-10-03T05:44:23.871Z - [REQUEST]: .nx/workspace-data/source-maps.json,.nx/workspace-data/file-map.json,.nx/workspace-data/project-graph.json
[NX v20.8.4 Daemon Server] - 2026-10-03T05:44:23.871Z - [REQUEST]: .nx/workspace-data/file-map.json~30aef1ed,.nx/workspace-data/project-graph.json~30aef1ed,.nx/workspace-data/source-maps.json~30aef1ed
[NX v20.8.4 Daemon Server] - 2026-10-03T05:44:23.872Z - Time taken for 'hash changed files from watcher' 0.46716599999490427ms
[NX v20.8.4 Daemon Server] - 2026-10-03T05:44:23.881Z - Time taken for 'build-project-configs' 7.3692079999964335ms
[NX v20.8.4 Daemon Server] - 2026-10-03T05:44:23.894Z - [SYNC]: collect registered sync generators
[NX v20.8.4 Daemon Server] - 2026-10-03T05:44:23.894Z - [SYNC]: project graph hash is the same, not collecting task sync generators
[NX v20.8.4 Daemon Server] - 2026-10-03T05:44:23.894Z - [SYNC]: nx.json hash is the same, not collecting global sync generators
[NX v20.8.4 Daemon Server] - 2026-10-03T05:44:23.894Z - Time taken for 'total execution time for createProjectGraph()' 10.148999999997613ms
[NX v20.8.4 Daemon Server] - 2026-10-03T05:44:23.948Z - [WATCHER]: 3 file(s) created or restored, 0 file(s) modified, 3 file(s) deleted
[NX v20.8.4 Daemon Server] - 2026-10-03T05:44:24.049Z - [REQUEST]: Updated workspace context based on watched changes, recomputing project graph...
[NX v20.8.4 Daemon Server] - 2026-10-03T05:44:24.049Z - [REQUEST]: .nx/workspace-data/file-map.json,.nx/workspace-data/source-maps.json,.nx/workspace-data/project-graph.json
[NX v20.8.4 Daemon Server] - 2026-10-03T05:44:24.049Z - [REQUEST]: .nx/workspace-data/file-map.json~10478606,.nx/workspace-data/project-graph.json~10478606,.nx/workspace-data/source-maps.json~10478606
[NX v20.8.4 Daemon Server] - 2026-10-03T05:44:24.049Z - Time taken for 'hash changed files from watcher' 0.6014579999973648ms
[NX v20.8.4 Daemon Server] - 2026-10-03T05:44:24.057Z - Time taken for 'build-project-configs' 6.595500000003085ms
[NX v20.8.4 Daemon Server] - 2026-10-03T05:44:24.071Z - [SYNC]: collect registered sync generators
[NX v20.8.4 Daemon Server] - 2026-10-03T05:44:24.071Z - [SYNC]: project graph hash is the same, not collecting task sync generators
[NX v20.8.4 Daemon Server] - 2026-10-03T05:44:24.071Z - [SYNC]: nx.json hash is the same, not collecting global sync generators
[NX v20.8.4 Daemon Server] - 2026-10-03T05:44:24.071Z - Time taken for 'total execution time for createProjectGraph()' 10.056040999996185ms
[NX v20.8.4 Daemon Server] - 2026-10-03T05:44:24.126Z - [WATCHER]: 3 file(s) created or restored, 0 file(s) modified, 3 file(s) deleted
[NX v20.8.4 Daemon Server] - 2026-10-03T05:44:24.228Z - [REQUEST]: Updated workspace context based on watched changes, recomputing project graph...
[NX v20.8.4 Daemon Server] - 2026-10-03T05:44:24.228Z - [REQUEST]: .nx/workspace-data/project-graph.json,.nx/workspace-data/file-map.json,.nx/workspace-data/source-maps.json
[NX v20.8.4 Daemon Server] - 2026-10-03T05:44:24.228Z - [REQUEST]: .nx/workspace-data/project-graph.json~8b354757,.nx/workspace-data/source-maps.json~8b354757,.nx/workspace-data/file-map.json~8b354757
[NX v20.8.4 Daemon Server] - 2026-10-03T05:44:24.230Z - Time taken for 'hash changed files from watcher' 0.4069579999995767ms
[NX v20.8.4 Daemon Server] - 2026-10-03T05:44:24.237Z - Time taken for 'build-project-configs' 6.473041999997804ms
[NX v20.8.4 Daemon Server] - 2026-10-03T05:44:24.249Z - [SYNC]: collect registered sync generators
[NX v20.8.4 Daemon Server] - 2026-10-03T05:44:24.249Z - [SYNC]: project graph hash is the same, not collecting task sync generators
[NX v20.8.4 Daemon Server] - 2026-10-03T05:44:24.249Z - [SYNC]: nx.json hash is the same, not collecting global sync generators
[NX v20.8.4 Daemon Server] - 2026-10-03T05:44:24.249Z - Time taken for 'total execution time for createProjectGraph()' 9.744458000001032ms
[NX v20.8.4 Daemon Server] - 2026-10-03T05:44:24.301Z - [WATCHER]: 3 file(s) created or restored, 0 file(s) modified, 3 file(s) deleted
[NX v20.8.4 Daemon Server] - 2026-10-03T05:44:24.402Z - [REQUEST]: Updated workspace context based on watched changes, recomputing project graph...
[NX v20.8.4 Daemon Server] - 2026-10-03T05:44:24.402Z - [REQUEST]: .nx/workspace-data/project-graph.json,.nx/workspace-data/file-map.json,.nx/workspace-data/source-maps.json
[NX v20.8.4 Daemon Server] - 2026-10-03T05:44:24.402Z - [REQUEST]: .nx/workspace-data/source-maps.json~da7c6682,.nx/workspace-data/project-graph.json~da7c6682,.nx/workspace-data/file-map.json~da7c6682
[NX v20.8.4 Daemon Server] - 2026-10-03T05:44:24.403Z - Time taken for 'hash changed files from watcher' 0.44658300000446616ms
[NX v20.8.4 Daemon Server] - 2026-10-03T05:44:24.412Z - Time taken for 'build-project-configs' 7.497290999999677ms
[NX v20.8.4 Daemon Server] - 2026-10-03T05:44:24.426Z - [SYNC]: collect registered sync generators
[NX v20.8.4 Daemon Server] - 2026-10-03T05:44:24.426Z - [SYNC]: project graph hash is the same, not collecting task sync generators
[NX v20.8.4 Daemon Server] - 2026-10-03T05:44:24.426Z - [SYNC]: nx.json hash is the same, not collecting global sync generators
[NX v20.8.4 Daemon Server] - 2026-10-03T05:44:24.426Z - Time taken for 'total execution time for createProjectGraph()' 10.955332999998063ms
[NX v20.8.4 Daemon Server] - 2026-10-03T05:44:24.481Z - [WATCHER]: 3 file(s) created or restored, 0 file(s) modified, 3 file(s) deleted
[NX v20.8.4 Daemon Server] - 2026-10-03T05:44:24.582Z - [REQUEST]: Updated workspace context based on watched changes, recomputing project graph...
[NX v20.8.4 Daemon Server] - 2026-10-03T05:44:24.582Z - [REQUEST]: .nx/workspace-data/project-graph.json,.nx/workspace-data/source-maps.json,.nx/workspace-data/file-map.json
[NX v20.8.4 Daemon Server] - 2026-10-03T05:44:24.582Z - [REQUEST]: .nx/workspace-data/project-graph.json~2f0a1efc,.nx/workspace-data/source-maps.json~2f0a1efc,.nx/workspace-data/file-map.json~2f0a1efc
[NX v20.8.4 Daemon Server] - 2026-10-03T05:44:24.583Z - Time taken for 'hash changed files from watcher' 0.38770800000202144ms
[NX v20.8.4 Daemon Server] - 2026-10-03T05:44:24.591Z - Time taken for 'build-project-configs' 6.907374999995227ms
[NX v20.8.4 Daemon Server] - 2026-10-03T05:44:24.606Z - [SYNC]: collect registered sync generators
[NX v20.8.4 Daemon Server] - 2026-10-03T05:44:24.606Z - [SYNC]: project graph hash is the same, not collecting task sync generators
[NX v20.8.4 Daemon Server] - 2026-10-03T05:44:24.606Z - [SYNC]: nx.json hash is the same, not collecting global sync generators
[NX v20.8.4 Daemon Server] - 2026-10-03T05:44:24.606Z - Time taken for 'total execution time for createProjectGraph()' 9.885125000000698ms
[NX v20.8.4 Daemon Server] - 2026-10-03T05:44:24.659Z - [WATCHER]: 3 file(s) created or restored, 0 file(s) modified, 3 file(s) deleted
[NX v20.8.4 Daemon Server] - 2026-10-03T05:44:24.761Z - [REQUEST]: Updated workspace context based on watched changes, recomputing project graph...
[NX v20.8.4 Daemon Server] - 2026-10-03T05:44:24.761Z - [REQUEST]: .nx/workspace-data/file-map.json,.nx/workspace-data/source-maps.json,.nx/workspace-data/project-graph.json
[NX v20.8.4 Daemon Server] - 2026-10-03T05:44:24.761Z - [REQUEST]: .nx/workspace-data/file-map.json~4f390f74,.nx/workspace-data/source-maps.json~4f390f74,.nx/workspace-data/project-graph.json~4f390f74
[NX v20.8.4 Daemon Server] - 2026-10-03T05:44:24.762Z - Time taken for 'hash changed files from watcher' 0.4844169999996666ms
[NX v20.8.4 Daemon Server] - 2026-10-03T05:44:24.770Z - Time taken for 'build-project-configs' 6.397250000001804ms
[NX v20.8.4 Daemon Server] - 2026-10-03T05:44:24.783Z - [SYNC]: collect registered sync generators
[NX v20.8.4 Daemon Server] - 2026-10-03T05:44:24.783Z - [SYNC]: project graph hash is the same, not collecting task sync generators
[NX v20.8.4 Daemon Server] - 2026-10-03T05:44:24.783Z - [SYNC]: nx.json hash is the same, not collecting global sync generators
[NX v20.8.4 Daemon Server] - 2026-10-03T05:44:24.783Z - Time taken for 'total execution time for createProjectGraph()' 10.110082999999577ms
[NX v20.8.4 Daemon Server] - 2026-10-03T05:44:24.837Z - [WATCHER]: 3 file(s) created or restored, 0 file(s) modified, 3 file(s) deleted
[NX v20.8.4 Daemon Server] - 2026-10-03T05:44:24.937Z - [REQUEST]: Updated workspace context based on watched changes, recomputing project graph...
[NX v20.8.4 Daemon Server] - 2026-10-03T05:44:24.937Z - [REQUEST]: .nx/workspace-data/source-maps.json,.nx/workspace-data/project-graph.json,.nx/workspace-data/file-map.json
[NX v20.8.4 Daemon Server] - 2026-10-03T05:44:24.937Z - [REQUEST]: .nx/workspace-data/project-graph.json~1e707afc,.nx/workspace-data/file-map.json~1e707afc,.nx/workspace-data/source-maps.json~1e707afc
[NX v20.8.4 Daemon Server] - 2026-10-03T05:44:24.938Z - Time taken for 'hash changed files from watcher' 0.5810419999979786ms
[NX v20.8.4 Daemon Server] - 2026-10-03T05:44:24.947Z - Time taken for 'build-project-configs' 7.614166999999725ms
[NX v20.8.4 Daemon Server] - 2026-10-03T05:44:24.960Z - [SYNC]: collect registered sync generators
[NX v20.8.4 Daemon Server] - 2026-10-03T05:44:24.961Z - [SYNC]: project graph hash is the same, not collecting task sync generators
[NX v20.8.4 Daemon Server] - 2026-10-03T05:44:24.961Z - [SYNC]: nx.json hash is the same, not collecting global sync generators
[NX v20.8.4 Daemon Server] - 2026-10-03T05:44:24.961Z - Time taken for 'total execution time for createProjectGraph()' 9.569125000001804ms
[NX v20.8.4 Daemon Server] - 2026-10-03T05:44:25.013Z - [WATCHER]: 3 file(s) created or restored, 0 file(s) modified, 3 file(s) deleted
[NX v20.8.4 Daemon Server] - 2026-10-03T05:44:25.115Z - [REQUEST]: Updated workspace context based on watched changes, recomputing project graph...
[NX v20.8.4 Daemon Server] - 2026-10-03T05:44:25.115Z - [REQUEST]: .nx/workspace-data/source-maps.json,.nx/workspace-data/file-map.json,.nx/workspace-data/project-graph.json
[NX v20.8.4 Daemon Server] - 2026-10-03T05:44:25.115Z - [REQUEST]: .nx/workspace-data/file-map.json~6c53ce7a,.nx/workspace-data/project-graph.json~6c53ce7a,.nx/workspace-data/source-maps.json~6c53ce7a
[NX v20.8.4 Daemon Server] - 2026-10-03T05:44:25.116Z - Time taken for 'hash changed files from watcher' 0.5383749999964493ms
[NX v20.8.4 Daemon Server] - 2026-10-03T05:44:25.124Z - Time taken for 'build-project-configs' 6.081791000004159ms
[NX v20.8.4 Daemon Server] - 2026-10-03T05:44:25.136Z - [SYNC]: collect registered sync generators
[NX v20.8.4 Daemon Server] - 2026-10-03T05:44:25.136Z - [SYNC]: project graph hash is the same, not collecting task sync generators
[NX v20.8.4 Daemon Server] - 2026-10-03T05:44:25.136Z - [SYNC]: nx.json hash is the same, not collecting global sync generators
[NX v20.8.4 Daemon Server] - 2026-10-03T05:44:25.136Z - Time taken for 'total execution time for createProjectGraph()' 9.827708999997412ms
[NX v20.8.4 Daemon Server] - 2026-10-03T05:44:25.189Z - [WATCHER]: 3 file(s) created or restored, 0 file(s) modified, 3 file(s) deleted
[NX v20.8.4 Daemon Server] - 2026-10-03T05:44:25.290Z - [REQUEST]: Updated workspace context based on watched changes, recomputing project graph...
[NX v20.8.4 Daemon Server] - 2026-10-03T05:44:25.290Z - [REQUEST]: .nx/workspace-data/source-maps.json,.nx/workspace-data/file-map.json,.nx/workspace-data/project-graph.json
[NX v20.8.4 Daemon Server] - 2026-10-03T05:44:25.290Z - [REQUEST]: .nx/workspace-data/file-map.json~c86b1f74,.nx/workspace-data/source-maps.json~c86b1f74,.nx/workspace-data/project-graph.json~c86b1f74
[NX v20.8.4 Daemon Server] - 2026-10-03T05:44:25.291Z - Time taken for 'hash changed files from watcher' 0.5501250000015716ms
[NX v20.8.4 Daemon Server] - 2026-10-03T05:44:25.299Z - Time taken for 'build-project-configs' 6.839124999998603ms
[NX v20.8.4 Daemon Server] - 2026-10-03T05:44:25.313Z - [SYNC]: collect registered sync generators
[NX v20.8.4 Daemon Server] - 2026-10-03T05:44:25.313Z - [SYNC]: project graph hash is the same, not collecting task sync generators
[NX v20.8.4 Daemon Server] - 2026-10-03T05:44:25.313Z - [SYNC]: nx.json hash is the same, not collecting global sync generators
[NX v20.8.4 Daemon Server] - 2026-10-03T05:44:25.313Z - Time taken for 'total execution time for createProjectGraph()' 10.230000000003201ms
[NX v20.8.4 Daemon Server] - 2026-10-03T05:44:25.371Z - [WATCHER]: 3 file(s) created or restored, 0 file(s) modified, 3 file(s) deleted
[NX v20.8.4 Daemon Server] - 2026-10-03T05:44:25.471Z - [REQUEST]: Updated workspace context based on watched changes, recomputing project graph...
[NX v20.8.4 Daemon Server] - 2026-10-03T05:44:25.471Z - [REQUEST]: .nx/workspace-data/file-map.json,.nx/workspace-data/source-maps.json,.nx/workspace-data/project-graph.json
[NX v20.8.4 Daemon Server] - 2026-10-03T05:44:25.471Z - [REQUEST]: .nx/workspace-data/file-map.json~08136958,.nx/workspace-data/project-graph.json~08136958,.nx/workspace-data/source-maps.json~08136958
[NX v20.8.4 Daemon Server] - 2026-10-03T05:44:25.473Z - Time taken for 'hash changed files from watcher' 0.4578330000003916ms
[NX v20.8.4 Daemon Server] - 2026-10-03T05:44:25.482Z - Time taken for 'build-project-configs' 7.718624999994063ms
[NX v20.8.4 Daemon Server] - 2026-10-03T05:44:25.495Z - [SYNC]: collect registered sync generators
[NX v20.8.4 Daemon Server] - 2026-10-03T05:44:25.495Z - [SYNC]: project graph hash is the same, not collecting task sync generators
[NX v20.8.4 Daemon Server] - 2026-10-03T05:44:25.495Z - [SYNC]: nx.json hash is the same, not collecting global sync generators
[NX v20.8.4 Daemon Server] - 2026-10-03T05:44:25.495Z - Time taken for 'total execution time for createProjectGraph()' 10.01991700000508ms
[NX v20.8.4 Daemon Server] - 2026-10-03T05:44:25.550Z - [WATCHER]: 3 file(s) created or restored, 0 file(s) modified, 3 file(s) deleted
[NX v20.8.4 Daemon Server] - 2026-10-03T05:44:25.651Z - [REQUEST]: Updated workspace context based on watched changes, recomputing project graph...
[NX v20.8.4 Daemon Server] - 2026-10-03T05:44:25.651Z - [REQUEST]: .nx/workspace-data/file-map.json,.nx/workspace-data/project-graph.json,.nx/workspace-data/source-maps.json
[NX v20.8.4 Daemon Server] - 2026-10-03T05:44:25.651Z - [REQUEST]: .nx/workspace-data/project-graph.json~4591870b,.nx/workspace-data/source-maps.json~4591870b,.nx/workspace-data/file-map.json~4591870b
[NX v20.8.4 Daemon Server] - 2026-10-03T05:44:25.652Z - Time taken for 'hash changed files from watcher' 0.6094999999986612ms
[NX v20.8.4 Daemon Server] - 2026-10-03T05:44:25.660Z - Time taken for 'build-project-configs' 6.5080830000006245ms
[NX v20.8.4 Daemon Server] - 2026-10-03T05:44:25.674Z - [SYNC]: collect registered sync generators
[NX v20.8.4 Daemon Server] - 2026-10-03T05:44:25.674Z - [SYNC]: project graph hash is the same, not collecting task sync generators
[NX v20.8.4 Daemon Server] - 2026-10-03T05:44:25.674Z - [SYNC]: nx.json hash is the same, not collecting global sync generators
[NX v20.8.4 Daemon Server] - 2026-10-03T05:44:25.674Z - Time taken for 'total execution time for createProjectGraph()' 11.416833999996015ms
[NX v20.8.4 Daemon Server] - 2026-10-03T05:44:25.730Z - [WATCHER]: 3 file(s) created or restored, 0 file(s) modified, 3 file(s) deleted
[NX v20.8.4 Daemon Server] - 2026-10-03T05:44:25.830Z - [REQUEST]: Updated workspace context based on watched changes, recomputing project graph...
[NX v20.8.4 Daemon Server] - 2026-10-03T05:44:25.830Z - [REQUEST]: .nx/workspace-data/project-graph.json,.nx/workspace-data/file-map.json,.nx/workspace-data/source-maps.json
[NX v20.8.4 Daemon Server] - 2026-10-03T05:44:25.830Z - [REQUEST]: .nx/workspace-data/project-graph.json~bcbe23e2,.nx/workspace-data/source-maps.json~bcbe23e2,.nx/workspace-data/file-map.json~bcbe23e2
[NX v20.8.4 Daemon Server] - 2026-10-03T05:44:25.831Z - Time taken for 'hash changed files from watcher' 0.38620800000353483ms
[NX v20.8.4 Daemon Server] - 2026-10-03T05:44:25.839Z - Time taken for 'build-project-configs' 6.245083000001614ms
[NX v20.8.4 Daemon Server] - 2026-10-03T05:44:25.852Z - [SYNC]: collect registered sync generators
[NX v20.8.4 Daemon Server] - 2026-10-03T05:44:25.852Z - [SYNC]: project graph hash is the same, not collecting task sync generators
[NX v20.8.4 Daemon Server] - 2026-10-03T05:44:25.852Z - [SYNC]: nx.json hash is the same, not collecting global sync generators
[NX v20.8.4 Daemon Server] - 2026-10-03T05:44:25.852Z - Time taken for 'total execution time for createProjectGraph()' 9.744041999998444ms
[NX v20.8.4 Daemon Server] - 2026-10-03T05:44:25.907Z - [WATCHER]: 3 file(s) created or restored, 0 file(s) modified, 3 file(s) deleted
[NX v20.8.4 Daemon Server] - 2026-10-03T05:44:26.008Z - [REQUEST]: Updated workspace context based on watched changes, recomputing project graph...
[NX v20.8.4 Daemon Server] - 2026-10-03T05:44:26.008Z - [REQUEST]: .nx/workspace-data/source-maps.json,.nx/workspace-data/file-map.json,.nx/workspace-data/project-graph.json
[NX v20.8.4 Daemon Server] - 2026-10-03T05:44:26.008Z - [REQUEST]: .nx/workspace-data/source-maps.json~fee5f20f,.nx/workspace-data/file-map.json~fee5f20f,.nx/workspace-data/project-graph.json~fee5f20f
[NX v20.8.4 Daemon Server] - 2026-10-03T05:44:26.009Z - Time taken for 'hash changed files from watcher' 0.4811660000050324ms
[NX v20.8.4 Daemon Server] - 2026-10-03T05:44:26.018Z - Time taken for 'build-project-configs' 7.499541000004683ms
[NX v20.8.4 Daemon Server] - 2026-10-03T05:44:26.030Z - [SYNC]: collect registered sync generators
[NX v20.8.4 Daemon Server] - 2026-10-03T05:44:26.030Z - [SYNC]: project graph hash is the same, not collecting task sync generators
[NX v20.8.4 Daemon Server] - 2026-10-03T05:44:26.030Z - [SYNC]: nx.json hash is the same, not collecting global sync generators
[NX v20.8.4 Daemon Server] - 2026-10-03T05:44:26.030Z - Time taken for 'total execution time for createProjectGraph()' 9.853917000000365ms
[NX v20.8.4 Daemon Server] - 2026-10-03T05:44:26.089Z - [WATCHER]: 3 file(s) created or restored, 0 file(s) modified, 3 file(s) deleted
[NX v20.8.4 Daemon Server] - 2026-10-03T05:44:26.189Z - [REQUEST]: Updated workspace context based on watched changes, recomputing project graph...
[NX v20.8.4 Daemon Server] - 2026-10-03T05:44:26.189Z - [REQUEST]: .nx/workspace-data/project-graph.json,.nx/workspace-data/source-maps.json,.nx/workspace-data/file-map.json
[NX v20.8.4 Daemon Server] - 2026-10-03T05:44:26.189Z - [REQUEST]: .nx/workspace-data/project-graph.json~7764f06a,.nx/workspace-data/source-maps.json~7764f06a,.nx/workspace-data/file-map.json~7764f06a
[NX v20.8.4 Daemon Server] - 2026-10-03T05:44:26.190Z - Time taken for 'hash changed files from watcher' 0.46174999999493593ms
[NX v20.8.4 Daemon Server] - 2026-10-03T05:44:26.198Z - Time taken for 'build-project-configs' 6.716542000001937ms
[NX v20.8.4 Daemon Server] - 2026-10-03T05:44:26.213Z - [SYNC]: collect registered sync generators
[NX v20.8.4 Daemon Server] - 2026-10-03T05:44:26.213Z - [SYNC]: project graph hash is the same, not collecting task sync generators
[NX v20.8.4 Daemon Server] - 2026-10-03T05:44:26.213Z - [SYNC]: nx.json hash is the same, not collecting global sync generators
[NX v20.8.4 Daemon Server] - 2026-10-03T05:44:26.214Z - Time taken for 'total execution time for createProjectGraph()' 10.31458399999974ms
[NX v20.8.4 Daemon Server] - 2026-10-03T05:44:26.267Z - [WATCHER]: 3 file(s) created or restored, 0 file(s) modified, 3 file(s) deleted
[NX v20.8.4 Daemon Server] - 2026-10-03T05:44:26.368Z - [REQUEST]: Updated workspace context based on watched changes, recomputing project graph...
[NX v20.8.4 Daemon Server] - 2026-10-03T05:44:26.368Z - [REQUEST]: .nx/workspace-data/file-map.json,.nx/workspace-data/project-graph.json,.nx/workspace-data/source-maps.json
[NX v20.8.4 Daemon Server] - 2026-10-03T05:44:26.369Z - [REQUEST]: .nx/workspace-data/file-map.json~a4ffdc5a,.nx/workspace-data/project-graph.json~a4ffdc5a,.nx/workspace-data/source-maps.json~a4ffdc5a
[NX v20.8.4 Daemon Server] - 2026-10-03T05:44:26.370Z - Time taken for 'hash changed files from watcher' 0.5621249999967404ms
[NX v20.8.4 Daemon Server] - 2026-10-03T05:44:26.378Z - Time taken for 'build-project-configs' 6.7792090000002645ms
[NX v20.8.4 Daemon Server] - 2026-10-03T05:44:26.391Z - [SYNC]: collect registered sync generators
[NX v20.8.4 Daemon Server] - 2026-10-03T05:44:26.391Z - [SYNC]: project graph hash is the same, not collecting task sync generators
[NX v20.8.4 Daemon Server] - 2026-10-03T05:44:26.391Z - [SYNC]: nx.json hash is the same, not collecting global sync generators
[NX v20.8.4 Daemon Server] - 2026-10-03T05:44:26.391Z - Time taken for 'total execution time for createProjectGraph()' 10.286291000003985ms
[NX v20.8.4 Daemon Server] - 2026-10-03T05:44:26.446Z - [WATCHER]: 3 file(s) created or restored, 0 file(s) modified, 3 file(s) deleted
[NX v20.8.4 Daemon Server] - 2026-10-03T05:44:26.547Z - [REQUEST]: Updated workspace context based on watched changes, recomputing project graph...
[NX v20.8.4 Daemon Server] - 2026-10-03T05:44:26.547Z - [REQUEST]: .nx/workspace-data/project-graph.json,.nx/workspace-data/source-maps.json,.nx/workspace-data/file-map.json
[NX v20.8.4 Daemon Server] - 2026-10-03T05:44:26.547Z - [REQUEST]: .nx/workspace-data/project-graph.json~4421512f,.nx/workspace-data/source-maps.json~4421512f,.nx/workspace-data/file-map.json~4421512f
[NX v20.8.4 Daemon Server] - 2026-10-03T05:44:26.548Z - Time taken for 'hash changed files from watcher' 0.4279999999998836ms
[NX v20.8.4 Daemon Server] - 2026-10-03T05:44:26.557Z - Time taken for 'build-project-configs' 7.974749999993946ms
[NX v20.8.4 Daemon Server] - 2026-10-03T05:44:26.570Z - [SYNC]: collect registered sync generators
[NX v20.8.4 Daemon Server] - 2026-10-03T05:44:26.570Z - [SYNC]: project graph hash is the same, not collecting task sync generators
[NX v20.8.4 Daemon Server] - 2026-10-03T05:44:26.571Z - [SYNC]: nx.json hash is the same, not collecting global sync generators
[NX v20.8.4 Daemon Server] - 2026-10-03T05:44:26.571Z - Time taken for 'total execution time for createProjectGraph()' 10.266292000000249ms
[NX v20.8.4 Daemon Server] - 2026-10-03T05:44:26.632Z - [WATCHER]: 3 file(s) created or restored, 0 file(s) modified, 3 file(s) deleted
[NX v20.8.4 Daemon Server] - 2026-10-03T05:44:26.733Z - [REQUEST]: Updated workspace context based on watched changes, recomputing project graph...
[NX v20.8.4 Daemon Server] - 2026-10-03T05:44:26.733Z - [REQUEST]: .nx/workspace-data/project-graph.json,.nx/workspace-data/source-maps.json,.nx/workspace-data/file-map.json
[NX v20.8.4 Daemon Server] - 2026-10-03T05:44:26.733Z - [REQUEST]: .nx/workspace-data/file-map.json~04ac5bc8,.nx/workspace-data/source-maps.json~04ac5bc8,.nx/workspace-data/project-graph.json~04ac5bc8
[NX v20.8.4 Daemon Server] - 2026-10-03T05:44:26.734Z - Time taken for 'hash changed files from watcher' 0.43533300000126474ms
[NX v20.8.4 Daemon Server] - 2026-10-03T05:44:26.742Z - Time taken for 'build-project-configs' 6.338083000002371ms
[NX v20.8.4 Daemon Server] - 2026-10-03T05:44:26.755Z - [SYNC]: collect registered sync generators
[NX v20.8.4 Daemon Server] - 2026-10-03T05:44:26.755Z - [SYNC]: project graph hash is the same, not collecting task sync generators
[NX v20.8.4 Daemon Server] - 2026-10-03T05:44:26.755Z - [SYNC]: nx.json hash is the same, not collecting global sync generators
[NX v20.8.4 Daemon Server] - 2026-10-03T05:44:26.755Z - Time taken for 'total execution time for createProjectGraph()' 9.864708000000974ms
[NX v20.8.4 Daemon Server] - 2026-10-03T05:44:26.815Z - [WATCHER]: 3 file(s) created or restored, 0 file(s) modified, 3 file(s) deleted
[NX v20.8.4 Daemon Server] - 2026-10-03T05:44:26.916Z - [REQUEST]: Updated workspace context based on watched changes, recomputing project graph...
[NX v20.8.4 Daemon Server] - 2026-10-03T05:44:26.916Z - [REQUEST]: .nx/workspace-data/project-graph.json,.nx/workspace-data/source-maps.json,.nx/workspace-data/file-map.json
[NX v20.8.4 Daemon Server] - 2026-10-03T05:44:26.916Z - [REQUEST]: .nx/workspace-data/source-maps.json~b5c8fbea,.nx/workspace-data/file-map.json~b5c8fbea,.nx/workspace-data/project-graph.json~b5c8fbea
[NX v20.8.4 Daemon Server] - 2026-10-03T05:44:26.917Z - Time taken for 'hash changed files from watcher' 0.4852919999975711ms
[NX v20.8.4 Daemon Server] - 2026-10-03T05:44:26.926Z - Time taken for 'build-project-configs' 7.125124999998661ms
[NX v20.8.4 Daemon Server] - 2026-10-03T05:44:26.942Z - [SYNC]: collect registered sync generators
[NX v20.8.4 Daemon Server] - 2026-10-03T05:44:26.942Z - [SYNC]: project graph hash is the same, not collecting task sync generators
[NX v20.8.4 Daemon Server] - 2026-10-03T05:44:26.942Z - [SYNC]: nx.json hash is the same, not collecting global sync generators
[NX v20.8.4 Daemon Server] - 2026-10-03T05:44:26.942Z - Time taken for 'total execution time for createProjectGraph()' 13.193500000001222ms
[NX v20.8.4 Daemon Server] - 2026-10-03T05:44:26.999Z - [WATCHER]: 3 file(s) created or restored, 0 file(s) modified, 3 file(s) deleted
[NX v20.8.4 Daemon Server] - 2026-10-03T05:44:27.101Z - [REQUEST]: Updated workspace context based on watched changes, recomputing project graph...
[NX v20.8.4 Daemon Server] - 2026-10-03T05:44:27.101Z - [REQUEST]: .nx/workspace-data/project-graph.json,.nx/workspace-data/file-map.json,.nx/workspace-data/source-maps.json
[NX v20.8.4 Daemon Server] - 2026-10-03T05:44:27.101Z - [REQUEST]: .nx/workspace-data/file-map.json~39b2ff11,.nx/workspace-data/source-maps.json~39b2ff11,.nx/workspace-data/project-graph.json~39b2ff11
[NX v20.8.4 Daemon Server] - 2026-10-03T05:44:27.103Z - Time taken for 'hash changed files from watcher' 0.4293330000000424ms
[NX v20.8.4 Daemon Server] - 2026-10-03T05:44:27.111Z - Time taken for 'build-project-configs' 7.573833000002196ms
[NX v20.8.4 Daemon Server] - 2026-10-03T05:44:27.125Z - [SYNC]: collect registered sync generators
[NX v20.8.4 Daemon Server] - 2026-10-03T05:44:27.126Z - [SYNC]: project graph hash is the same, not collecting task sync generators
[NX v20.8.4 Daemon Server] - 2026-10-03T05:44:27.126Z - [SYNC]: nx.json hash is the same, not collecting global sync generators
[NX v20.8.4 Daemon Server] - 2026-10-03T05:44:27.126Z - Time taken for 'total execution time for createProjectGraph()' 11.012915999999677ms
[NX v20.8.4 Daemon Server] - 2026-10-03T05:44:27.181Z - [WATCHER]: 3 file(s) created or restored, 0 file(s) modified, 3 file(s) deleted
[NX v20.8.4 Daemon Server] - 2026-10-03T05:44:27.282Z - [REQUEST]: Updated workspace context based on watched changes, recomputing project graph...
[NX v20.8.4 Daemon Server] - 2026-10-03T05:44:27.282Z - [REQUEST]: .nx/workspace-data/file-map.json,.nx/workspace-data/project-graph.json,.nx/workspace-data/source-maps.json
[NX v20.8.4 Daemon Server] - 2026-10-03T05:44:27.282Z - [REQUEST]: .nx/workspace-data/source-maps.json~672f79d6,.nx/workspace-data/project-graph.json~672f79d6,.nx/workspace-data/file-map.json~672f79d6
[NX v20.8.4 Daemon Server] - 2026-10-03T05:44:27.283Z - Time taken for 'hash changed files from watcher' 0.4637499999953434ms
[NX v20.8.4 Daemon Server] - 2026-10-03T05:44:27.291Z - Time taken for 'build-project-configs' 6.499374999999418ms
[NX v20.8.4 Daemon Server] - 2026-10-03T05:44:27.304Z - [SYNC]: collect registered sync generators
[NX v20.8.4 Daemon Server] - 2026-10-03T05:44:27.304Z - [SYNC]: project graph hash is the same, not collecting task sync generators
[NX v20.8.4 Daemon Server] - 2026-10-03T05:44:27.304Z - [SYNC]: nx.json hash is the same, not collecting global sync generators
[NX v20.8.4 Daemon Server] - 2026-10-03T05:44:27.304Z - Time taken for 'total execution time for createProjectGraph()' 10.306000000004133ms
[NX v20.8.4 Daemon Server] - 2026-10-03T05:44:27.372Z - [WATCHER]: 3 file(s) created or restored, 0 file(s) modified, 3 file(s) deleted
[NX v20.8.4 Daemon Server] - 2026-10-03T05:44:27.472Z - [REQUEST]: Updated workspace context based on watched changes, recomputing project graph...
[NX v20.8.4 Daemon Server] - 2026-10-03T05:44:27.472Z - [REQUEST]: .nx/workspace-data/project-graph.json,.nx/workspace-data/source-maps.json,.nx/workspace-data/file-map.json
[NX v20.8.4 Daemon Server] - 2026-10-03T05:44:27.472Z - [REQUEST]: .nx/workspace-data/project-graph.json~51d01e1e,.nx/workspace-data/file-map.json~51d01e1e,.nx/workspace-data/source-maps.json~51d01e1e
[NX v20.8.4 Daemon Server] - 2026-10-03T05:44:27.474Z - Time taken for 'hash changed files from watcher' 0.5492920000033337ms
[NX v20.8.4 Daemon Server] - 2026-10-03T05:44:27.481Z - Time taken for 'build-project-configs' 6.185333000001265ms
[NX v20.8.4 Daemon Server] - 2026-10-03T05:44:27.494Z - [SYNC]: collect registered sync generators
[NX v20.8.4 Daemon Server] - 2026-10-03T05:44:27.495Z - [SYNC]: project graph hash is the same, not collecting task sync generators
[NX v20.8.4 Daemon Server] - 2026-10-03T05:44:27.495Z - [SYNC]: nx.json hash is the same, not collecting global sync generators
[NX v20.8.4 Daemon Server] - 2026-10-03T05:44:27.495Z - Time taken for 'total execution time for createProjectGraph()' 10.0927920000031ms
[NX v20.8.4 Daemon Server] - 2026-10-03T05:44:27.551Z - [WATCHER]: 3 file(s) created or restored, 0 file(s) modified, 3 file(s) deleted
[NX v20.8.4 Daemon Server] - 2026-10-03T05:44:27.652Z - [REQUEST]: Updated workspace context based on watched changes, recomputing project graph...
[NX v20.8.4 Daemon Server] - 2026-10-03T05:44:27.652Z - [REQUEST]: .nx/workspace-data/source-maps.json,.nx/workspace-data/file-map.json,.nx/workspace-data/project-graph.json
[NX v20.8.4 Daemon Server] - 2026-10-03T05:44:27.652Z - [REQUEST]: .nx/workspace-data/project-graph.json~b1a39b0e,.nx/workspace-data/source-maps.json~b1a39b0e,.nx/workspace-data/file-map.json~b1a39b0e
[NX v20.8.4 Daemon Server] - 2026-10-03T05:44:27.653Z - Time taken for 'hash changed files from watcher' 0.6247910000020056ms
[NX v20.8.4 Daemon Server] - 2026-10-03T05:44:27.663Z - Time taken for 'build-project-configs' 8.123124999998254ms
[NX v20.8.4 Daemon Server] - 2026-10-03T05:44:27.676Z - [SYNC]: collect registered sync generators
[NX v20.8.4 Daemon Server] - 2026-10-03T05:44:27.676Z - [SYNC]: project graph hash is the same, not collecting task sync generators
[NX v20.8.4 Daemon Server] - 2026-10-03T05:44:27.676Z - [SYNC]: nx.json hash is the same, not collecting global sync generators
[NX v20.8.4 Daemon Server] - 2026-10-03T05:44:27.676Z - Time taken for 'total execution time for createProjectGraph()' 10.404833000000508ms
[NX v20.8.4 Daemon Server] - 2026-10-03T05:44:27.747Z - [WATCHER]: 3 file(s) created or restored, 0 file(s) modified, 3 file(s) deleted
[NX v20.8.4 Daemon Server] - 2026-10-03T05:44:27.848Z - [REQUEST]: Updated workspace context based on watched changes, recomputing project graph...
[NX v20.8.4 Daemon Server] - 2026-10-03T05:44:27.848Z - [REQUEST]: .nx/workspace-data/source-maps.json,.nx/workspace-data/project-graph.json,.nx/workspace-data/file-map.json
[NX v20.8.4 Daemon Server] - 2026-10-03T05:44:27.848Z - [REQUEST]: .nx/workspace-data/source-maps.json~75b8d72b,.nx/workspace-data/project-graph.json~75b8d72b,.nx/workspace-data/file-map.json~75b8d72b
[NX v20.8.4 Daemon Server] - 2026-10-03T05:44:27.849Z - Time taken for 'hash changed files from watcher' 0.4689169999983278ms
[NX v20.8.4 Daemon Server] - 2026-10-03T05:44:27.858Z - Time taken for 'build-project-configs' 6.847709000001487ms
[NX v20.8.4 Daemon Server] - 2026-10-03T05:44:27.872Z - [SYNC]: collect registered sync generators
[NX v20.8.4 Daemon Server] - 2026-10-03T05:44:27.872Z - [SYNC]: project graph hash is the same, not collecting task sync generators
[NX v20.8.4 Daemon Server] - 2026-10-03T05:44:27.872Z - [SYNC]: nx.json hash is the same, not collecting global sync generators
[NX v20.8.4 Daemon Server] - 2026-10-03T05:44:27.872Z - Time taken for 'total execution time for createProjectGraph()' 11.281541999996989ms
[NX v20.8.4 Daemon Server] - 2026-10-03T05:44:27.928Z - [WATCHER]: 3 file(s) created or restored, 0 file(s) modified, 3 file(s) deleted
[NX v20.8.4 Daemon Server] - 2026-10-03T05:44:28.029Z - [REQUEST]: Updated workspace context based on watched changes, recomputing project graph...
[NX v20.8.4 Daemon Server] - 2026-10-03T05:44:28.029Z - [REQUEST]: .nx/workspace-data/project-graph.json,.nx/workspace-data/source-maps.json,.nx/workspace-data/file-map.json
[NX v20.8.4 Daemon Server] - 2026-10-03T05:44:28.029Z - [REQUEST]: .nx/workspace-data/source-maps.json~d72fbc26,.nx/workspace-data/file-map.json~d72fbc26,.nx/workspace-data/project-graph.json~d72fbc26
[NX v20.8.4 Daemon Server] - 2026-10-03T05:44:28.030Z - Time taken for 'hash changed files from watcher' 0.5212499999979627ms
[NX v20.8.4 Daemon Server] - 2026-10-03T05:44:28.039Z - Time taken for 'build-project-configs' 6.880624999997963ms
[NX v20.8.4 Daemon Server] - 2026-10-03T05:44:28.052Z - [SYNC]: collect registered sync generators
[NX v20.8.4 Daemon Server] - 2026-10-03T05:44:28.052Z - [SYNC]: project graph hash is the same, not collecting task sync generators
[NX v20.8.4 Daemon Server] - 2026-10-03T05:44:28.052Z - [SYNC]: nx.json hash is the same, not collecting global sync generators
[NX v20.8.4 Daemon Server] - 2026-10-03T05:44:28.052Z - Time taken for 'total execution time for createProjectGraph()' 10.171417000005022ms
[NX v20.8.4 Daemon Server] - 2026-10-03T05:44:28.106Z - [WATCHER]: 3 file(s) created or restored, 0 file(s) modified, 3 file(s) deleted
[NX v20.8.4 Daemon Server] - 2026-10-03T05:44:28.207Z - [REQUEST]: Updated workspace context based on watched changes, recomputing project graph...
[NX v20.8.4 Daemon Server] - 2026-10-03T05:44:28.207Z - [REQUEST]: .nx/workspace-data/project-graph.json,.nx/workspace-data/source-maps.json,.nx/workspace-data/file-map.json
[NX v20.8.4 Daemon Server] - 2026-10-03T05:44:28.207Z - [REQUEST]: .nx/workspace-data/source-maps.json~32df2120,.nx/workspace-data/file-map.json~32df2120,.nx/workspace-data/project-graph.json~32df2120
[NX v20.8.4 Daemon Server] - 2026-10-03T05:44:28.209Z - Time taken for 'hash changed files from watcher' 0.46300000000337604ms
[NX v20.8.4 Daemon Server] - 2026-10-03T05:44:28.217Z - Time taken for 'build-project-configs' 7.462416000002122ms
[NX v20.8.4 Daemon Server] - 2026-10-03T05:44:28.231Z - [SYNC]: collect registered sync generators
[NX v20.8.4 Daemon Server] - 2026-10-03T05:44:28.231Z - [SYNC]: project graph hash is the same, not collecting task sync generators
[NX v20.8.4 Daemon Server] - 2026-10-03T05:44:28.231Z - [SYNC]: nx.json hash is the same, not collecting global sync generators
[NX v20.8.4 Daemon Server] - 2026-10-03T05:44:28.231Z - Time taken for 'total execution time for createProjectGraph()' 10.164959000001545ms
[NX v20.8.4 Daemon Server] - 2026-10-03T05:44:28.284Z - [WATCHER]: 3 file(s) created or restored, 0 file(s) modified, 3 file(s) deleted
[NX v20.8.4 Daemon Server] - 2026-10-03T05:44:28.386Z - [REQUEST]: Updated workspace context based on watched changes, recomputing project graph...
[NX v20.8.4 Daemon Server] - 2026-10-03T05:44:28.386Z - [REQUEST]: .nx/workspace-data/project-graph.json,.nx/workspace-data/source-maps.json,.nx/workspace-data/file-map.json
[NX v20.8.4 Daemon Server] - 2026-10-03T05:44:28.386Z - [REQUEST]: .nx/workspace-data/project-graph.json~e9823e18,.nx/workspace-data/source-maps.json~e9823e18,.nx/workspace-data/file-map.json~e9823e18
[NX v20.8.4 Daemon Server] - 2026-10-03T05:44:28.388Z - Time taken for 'hash changed files from watcher' 0.534124999998312ms
[NX v20.8.4 Daemon Server] - 2026-10-03T05:44:28.396Z - Time taken for 'build-project-configs' 6.934625000001688ms
[NX v20.8.4 Daemon Server] - 2026-10-03T05:44:28.411Z - [SYNC]: collect registered sync generators
[NX v20.8.4 Daemon Server] - 2026-10-03T05:44:28.411Z - [SYNC]: project graph hash is the same, not collecting task sync generators
[NX v20.8.4 Daemon Server] - 2026-10-03T05:44:28.411Z - [SYNC]: nx.json hash is the same, not collecting global sync generators
[NX v20.8.4 Daemon Server] - 2026-10-03T05:44:28.411Z - Time taken for 'total execution time for createProjectGraph()' 10.817667000002984ms
[NX v20.8.4 Daemon Server] - 2026-10-03T05:44:55.680Z - [WATCHER]: 3 file(s) created or restored, 0 file(s) modified, 4 file(s) deleted
[NX v20.8.4 Daemon Server] - 2026-10-03T05:44:55.731Z - [WATCHER]: 1 file(s) created or restored, 0 file(s) modified, 1 file(s) deleted
[NX v20.8.4 Daemon Server] - 2026-10-03T05:44:55.783Z - [REQUEST]: Updated workspace context based on watched changes, recomputing project graph...
[NX v20.8.4 Daemon Server] - 2026-10-03T05:44:55.783Z - [REQUEST]: .nx/workspace-data/file-map.json,.nx/workspace-data/source-maps.json,.nx/workspace-data/project-graph.json,.git/index
[NX v20.8.4 Daemon Server] - 2026-10-03T05:44:55.783Z - [REQUEST]: .git/index.lock,.nx/workspace-data/project-graph.json~a5fe14fd,.nx/workspace-data/source-maps.json~a5fe14fd,.nx/workspace-data/file-map.json~a5fe14fd
[NX v20.8.4 Daemon Server] - 2026-10-03T05:44:55.784Z - Time taken for 'hash changed files from watcher' 0.9399169999960577ms
[NX v20.8.4 Daemon Server] - 2026-10-03T05:44:55.798Z - Time taken for 'build-project-configs' 10.599750000008498ms
[NX v20.8.4 Daemon Server] - 2026-10-03T05:44:55.817Z - [SYNC]: collect registered sync generators
[NX v20.8.4 Daemon Server] - 2026-10-03T05:44:55.817Z - [SYNC]: project graph hash is the same, not collecting task sync generators
[NX v20.8.4 Daemon Server] - 2026-10-03T05:44:55.817Z - [SYNC]: nx.json hash is the same, not collecting global sync generators
[NX v20.8.4 Daemon Server] - 2026-10-03T05:44:55.817Z - Time taken for 'total execution time for createProjectGraph()' 16.41158300000825ms
[NX v20.8.4 Daemon Server] - 2026-10-03T05:44:55.879Z - [WATCHER]: 3 file(s) created or restored, 0 file(s) modified, 3 file(s) deleted
[NX v20.8.4 Daemon Server] - 2026-10-03T05:44:55.980Z - [REQUEST]: Updated workspace context based on watched changes, recomputing project graph...
[NX v20.8.4 Daemon Server] - 2026-10-03T05:44:55.980Z - [REQUEST]: .nx/workspace-data/source-maps.json,.nx/workspace-data/project-graph.json,.nx/workspace-data/file-map.json
[NX v20.8.4 Daemon Server] - 2026-10-03T05:44:55.980Z - [REQUEST]: .nx/workspace-data/source-maps.json~fc0c4560,.nx/workspace-data/project-graph.json~fc0c4560,.nx/workspace-data/file-map.json~fc0c4560
[NX v20.8.4 Daemon Server] - 2026-10-03T05:44:55.981Z - Time taken for 'hash changed files from watcher' 0.5476670000061858ms
[NX v20.8.4 Daemon Server] - 2026-10-03T05:44:55.993Z - Time taken for 'build-project-configs' 10.271165999991354ms
[NX v20.8.4 Daemon Server] - 2026-10-03T05:44:56.010Z - [SYNC]: collect registered sync generators
[NX v20.8.4 Daemon Server] - 2026-10-03T05:44:56.010Z - [SYNC]: project graph hash is the same, not collecting task sync generators
[NX v20.8.4 Daemon Server] - 2026-10-03T05:44:56.010Z - [SYNC]: nx.json hash is the same, not collecting global sync generators
[NX v20.8.4 Daemon Server] - 2026-10-03T05:44:56.010Z - Time taken for 'total execution time for createProjectGraph()' 13.367249999995693ms
[NX v20.8.4 Daemon Server] - 2026-10-03T05:44:56.074Z - [WATCHER]: 3 file(s) created or restored, 0 file(s) modified, 3 file(s) deleted
[NX v20.8.4 Daemon Server] - 2026-10-03T05:44:56.174Z - [REQUEST]: Updated workspace context based on watched changes, recomputing project graph...
[NX v20.8.4 Daemon Server] - 2026-10-03T05:44:56.174Z - [REQUEST]: .nx/workspace-data/file-map.json,.nx/workspace-data/project-graph.json,.nx/workspace-data/source-maps.json
[NX v20.8.4 Daemon Server] - 2026-10-03T05:44:56.174Z - [REQUEST]: .nx/workspace-data/source-maps.json~30a58cd2,.nx/workspace-data/project-graph.json~30a58cd2,.nx/workspace-data/file-map.json~30a58cd2
[NX v20.8.4 Daemon Server] - 2026-10-03T05:44:56.175Z - Time taken for 'hash changed files from watcher' 0.48212500000954606ms
[NX v20.8.4 Daemon Server] - 2026-10-03T05:44:56.185Z - Time taken for 'build-project-configs' 7.635374999998021ms
[NX v20.8.4 Daemon Server] - 2026-10-03T05:44:56.200Z - [SYNC]: collect registered sync generators
[NX v20.8.4 Daemon Server] - 2026-10-03T05:44:56.200Z - [SYNC]: project graph hash is the same, not collecting task sync generators
[NX v20.8.4 Daemon Server] - 2026-10-03T05:44:56.200Z - [SYNC]: nx.json hash is the same, not collecting global sync generators
[NX v20.8.4 Daemon Server] - 2026-10-03T05:44:56.200Z - Time taken for 'total execution time for createProjectGraph()' 11.17245900000853ms
[NX v20.8.4 Daemon Server] - 2026-10-03T05:44:56.262Z - [WATCHER]: 3 file(s) created or restored, 0 file(s) modified, 3 file(s) deleted
[NX v20.8.4 Daemon Server] - 2026-10-03T05:44:56.363Z - [REQUEST]: Updated workspace context based on watched changes, recomputing project graph...
[NX v20.8.4 Daemon Server] - 2026-10-03T05:44:56.363Z - [REQUEST]: .nx/workspace-data/source-maps.json,.nx/workspace-data/file-map.json,.nx/workspace-data/project-graph.json
[NX v20.8.4 Daemon Server] - 2026-10-03T05:44:56.363Z - [REQUEST]: .nx/workspace-data/project-graph.json~af605cc7,.nx/workspace-data/file-map.json~af605cc7,.nx/workspace-data/source-maps.json~af605cc7
[NX v20.8.4 Daemon Server] - 2026-10-03T05:44:56.364Z - Time taken for 'hash changed files from watcher' 0.5673749999987194ms
[NX v20.8.4 Daemon Server] - 2026-10-03T05:44:56.376Z - Time taken for 'build-project-configs' 9.78758299999754ms
[NX v20.8.4 Daemon Server] - 2026-10-03T05:44:56.390Z - [SYNC]: collect registered sync generators
[NX v20.8.4 Daemon Server] - 2026-10-03T05:44:56.390Z - [SYNC]: project graph hash is the same, not collecting task sync generators
[NX v20.8.4 Daemon Server] - 2026-10-03T05:44:56.390Z - [SYNC]: nx.json hash is the same, not collecting global sync generators
[NX v20.8.4 Daemon Server] - 2026-10-03T05:44:56.390Z - Time taken for 'total execution time for createProjectGraph()' 10.494625000006636ms
[NX v20.8.4 Daemon Server] - 2026-10-03T05:44:56.452Z - [WATCHER]: 3 file(s) created or restored, 0 file(s) modified, 3 file(s) deleted
[NX v20.8.4 Daemon Server] - 2026-10-03T05:44:56.552Z - [REQUEST]: Updated workspace context based on watched changes, recomputing project graph...
[NX v20.8.4 Daemon Server] - 2026-10-03T05:44:56.552Z - [REQUEST]: .nx/workspace-data/source-maps.json,.nx/workspace-data/project-graph.json,.nx/workspace-data/file-map.json
[NX v20.8.4 Daemon Server] - 2026-10-03T05:44:56.552Z - [REQUEST]: .nx/workspace-data/source-maps.json~6adde1ea,.nx/workspace-data/file-map.json~6adde1ea,.nx/workspace-data/project-graph.json~6adde1ea
[NX v20.8.4 Daemon Server] - 2026-10-03T05:44:56.553Z - Time taken for 'hash changed files from watcher' 0.4450000000069849ms
[NX v20.8.4 Daemon Server] - 2026-10-03T05:44:56.562Z - Time taken for 'build-project-configs' 7.458874999996624ms
[NX v20.8.4 Daemon Server] - 2026-10-03T05:44:56.580Z - [SYNC]: collect registered sync generators
[NX v20.8.4 Daemon Server] - 2026-10-03T05:44:56.580Z - [SYNC]: project graph hash is the same, not collecting task sync generators
[NX v20.8.4 Daemon Server] - 2026-10-03T05:44:56.580Z - [SYNC]: nx.json hash is the same, not collecting global sync generators
[NX v20.8.4 Daemon Server] - 2026-10-03T05:44:56.580Z - Time taken for 'total execution time for createProjectGraph()' 12.887334000013652ms
[NX v20.8.4 Daemon Server] - 2026-10-03T05:44:56.641Z - [WATCHER]: 3 file(s) created or restored, 0 file(s) modified, 3 file(s) deleted
[NX v20.8.4 Daemon Server] - 2026-10-03T05:44:56.743Z - [REQUEST]: Updated workspace context based on watched changes, recomputing project graph...
[NX v20.8.4 Daemon Server] - 2026-10-03T05:44:56.743Z - [REQUEST]: .nx/workspace-data/project-graph.json,.nx/workspace-data/file-map.json,.nx/workspace-data/source-maps.json
[NX v20.8.4 Daemon Server] - 2026-10-03T05:44:56.743Z - [REQUEST]: .nx/workspace-data/project-graph.json~9d0d54b1,.nx/workspace-data/file-map.json~9d0d54b1,.nx/workspace-data/source-maps.json~9d0d54b1
[NX v20.8.4 Daemon Server] - 2026-10-03T05:44:56.744Z - Time taken for 'hash changed files from watcher' 0.39133399999991525ms
[NX v20.8.4 Daemon Server] - 2026-10-03T05:44:56.753Z - Time taken for 'build-project-configs' 7.708582999999635ms
[NX v20.8.4 Daemon Server] - 2026-10-03T05:44:56.770Z - [SYNC]: collect registered sync generators
[NX v20.8.4 Daemon Server] - 2026-10-03T05:44:56.770Z - [SYNC]: project graph hash is the same, not collecting task sync generators
[NX v20.8.4 Daemon Server] - 2026-10-03T05:44:56.770Z - [SYNC]: nx.json hash is the same, not collecting global sync generators
[NX v20.8.4 Daemon Server] - 2026-10-03T05:44:56.770Z - Time taken for 'total execution time for createProjectGraph()' 14.239333999998053ms
[NX v20.8.4 Daemon Server] - 2026-10-03T05:44:56.824Z - [WATCHER]: 3 file(s) created or restored, 0 file(s) modified, 3 file(s) deleted
[NX v20.8.4 Daemon Server] - 2026-10-03T05:44:56.925Z - [REQUEST]: Updated workspace context based on watched changes, recomputing project graph...
[NX v20.8.4 Daemon Server] - 2026-10-03T05:44:56.936Z - [REQUEST]: .nx/workspace-data/project-graph.json,.nx/workspace-data/source-maps.json,.nx/workspace-data/file-map.json
[NX v20.8.4 Daemon Server] - 2026-10-03T05:44:56.936Z - [REQUEST]: .nx/workspace-data/project-graph.json~cf027471,.nx/workspace-data/source-maps.json~cf027471,.nx/workspace-data/file-map.json~cf027471
[NX v20.8.4 Daemon Server] - 2026-10-03T05:44:56.937Z - Time taken for 'hash changed files from watcher' 0.41662499999802094ms
[NX v20.8.4 Daemon Server] - 2026-10-03T05:44:56.946Z - Time taken for 'build-project-configs' 7.451250000012806ms
[NX v20.8.4 Daemon Server] - 2026-10-03T05:44:56.963Z - [SYNC]: collect registered sync generators
[NX v20.8.4 Daemon Server] - 2026-10-03T05:44:56.963Z - [SYNC]: project graph hash is the same, not collecting task sync generators
[NX v20.8.4 Daemon Server] - 2026-10-03T05:44:56.963Z - [SYNC]: nx.json hash is the same, not collecting global sync generators
[NX v20.8.4 Daemon Server] - 2026-10-03T05:44:56.963Z - Time taken for 'total execution time for createProjectGraph()' 13.681291000000783ms
[NX v20.8.4 Daemon Server] - 2026-10-03T05:44:57.025Z - [WATCHER]: 3 file(s) created or restored, 0 file(s) modified, 3 file(s) deleted
[NX v20.8.4 Daemon Server] - 2026-10-03T05:44:57.126Z - [REQUEST]: Updated workspace context based on watched changes, recomputing project graph...
[NX v20.8.4 Daemon Server] - 2026-10-03T05:44:57.126Z - [REQUEST]: .nx/workspace-data/source-maps.json,.nx/workspace-data/file-map.json,.nx/workspace-data/project-graph.json
[NX v20.8.4 Daemon Server] - 2026-10-03T05:44:57.126Z - [REQUEST]: .nx/workspace-data/source-maps.json~a1f0cbe7,.nx/workspace-data/project-graph.json~a1f0cbe7,.nx/workspace-data/file-map.json~a1f0cbe7
[NX v20.8.4 Daemon Server] - 2026-10-03T05:44:57.127Z - Time taken for 'hash changed files from watcher' 0.5690840000024764ms
[NX v20.8.4 Daemon Server] - 2026-10-03T05:44:57.135Z - Time taken for 'build-project-configs' 6.689916000002995ms
[NX v20.8.4 Daemon Server] - 2026-10-03T05:44:57.149Z - [SYNC]: collect registered sync generators
[NX v20.8.4 Daemon Server] - 2026-10-03T05:44:57.150Z - [SYNC]: project graph hash is the same, not collecting task sync generators
[NX v20.8.4 Daemon Server] - 2026-10-03T05:44:57.150Z - [SYNC]: nx.json hash is the same, not collecting global sync generators
[NX v20.8.4 Daemon Server] - 2026-10-03T05:44:57.150Z - Time taken for 'total execution time for createProjectGraph()' 10.956209000010858ms
[NX v20.8.4 Daemon Server] - 2026-10-03T05:44:57.213Z - [WATCHER]: 3 file(s) created or restored, 0 file(s) modified, 3 file(s) deleted
[NX v20.8.4 Daemon Server] - 2026-10-03T05:44:57.314Z - [REQUEST]: Updated workspace context based on watched changes, recomputing project graph...
[NX v20.8.4 Daemon Server] - 2026-10-03T05:44:57.314Z - [REQUEST]: .nx/workspace-data/source-maps.json,.nx/workspace-data/project-graph.json,.nx/workspace-data/file-map.json
[NX v20.8.4 Daemon Server] - 2026-10-03T05:44:57.314Z - [REQUEST]: .nx/workspace-data/file-map.json~243f9895,.nx/workspace-data/project-graph.json~243f9895,.nx/workspace-data/source-maps.json~243f9895
[NX v20.8.4 Daemon Server] - 2026-10-03T05:44:57.315Z - Time taken for 'hash changed files from watcher' 0.4339579999941634ms
[NX v20.8.4 Daemon Server] - 2026-10-03T05:44:57.323Z - Time taken for 'build-project-configs' 6.740624999991269ms
[NX v20.8.4 Daemon Server] - 2026-10-03T05:44:57.337Z - [SYNC]: collect registered sync generators
[NX v20.8.4 Daemon Server] - 2026-10-03T05:44:57.337Z - [SYNC]: project graph hash is the same, not collecting task sync generators
[NX v20.8.4 Daemon Server] - 2026-10-03T05:44:57.337Z - [SYNC]: nx.json hash is the same, not collecting global sync generators
[NX v20.8.4 Daemon Server] - 2026-10-03T05:44:57.337Z - Time taken for 'total execution time for createProjectGraph()' 11.146500000002561ms
[NX v20.8.4 Daemon Server] - 2026-10-03T05:44:57.400Z - [WATCHER]: 3 file(s) created or restored, 0 file(s) modified, 3 file(s) deleted
[NX v20.8.4 Daemon Server] - 2026-10-03T05:44:57.501Z - [REQUEST]: Updated workspace context based on watched changes, recomputing project graph...
[NX v20.8.4 Daemon Server] - 2026-10-03T05:44:57.501Z - [REQUEST]: .nx/workspace-data/project-graph.json,.nx/workspace-data/source-maps.json,.nx/workspace-data/file-map.json
[NX v20.8.4 Daemon Server] - 2026-10-03T05:44:57.501Z - [REQUEST]: .nx/workspace-data/source-maps.json~7e75d7f7,.nx/workspace-data/file-map.json~7e75d7f7,.nx/workspace-data/project-graph.json~7e75d7f7
[NX v20.8.4 Daemon Server] - 2026-10-03T05:44:57.502Z - Time taken for 'hash changed files from watcher' 0.43320800000219606ms
[NX v20.8.4 Daemon Server] - 2026-10-03T05:44:57.511Z - Time taken for 'build-project-configs' 7.780083000005106ms
[NX v20.8.4 Daemon Server] - 2026-10-03T05:44:57.525Z - [SYNC]: collect registered sync generators
[NX v20.8.4 Daemon Server] - 2026-10-03T05:44:57.525Z - [SYNC]: project graph hash is the same, not collecting task sync generators
[NX v20.8.4 Daemon Server] - 2026-10-03T05:44:57.525Z - [SYNC]: nx.json hash is the same, not collecting global sync generators
[NX v20.8.4 Daemon Server] - 2026-10-03T05:44:57.525Z - Time taken for 'total execution time for createProjectGraph()' 10.64999999999418ms
[NX v20.8.4 Daemon Server] - 2026-10-03T05:44:57.581Z - [WATCHER]: 3 file(s) created or restored, 0 file(s) modified, 3 file(s) deleted
[NX v20.8.4 Daemon Server] - 2026-10-03T05:44:57.681Z - [REQUEST]: Updated workspace context based on watched changes, recomputing project graph...
[NX v20.8.4 Daemon Server] - 2026-10-03T05:44:57.681Z - [REQUEST]: .nx/workspace-data/project-graph.json,.nx/workspace-data/source-maps.json,.nx/workspace-data/file-map.json
[NX v20.8.4 Daemon Server] - 2026-10-03T05:44:57.681Z - [REQUEST]: .nx/workspace-data/source-maps.json~1dd5988f,.nx/workspace-data/project-graph.json~1dd5988f,.nx/workspace-data/file-map.json~1dd5988f
[NX v20.8.4 Daemon Server] - 2026-10-03T05:44:57.682Z - Time taken for 'hash changed files from watcher' 0.49575000000186265ms
[NX v20.8.4 Daemon Server] - 2026-10-03T05:44:57.691Z - Time taken for 'build-project-configs' 6.95045800000662ms
[NX v20.8.4 Daemon Server] - 2026-10-03T05:44:57.706Z - [SYNC]: collect registered sync generators
[NX v20.8.4 Daemon Server] - 2026-10-03T05:44:57.706Z - [SYNC]: project graph hash is the same, not collecting task sync generators
[NX v20.8.4 Daemon Server] - 2026-10-03T05:44:57.706Z - [SYNC]: nx.json hash is the same, not collecting global sync generators
[NX v20.8.4 Daemon Server] - 2026-10-03T05:44:57.706Z - Time taken for 'total execution time for createProjectGraph()' 12.235417000003508ms
[NX v20.8.4 Daemon Server] - 2026-10-03T05:44:57.770Z - [WATCHER]: 3 file(s) created or restored, 0 file(s) modified, 3 file(s) deleted
[NX v20.8.4 Daemon Server] - 2026-10-03T05:44:57.871Z - [REQUEST]: Updated workspace context based on watched changes, recomputing project graph...
[NX v20.8.4 Daemon Server] - 2026-10-03T05:44:57.871Z - [REQUEST]: .nx/workspace-data/source-maps.json,.nx/workspace-data/file-map.json,.nx/workspace-data/project-graph.json
[NX v20.8.4 Daemon Server] - 2026-10-03T05:44:57.871Z - [REQUEST]: .nx/workspace-data/file-map.json~02af1ac2,.nx/workspace-data/project-graph.json~02af1ac2,.nx/workspace-data/source-maps.json~02af1ac2
[NX v20.8.4 Daemon Server] - 2026-10-03T05:44:57.872Z - Time taken for 'hash changed files from watcher' 0.5420840000006137ms
[NX v20.8.4 Daemon Server] - 2026-10-03T05:44:57.881Z - Time taken for 'build-project-configs' 6.506208999999217ms
[NX v20.8.4 Daemon Server] - 2026-10-03T05:44:57.894Z - [SYNC]: collect registered sync generators
[NX v20.8.4 Daemon Server] - 2026-10-03T05:44:57.894Z - [SYNC]: project graph hash is the same, not collecting task sync generators
[NX v20.8.4 Daemon Server] - 2026-10-03T05:44:57.894Z - [SYNC]: nx.json hash is the same, not collecting global sync generators
[NX v20.8.4 Daemon Server] - 2026-10-03T05:44:57.894Z - Time taken for 'total execution time for createProjectGraph()' 10.586708000002545ms
[NX v20.8.4 Daemon Server] - 2026-10-03T05:44:57.955Z - [WATCHER]: 3 file(s) created or restored, 0 file(s) modified, 3 file(s) deleted
[NX v20.8.4 Daemon Server] - 2026-10-03T05:44:58.055Z - [REQUEST]: Updated workspace context based on watched changes, recomputing project graph...
[NX v20.8.4 Daemon Server] - 2026-10-03T05:44:58.056Z - [REQUEST]: .nx/workspace-data/source-maps.json,.nx/workspace-data/project-graph.json,.nx/workspace-data/file-map.json
[NX v20.8.4 Daemon Server] - 2026-10-03T05:44:58.056Z - [REQUEST]: .nx/workspace-data/project-graph.json~0f8c4c21,.nx/workspace-data/file-map.json~0f8c4c21,.nx/workspace-data/source-maps.json~0f8c4c21
[NX v20.8.4 Daemon Server] - 2026-10-03T05:44:58.057Z - Time taken for 'hash changed files from watcher' 0.4637920000095619ms
[NX v20.8.4 Daemon Server] - 2026-10-03T05:44:58.065Z - Time taken for 'build-project-configs' 7.1941660000011325ms
[NX v20.8.4 Daemon Server] - 2026-10-03T05:44:58.078Z - [SYNC]: collect registered sync generators
[NX v20.8.4 Daemon Server] - 2026-10-03T05:44:58.078Z - [SYNC]: project graph hash is the same, not collecting task sync generators
[NX v20.8.4 Daemon Server] - 2026-10-03T05:44:58.078Z - [SYNC]: nx.json hash is the same, not collecting global sync generators
[NX v20.8.4 Daemon Server] - 2026-10-03T05:44:58.078Z - Time taken for 'total execution time for createProjectGraph()' 10.27483399999619ms
[NX v20.8.4 Daemon Server] - 2026-10-03T05:44:58.141Z - [WATCHER]: 3 file(s) created or restored, 0 file(s) modified, 3 file(s) deleted
[NX v20.8.4 Daemon Server] - 2026-10-03T05:44:58.243Z - [REQUEST]: Updated workspace context based on watched changes, recomputing project graph...
[NX v20.8.4 Daemon Server] - 2026-10-03T05:44:58.243Z - [REQUEST]: .nx/workspace-data/project-graph.json,.nx/workspace-data/source-maps.json,.nx/workspace-data/file-map.json
[NX v20.8.4 Daemon Server] - 2026-10-03T05:44:58.243Z - [REQUEST]: .nx/workspace-data/project-graph.json~1ef22027,.nx/workspace-data/source-maps.json~1ef22027,.nx/workspace-data/file-map.json~1ef22027
[NX v20.8.4 Daemon Server] - 2026-10-03T05:44:58.244Z - Time taken for 'hash changed files from watcher' 0.4006249999947613ms
[NX v20.8.4 Daemon Server] - 2026-10-03T05:44:58.252Z - Time taken for 'build-project-configs' 6.848375000001397ms
[NX v20.8.4 Daemon Server] - 2026-10-03T05:44:58.280Z - [SYNC]: collect registered sync generators
[NX v20.8.4 Daemon Server] - 2026-10-03T05:44:58.281Z - [SYNC]: project graph hash is the same, not collecting task sync generators
[NX v20.8.4 Daemon Server] - 2026-10-03T05:44:58.281Z - [SYNC]: nx.json hash is the same, not collecting global sync generators
[NX v20.8.4 Daemon Server] - 2026-10-03T05:44:58.281Z - Time taken for 'total execution time for createProjectGraph()' 11.828250000005937ms
[NX v20.8.4 Daemon Server] - 2026-10-03T05:44:58.341Z - [WATCHER]: 3 file(s) created or restored, 0 file(s) modified, 3 file(s) deleted
[NX v20.8.4 Daemon Server] - 2026-10-03T05:44:58.442Z - [REQUEST]: Updated workspace context based on watched changes, recomputing project graph...
[NX v20.8.4 Daemon Server] - 2026-10-03T05:44:58.442Z - [REQUEST]: .nx/workspace-data/file-map.json,.nx/workspace-data/project-graph.json,.nx/workspace-data/source-maps.json
[NX v20.8.4 Daemon Server] - 2026-10-03T05:44:58.442Z - [REQUEST]: .nx/workspace-data/project-graph.json~57cfbe8d,.nx/workspace-data/source-maps.json~57cfbe8d,.nx/workspace-data/file-map.json~57cfbe8d
[NX v20.8.4 Daemon Server] - 2026-10-03T05:44:58.444Z - Time taken for 'hash changed files from watcher' 0.6685829999914858ms
[NX v20.8.4 Daemon Server] - 2026-10-03T05:44:58.453Z - Time taken for 'build-project-configs' 7.834084000001894ms
[NX v20.8.4 Daemon Server] - 2026-10-03T05:44:58.467Z - [SYNC]: collect registered sync generators
[NX v20.8.4 Daemon Server] - 2026-10-03T05:44:58.467Z - [SYNC]: project graph hash is the same, not collecting task sync generators
[NX v20.8.4 Daemon Server] - 2026-10-03T05:44:58.467Z - [SYNC]: nx.json hash is the same, not collecting global sync generators
[NX v20.8.4 Daemon Server] - 2026-10-03T05:44:58.467Z - Time taken for 'total execution time for createProjectGraph()' 10.188415999989957ms
[NX v20.8.4 Daemon Server] - 2026-10-03T05:44:58.529Z - [WATCHER]: 3 file(s) created or restored, 0 file(s) modified, 3 file(s) deleted
[NX v20.8.4 Daemon Server] - 2026-10-03T05:44:58.630Z - [REQUEST]: Updated workspace context based on watched changes, recomputing project graph...
[NX v20.8.4 Daemon Server] - 2026-10-03T05:44:58.630Z - [REQUEST]: .nx/workspace-data/project-graph.json,.nx/workspace-data/source-maps.json,.nx/workspace-data/file-map.json
[NX v20.8.4 Daemon Server] - 2026-10-03T05:44:58.630Z - [REQUEST]: .nx/workspace-data/project-graph.json~be356fee,.nx/workspace-data/source-maps.json~be356fee,.nx/workspace-data/file-map.json~be356fee
[NX v20.8.4 Daemon Server] - 2026-10-03T05:44:58.631Z - Time taken for 'hash changed files from watcher' 0.3553749999991851ms
[NX v20.8.4 Daemon Server] - 2026-10-03T05:44:58.640Z - Time taken for 'build-project-configs' 7.542041000007885ms
[NX v20.8.4 Daemon Server] - 2026-10-03T05:44:58.655Z - [SYNC]: collect registered sync generators
[NX v20.8.4 Daemon Server] - 2026-10-03T05:44:58.655Z - [SYNC]: project graph hash is the same, not collecting task sync generators
[NX v20.8.4 Daemon Server] - 2026-10-03T05:44:58.655Z - [SYNC]: nx.json hash is the same, not collecting global sync generators
[NX v20.8.4 Daemon Server] - 2026-10-03T05:44:58.655Z - Time taken for 'total execution time for createProjectGraph()' 11.032124999997905ms
[NX v20.8.4 Daemon Server] - 2026-10-03T05:44:58.718Z - [WATCHER]: 3 file(s) created or restored, 0 file(s) modified, 3 file(s) deleted
[NX v20.8.4 Daemon Server] - 2026-10-03T05:44:58.819Z - [REQUEST]: Updated workspace context based on watched changes, recomputing project graph...
[NX v20.8.4 Daemon Server] - 2026-10-03T05:44:58.819Z - [REQUEST]: .nx/workspace-data/source-maps.json,.nx/workspace-data/project-graph.json,.nx/workspace-data/file-map.json
[NX v20.8.4 Daemon Server] - 2026-10-03T05:44:58.819Z - [REQUEST]: .nx/workspace-data/source-maps.json~0450ebdb,.nx/workspace-data/file-map.json~0450ebdb,.nx/workspace-data/project-graph.json~0450ebdb
[NX v20.8.4 Daemon Server] - 2026-10-03T05:44:58.820Z - Time taken for 'hash changed files from watcher' 0.4626250000001164ms
[NX v20.8.4 Daemon Server] - 2026-10-03T05:44:58.828Z - Time taken for 'build-project-configs' 6.551791999998386ms
[NX v20.8.4 Daemon Server] - 2026-10-03T05:44:58.847Z - [SYNC]: collect registered sync generators
[NX v20.8.4 Daemon Server] - 2026-10-03T05:44:58.847Z - [SYNC]: project graph hash is the same, not collecting task sync generators
[NX v20.8.4 Daemon Server] - 2026-10-03T05:44:58.847Z - [SYNC]: nx.json hash is the same, not collecting global sync generators
[NX v20.8.4 Daemon Server] - 2026-10-03T05:44:58.847Z - Time taken for 'total execution time for createProjectGraph()' 15.483957999997074ms
[NX v20.8.4 Daemon Server] - 2026-10-03T05:44:58.914Z - [WATCHER]: 3 file(s) created or restored, 0 file(s) modified, 3 file(s) deleted
[NX v20.8.4 Daemon Server] - 2026-10-03T05:44:59.014Z - [REQUEST]: Updated workspace context based on watched changes, recomputing project graph...
[NX v20.8.4 Daemon Server] - 2026-10-03T05:44:59.014Z - [REQUEST]: .nx/workspace-data/project-graph.json,.nx/workspace-data/source-maps.json,.nx/workspace-data/file-map.json
[NX v20.8.4 Daemon Server] - 2026-10-03T05:44:59.014Z - [REQUEST]: .nx/workspace-data/project-graph.json~81bc1e77,.nx/workspace-data/file-map.json~81bc1e77,.nx/workspace-data/source-maps.json~81bc1e77
[NX v20.8.4 Daemon Server] - 2026-10-03T05:44:59.015Z - Time taken for 'hash changed files from watcher' 0.4430419999989681ms
[NX v20.8.4 Daemon Server] - 2026-10-03T05:44:59.024Z - Time taken for 'build-project-configs' 6.520458999992115ms
[NX v20.8.4 Daemon Server] - 2026-10-03T05:44:59.037Z - [SYNC]: collect registered sync generators
[NX v20.8.4 Daemon Server] - 2026-10-03T05:44:59.038Z - [SYNC]: project graph hash is the same, not collecting task sync generators
[NX v20.8.4 Daemon Server] - 2026-10-03T05:44:59.038Z - [SYNC]: nx.json hash is the same, not collecting global sync generators
[NX v20.8.4 Daemon Server] - 2026-10-03T05:44:59.038Z - Time taken for 'total execution time for createProjectGraph()' 11.165374999996857ms
[NX v20.8.4 Daemon Server] - 2026-10-03T05:44:59.100Z - [WATCHER]: 3 file(s) created or restored, 0 file(s) modified, 3 file(s) deleted
[NX v20.8.4 Daemon Server] - 2026-10-03T05:44:59.201Z - [REQUEST]: Updated workspace context based on watched changes, recomputing project graph...
[NX v20.8.4 Daemon Server] - 2026-10-03T05:44:59.201Z - [REQUEST]: .nx/workspace-data/file-map.json,.nx/workspace-data/source-maps.json,.nx/workspace-data/project-graph.json
[NX v20.8.4 Daemon Server] - 2026-10-03T05:44:59.201Z - [REQUEST]: .nx/workspace-data/source-maps.json~0870e31b,.nx/workspace-data/project-graph.json~0870e31b,.nx/workspace-data/file-map.json~0870e31b
[NX v20.8.4 Daemon Server] - 2026-10-03T05:44:59.202Z - Time taken for 'hash changed files from watcher' 0.48966700000164565ms
[NX v20.8.4 Daemon Server] - 2026-10-03T05:44:59.210Z - Time taken for 'build-project-configs' 6.6817080000037095ms
[NX v20.8.4 Daemon Server] - 2026-10-03T05:44:59.223Z - [SYNC]: collect registered sync generators
[NX v20.8.4 Daemon Server] - 2026-10-03T05:44:59.223Z - [SYNC]: project graph hash is the same, not collecting task sync generators
[NX v20.8.4 Daemon Server] - 2026-10-03T05:44:59.223Z - [SYNC]: nx.json hash is the same, not collecting global sync generators
[NX v20.8.4 Daemon Server] - 2026-10-03T05:44:59.223Z - Time taken for 'total execution time for createProjectGraph()' 9.70387500000652ms
[NX v20.8.4 Daemon Server] - 2026-10-03T05:44:59.287Z - [WATCHER]: 3 file(s) created or restored, 0 file(s) modified, 3 file(s) deleted
[NX v20.8.4 Daemon Server] - 2026-10-03T05:44:59.388Z - [REQUEST]: Updated workspace context based on watched changes, recomputing project graph...
[NX v20.8.4 Daemon Server] - 2026-10-03T05:44:59.388Z - [REQUEST]: .nx/workspace-data/project-graph.json,.nx/workspace-data/file-map.json,.nx/workspace-data/source-maps.json
[NX v20.8.4 Daemon Server] - 2026-10-03T05:44:59.388Z - [REQUEST]: .nx/workspace-data/project-graph.json~ed1314c9,.nx/workspace-data/source-maps.json~ed1314c9,.nx/workspace-data/file-map.json~ed1314c9
[NX v20.8.4 Daemon Server] - 2026-10-03T05:44:59.390Z - Time taken for 'hash changed files from watcher' 0.47345900000073016ms
[NX v20.8.4 Daemon Server] - 2026-10-03T05:44:59.398Z - Time taken for 'build-project-configs' 7.365582999991602ms
[NX v20.8.4 Daemon Server] - 2026-10-03T05:44:59.411Z - [SYNC]: collect registered sync generators
[NX v20.8.4 Daemon Server] - 2026-10-03T05:44:59.412Z - [SYNC]: project graph hash is the same, not collecting task sync generators
[NX v20.8.4 Daemon Server] - 2026-10-03T05:44:59.412Z - [SYNC]: nx.json hash is the same, not collecting global sync generators
[NX v20.8.4 Daemon Server] - 2026-10-03T05:44:59.412Z - Time taken for 'total execution time for createProjectGraph()' 10.49358399999619ms
[NX v20.8.4 Daemon Server] - 2026-10-03T05:44:59.475Z - [WATCHER]: 3 file(s) created or restored, 0 file(s) modified, 3 file(s) deleted
[NX v20.8.4 Daemon Server] - 2026-10-03T05:44:59.577Z - [REQUEST]: Updated workspace context based on watched changes, recomputing project graph...
[NX v20.8.4 Daemon Server] - 2026-10-03T05:44:59.577Z - [REQUEST]: .nx/workspace-data/source-maps.json,.nx/workspace-data/project-graph.json,.nx/workspace-data/file-map.json
[NX v20.8.4 Daemon Server] - 2026-10-03T05:44:59.577Z - [REQUEST]: .nx/workspace-data/project-graph.json~958408e1,.nx/workspace-data/source-maps.json~958408e1,.nx/workspace-data/file-map.json~958408e1
[NX v20.8.4 Daemon Server] - 2026-10-03T05:44:59.578Z - Time taken for 'hash changed files from watcher' 0.512416999990819ms
[NX v20.8.4 Daemon Server] - 2026-10-03T05:44:59.588Z - Time taken for 'build-project-configs' 8.25274999999965ms
[NX v20.8.4 Daemon Server] - 2026-10-03T05:44:59.602Z - [SYNC]: collect registered sync generators
[NX v20.8.4 Daemon Server] - 2026-10-03T05:44:59.602Z - [SYNC]: project graph hash is the same, not collecting task sync generators
[NX v20.8.4 Daemon Server] - 2026-10-03T05:44:59.602Z - [SYNC]: nx.json hash is the same, not collecting global sync generators
[NX v20.8.4 Daemon Server] - 2026-10-03T05:44:59.602Z - Time taken for 'total execution time for createProjectGraph()' 10.32558400000562ms
[NX v20.8.4 Daemon Server] - 2026-10-03T05:44:59.674Z - [WATCHER]: 3 file(s) created or restored, 0 file(s) modified, 3 file(s) deleted
[NX v20.8.4 Daemon Server] - 2026-10-03T05:44:59.775Z - [REQUEST]: Updated workspace context based on watched changes, recomputing project graph...
[NX v20.8.4 Daemon Server] - 2026-10-03T05:44:59.775Z - [REQUEST]: .nx/workspace-data/file-map.json,.nx/workspace-data/source-maps.json,.nx/workspace-data/project-graph.json
[NX v20.8.4 Daemon Server] - 2026-10-03T05:44:59.775Z - [REQUEST]: .nx/workspace-data/project-graph.json~79ba5002,.nx/workspace-data/source-maps.json~79ba5002,.nx/workspace-data/file-map.json~79ba5002
[NX v20.8.4 Daemon Server] - 2026-10-03T05:44:59.776Z - Time taken for 'hash changed files from watcher' 0.4732499999954598ms
[NX v20.8.4 Daemon Server] - 2026-10-03T05:44:59.784Z - Time taken for 'build-project-configs' 6.531750000009197ms
[NX v20.8.4 Daemon Server] - 2026-10-03T05:44:59.798Z - [SYNC]: collect registered sync generators
[NX v20.8.4 Daemon Server] - 2026-10-03T05:44:59.798Z - [SYNC]: project graph hash is the same, not collecting task sync generators
[NX v20.8.4 Daemon Server] - 2026-10-03T05:44:59.798Z - [SYNC]: nx.json hash is the same, not collecting global sync generators
[NX v20.8.4 Daemon Server] - 2026-10-03T05:44:59.798Z - Time taken for 'total execution time for createProjectGraph()' 10.658792000001995ms
[NX v20.8.4 Daemon Server] - 2026-10-03T05:44:59.864Z - [WATCHER]: 3 file(s) created or restored, 0 file(s) modified, 3 file(s) deleted
[NX v20.8.4 Daemon Server] - 2026-10-03T05:44:59.965Z - [REQUEST]: Updated workspace context based on watched changes, recomputing project graph...
[NX v20.8.4 Daemon Server] - 2026-10-03T05:44:59.965Z - [REQUEST]: .nx/workspace-data/source-maps.json,.nx/workspace-data/file-map.json,.nx/workspace-data/project-graph.json
[NX v20.8.4 Daemon Server] - 2026-10-03T05:44:59.965Z - [REQUEST]: .nx/workspace-data/project-graph.json~3e64e1a4,.nx/workspace-data/file-map.json~3e64e1a4,.nx/workspace-data/source-maps.json~3e64e1a4
[NX v20.8.4 Daemon Server] - 2026-10-03T05:44:59.966Z - Time taken for 'hash changed files from watcher' 0.5247499999968568ms
[NX v20.8.4 Daemon Server] - 2026-10-03T05:44:59.979Z - Time taken for 'build-project-configs' 7.174291999996058ms
[NX v20.8.4 Daemon Server] - 2026-10-03T05:44:59.993Z - [SYNC]: collect registered sync generators
[NX v20.8.4 Daemon Server] - 2026-10-03T05:44:59.993Z - [SYNC]: project graph hash is the same, not collecting task sync generators
[NX v20.8.4 Daemon Server] - 2026-10-03T05:44:59.993Z - [SYNC]: nx.json hash is the same, not collecting global sync generators
[NX v20.8.4 Daemon Server] - 2026-10-03T05:44:59.993Z - Time taken for 'total execution time for createProjectGraph()' 15.40175000000454ms
[NX v20.8.4 Daemon Server] - 2026-10-03T05:45:00.059Z - [WATCHER]: 3 file(s) created or restored, 0 file(s) modified, 3 file(s) deleted
[NX v20.8.4 Daemon Server] - 2026-10-03T05:45:00.160Z - [REQUEST]: Updated workspace context based on watched changes, recomputing project graph...
[NX v20.8.4 Daemon Server] - 2026-10-03T05:45:00.160Z - [REQUEST]: .nx/workspace-data/file-map.json,.nx/workspace-data/source-maps.json,.nx/workspace-data/project-graph.json
[NX v20.8.4 Daemon Server] - 2026-10-03T05:45:00.160Z - [REQUEST]: .nx/workspace-data/source-maps.json~3827e0ff,.nx/workspace-data/file-map.json~3827e0ff,.nx/workspace-data/project-graph.json~3827e0ff
[NX v20.8.4 Daemon Server] - 2026-10-03T05:45:00.161Z - Time taken for 'hash changed files from watcher' 0.5127919999940787ms
[NX v20.8.4 Daemon Server] - 2026-10-03T05:45:00.170Z - Time taken for 'build-project-configs' 7.556166000009398ms
[NX v20.8.4 Daemon Server] - 2026-10-03T05:45:00.184Z - [SYNC]: collect registered sync generators
[NX v20.8.4 Daemon Server] - 2026-10-03T05:45:00.184Z - [SYNC]: project graph hash is the same, not collecting task sync generators
[NX v20.8.4 Daemon Server] - 2026-10-03T05:45:00.184Z - [SYNC]: nx.json hash is the same, not collecting global sync generators
[NX v20.8.4 Daemon Server] - 2026-10-03T05:45:00.184Z - Time taken for 'total execution time for createProjectGraph()' 11.198540999990655ms
[NX v20.8.4 Daemon Server] - 2026-10-03T05:45:00.247Z - [WATCHER]: 3 file(s) created or restored, 0 file(s) modified, 3 file(s) deleted
[NX v20.8.4 Daemon Server] - 2026-10-03T05:45:00.349Z - [REQUEST]: Updated workspace context based on watched changes, recomputing project graph...
[NX v20.8.4 Daemon Server] - 2026-10-03T05:45:00.349Z - [REQUEST]: .nx/workspace-data/file-map.json,.nx/workspace-data/project-graph.json,.nx/workspace-data/source-maps.json
[NX v20.8.4 Daemon Server] - 2026-10-03T05:45:00.349Z - [REQUEST]: .nx/workspace-data/source-maps.json~55e6dea7,.nx/workspace-data/project-graph.json~55e6dea7,.nx/workspace-data/file-map.json~55e6dea7
[NX v20.8.4 Daemon Server] - 2026-10-03T05:45:00.351Z - Time taken for 'hash changed files from watcher' 0.48920799999905284ms
[NX v20.8.4 Daemon Server] - 2026-10-03T05:45:00.359Z - Time taken for 'build-project-configs' 6.739999999990687ms
[NX v20.8.4 Daemon Server] - 2026-10-03T05:45:00.372Z - [SYNC]: collect registered sync generators
[NX v20.8.4 Daemon Server] - 2026-10-03T05:45:00.372Z - [SYNC]: project graph hash is the same, not collecting task sync generators
[NX v20.8.4 Daemon Server] - 2026-10-03T05:45:00.372Z - [SYNC]: nx.json hash is the same, not collecting global sync generators
[NX v20.8.4 Daemon Server] - 2026-10-03T05:45:00.373Z - Time taken for 'total execution time for createProjectGraph()' 10.772916999994777ms
[NX v20.8.4 Daemon Server] - 2026-10-03T05:45:00.436Z - [WATCHER]: 3 file(s) created or restored, 0 file(s) modified, 3 file(s) deleted
[NX v20.8.4 Daemon Server] - 2026-10-03T05:45:00.536Z - [REQUEST]: Updated workspace context based on watched changes, recomputing project graph...
[NX v20.8.4 Daemon Server] - 2026-10-03T05:45:00.536Z - [REQUEST]: .nx/workspace-data/source-maps.json,.nx/workspace-data/file-map.json,.nx/workspace-data/project-graph.json
[NX v20.8.4 Daemon Server] - 2026-10-03T05:45:00.536Z - [REQUEST]: .nx/workspace-data/source-maps.json~4ca49642,.nx/workspace-data/file-map.json~4ca49642,.nx/workspace-data/project-graph.json~4ca49642
[NX v20.8.4 Daemon Server] - 2026-10-03T05:45:00.538Z - Time taken for 'hash changed files from watcher' 0.6389579999959096ms
[NX v20.8.4 Daemon Server] - 2026-10-03T05:45:00.551Z - Time taken for 'build-project-configs' 10.248749999998836ms
[NX v20.8.4 Daemon Server] - 2026-10-03T05:45:00.572Z - [SYNC]: collect registered sync generators
[NX v20.8.4 Daemon Server] - 2026-10-03T05:45:00.573Z - [SYNC]: project graph hash is the same, not collecting task sync generators
[NX v20.8.4 Daemon Server] - 2026-10-03T05:45:00.573Z - [SYNC]: nx.json hash is the same, not collecting global sync generators
[NX v20.8.4 Daemon Server] - 2026-10-03T05:45:00.573Z - Time taken for 'total execution time for createProjectGraph()' 16.39337499999965ms
[NX v20.8.4 Daemon Server] - 2026-10-03T05:45:00.641Z - [WATCHER]: 3 file(s) created or restored, 0 file(s) modified, 3 file(s) deleted
[NX v20.8.4 Daemon Server] - 2026-10-03T05:45:00.741Z - [REQUEST]: Updated workspace context based on watched changes, recomputing project graph...
[NX v20.8.4 Daemon Server] - 2026-10-03T05:45:00.741Z - [REQUEST]: .nx/workspace-data/source-maps.json,.nx/workspace-data/file-map.json,.nx/workspace-data/project-graph.json
[NX v20.8.4 Daemon Server] - 2026-10-03T05:45:00.741Z - [REQUEST]: .nx/workspace-data/project-graph.json~b9df8141,.nx/workspace-data/file-map.json~b9df8141,.nx/workspace-data/source-maps.json~b9df8141
[NX v20.8.4 Daemon Server] - 2026-10-03T05:45:00.742Z - Time taken for 'hash changed files from watcher' 0.4263749999954598ms
[NX v20.8.4 Daemon Server] - 2026-10-03T05:45:00.752Z - Time taken for 'build-project-configs' 8.064832999996725ms
[NX v20.8.4 Daemon Server] - 2026-10-03T05:45:00.764Z - [SYNC]: collect registered sync generators
[NX v20.8.4 Daemon Server] - 2026-10-03T05:45:00.765Z - [SYNC]: project graph hash is the same, not collecting task sync generators
[NX v20.8.4 Daemon Server] - 2026-10-03T05:45:00.765Z - [SYNC]: nx.json hash is the same, not collecting global sync generators
[NX v20.8.4 Daemon Server] - 2026-10-03T05:45:00.765Z - Time taken for 'total execution time for createProjectGraph()' 10.036250000004657ms
[NX v20.8.4 Daemon Server] - 2026-10-03T05:45:00.830Z - [WATCHER]: 3 file(s) created or restored, 0 file(s) modified, 3 file(s) deleted
[NX v20.8.4 Daemon Server] - 2026-10-03T05:45:00.930Z - [REQUEST]: Updated workspace context based on watched changes, recomputing project graph...
[NX v20.8.4 Daemon Server] - 2026-10-03T05:45:00.930Z - [REQUEST]: .nx/workspace-data/project-graph.json,.nx/workspace-data/source-maps.json,.nx/workspace-data/file-map.json
[NX v20.8.4 Daemon Server] - 2026-10-03T05:45:00.930Z - [REQUEST]: .nx/workspace-data/file-map.json~d3dc224d,.nx/workspace-data/project-graph.json~d3dc224d,.nx/workspace-data/source-maps.json~d3dc224d
[NX v20.8.4 Daemon Server] - 2026-10-03T05:45:00.931Z - Time taken for 'hash changed files from watcher' 0.4405000000115251ms
[NX v20.8.4 Daemon Server] - 2026-10-03T05:45:00.940Z - Time taken for 'build-project-configs' 6.673083000001498ms
[NX v20.8.4 Daemon Server] - 2026-10-03T05:45:00.952Z - [SYNC]: collect registered sync generators
[NX v20.8.4 Daemon Server] - 2026-10-03T05:45:00.952Z - [SYNC]: project graph hash is the same, not collecting task sync generators
[NX v20.8.4 Daemon Server] - 2026-10-03T05:45:00.952Z - [SYNC]: nx.json hash is the same, not collecting global sync generators
[NX v20.8.4 Daemon Server] - 2026-10-03T05:45:00.952Z - Time taken for 'total execution time for createProjectGraph()' 9.825792000003275ms
[NX v20.8.4 Daemon Server] - 2026-10-03T05:45:01.015Z - [WATCHER]: 3 file(s) created or restored, 0 file(s) modified, 3 file(s) deleted
[NX v20.8.4 Daemon Server] - 2026-10-03T05:45:01.115Z - [REQUEST]: Updated workspace context based on watched changes, recomputing project graph...
[NX v20.8.4 Daemon Server] - 2026-10-03T05:45:01.115Z - [REQUEST]: .nx/workspace-data/source-maps.json,.nx/workspace-data/project-graph.json,.nx/workspace-data/file-map.json
[NX v20.8.4 Daemon Server] - 2026-10-03T05:45:01.115Z - [REQUEST]: .nx/workspace-data/file-map.json~1eb456e9,.nx/workspace-data/source-maps.json~1eb456e9,.nx/workspace-data/project-graph.json~1eb456e9
[NX v20.8.4 Daemon Server] - 2026-10-03T05:45:01.116Z - Time taken for 'hash changed files from watcher' 0.42716600000858307ms
[NX v20.8.4 Daemon Server] - 2026-10-03T05:45:01.124Z - Time taken for 'build-project-configs' 6.609792000002926ms
[NX v20.8.4 Daemon Server] - 2026-10-03T05:45:01.137Z - [SYNC]: collect registered sync generators
[NX v20.8.4 Daemon Server] - 2026-10-03T05:45:01.138Z - [SYNC]: project graph hash is the same, not collecting task sync generators
[NX v20.8.4 Daemon Server] - 2026-10-03T05:45:01.138Z - [SYNC]: nx.json hash is the same, not collecting global sync generators
[NX v20.8.4 Daemon Server] - 2026-10-03T05:45:01.138Z - Time taken for 'total execution time for createProjectGraph()' 10.313750000001164ms
[NX v20.8.4 Daemon Server] - 2026-10-03T05:45:01.200Z - [WATCHER]: 3 file(s) created or restored, 0 file(s) modified, 3 file(s) deleted
[NX v20.8.4 Daemon Server] - 2026-10-03T05:45:01.301Z - [REQUEST]: Updated workspace context based on watched changes, recomputing project graph...
[NX v20.8.4 Daemon Server] - 2026-10-03T05:45:01.301Z - [REQUEST]: .nx/workspace-data/file-map.json,.nx/workspace-data/project-graph.json,.nx/workspace-data/source-maps.json
[NX v20.8.4 Daemon Server] - 2026-10-03T05:45:01.301Z - [REQUEST]: .nx/workspace-data/file-map.json~de309226,.nx/workspace-data/project-graph.json~de309226,.nx/workspace-data/source-maps.json~de309226
[NX v20.8.4 Daemon Server] - 2026-10-03T05:45:01.302Z - Time taken for 'hash changed files from watcher' 0.4924159999936819ms
[NX v20.8.4 Daemon Server] - 2026-10-03T05:45:01.311Z - Time taken for 'build-project-configs' 7.680166999998619ms
[NX v20.8.4 Daemon Server] - 2026-10-03T05:45:01.323Z - [SYNC]: collect registered sync generators
[NX v20.8.4 Daemon Server] - 2026-10-03T05:45:01.323Z - [SYNC]: project graph hash is the same, not collecting task sync generators
[NX v20.8.4 Daemon Server] - 2026-10-03T05:45:01.323Z - [SYNC]: nx.json hash is the same, not collecting global sync generators
[NX v20.8.4 Daemon Server] - 2026-10-03T05:45:01.323Z - Time taken for 'total execution time for createProjectGraph()' 9.613708000004408ms
[NX v20.8.4 Daemon Server] - 2026-10-03T05:45:01.390Z - [WATCHER]: 3 file(s) created or restored, 0 file(s) modified, 3 file(s) deleted
[NX v20.8.4 Daemon Server] - 2026-10-03T05:45:01.491Z - [REQUEST]: Updated workspace context based on watched changes, recomputing project graph...
[NX v20.8.4 Daemon Server] - 2026-10-03T05:45:01.491Z - [REQUEST]: .nx/workspace-data/file-map.json,.nx/workspace-data/project-graph.json,.nx/workspace-data/source-maps.json
[NX v20.8.4 Daemon Server] - 2026-10-03T05:45:01.491Z - [REQUEST]: .nx/workspace-data/project-graph.json~8f79989f,.nx/workspace-data/file-map.json~8f79989f,.nx/workspace-data/source-maps.json~8f79989f
[NX v20.8.4 Daemon Server] - 2026-10-03T05:45:01.492Z - Time taken for 'hash changed files from watcher' 0.4597910000011325ms
[NX v20.8.4 Daemon Server] - 2026-10-03T05:45:01.501Z - Time taken for 'build-project-configs' 7.112708000000566ms
[NX v20.8.4 Daemon Server] - 2026-10-03T05:45:01.515Z - [SYNC]: collect registered sync generators
[NX v20.8.4 Daemon Server] - 2026-10-03T05:45:01.515Z - [SYNC]: project graph hash is the same, not collecting task sync generators
[NX v20.8.4 Daemon Server] - 2026-10-03T05:45:01.515Z - [SYNC]: nx.json hash is the same, not collecting global sync generators
[NX v20.8.4 Daemon Server] - 2026-10-03T05:45:01.515Z - Time taken for 'total execution time for createProjectGraph()' 11.900499999988824ms
[NX v20.8.4 Daemon Server] - 2026-10-03T05:45:01.579Z - [WATCHER]: 3 file(s) created or restored, 0 file(s) modified, 3 file(s) deleted
[NX v20.8.4 Daemon Server] - 2026-10-03T05:45:01.679Z - [REQUEST]: Updated workspace context based on watched changes, recomputing project graph...
[NX v20.8.4 Daemon Server] - 2026-10-03T05:45:01.679Z - [REQUEST]: .nx/workspace-data/file-map.json,.nx/workspace-data/project-graph.json,.nx/workspace-data/source-maps.json
[NX v20.8.4 Daemon Server] - 2026-10-03T05:45:01.679Z - [REQUEST]: .nx/workspace-data/project-graph.json~0d53e2b8,.nx/workspace-data/file-map.json~0d53e2b8,.nx/workspace-data/source-maps.json~0d53e2b8
[NX v20.8.4 Daemon Server] - 2026-10-03T05:45:01.680Z - Time taken for 'hash changed files from watcher' 0.4350830000039423ms
[NX v20.8.4 Daemon Server] - 2026-10-03T05:45:01.688Z - Time taken for 'build-project-configs' 6.432416999989073ms
[NX v20.8.4 Daemon Server] - 2026-10-03T05:45:01.702Z - [SYNC]: collect registered sync generators
[NX v20.8.4 Daemon Server] - 2026-10-03T05:45:01.702Z - [SYNC]: project graph hash is the same, not collecting task sync generators
[NX v20.8.4 Daemon Server] - 2026-10-03T05:45:01.702Z - [SYNC]: nx.json hash is the same, not collecting global sync generators
[NX v20.8.4 Daemon Server] - 2026-10-03T05:45:01.702Z - Time taken for 'total execution time for createProjectGraph()' 10.808417000007466ms
[NX v20.8.4 Daemon Server] - 2026-10-03T05:45:01.764Z - [WATCHER]: 3 file(s) created or restored, 0 file(s) modified, 3 file(s) deleted
[NX v20.8.4 Daemon Server] - 2026-10-03T05:45:01.866Z - [REQUEST]: Updated workspace context based on watched changes, recomputing project graph...
[NX v20.8.4 Daemon Server] - 2026-10-03T05:45:01.866Z - [REQUEST]: .nx/workspace-data/file-map.json,.nx/workspace-data/project-graph.json,.nx/workspace-data/source-maps.json
[NX v20.8.4 Daemon Server] - 2026-10-03T05:45:01.866Z - [REQUEST]: .nx/workspace-data/file-map.json~505cb7a4,.nx/workspace-data/source-maps.json~505cb7a4,.nx/workspace-data/project-graph.json~505cb7a4
[NX v20.8.4 Daemon Server] - 2026-10-03T05:45:01.867Z - Time taken for 'hash changed files from watcher' 0.44333399999595713ms
[NX v20.8.4 Daemon Server] - 2026-10-03T05:45:01.882Z - Time taken for 'build-project-configs' 9.686457999996492ms
[NX v20.8.4 Daemon Server] - 2026-10-03T05:45:01.898Z - [SYNC]: collect registered sync generators
[NX v20.8.4 Daemon Server] - 2026-10-03T05:45:01.898Z - [SYNC]: project graph hash is the same, not collecting task sync generators
[NX v20.8.4 Daemon Server] - 2026-10-03T05:45:01.898Z - [SYNC]: nx.json hash is the same, not collecting global sync generators
[NX v20.8.4 Daemon Server] - 2026-10-03T05:45:01.898Z - Time taken for 'total execution time for createProjectGraph()' 15.416375000000698ms
[NX v20.8.4 Daemon Server] - 2026-10-03T05:45:01.960Z - [WATCHER]: 3 file(s) created or restored, 0 file(s) modified, 3 file(s) deleted
[NX v20.8.4 Daemon Server] - 2026-10-03T05:45:02.062Z - [REQUEST]: Updated workspace context based on watched changes, recomputing project graph...
[NX v20.8.4 Daemon Server] - 2026-10-03T05:45:02.062Z - [REQUEST]: .nx/workspace-data/project-graph.json,.nx/workspace-data/source-maps.json,.nx/workspace-data/file-map.json
[NX v20.8.4 Daemon Server] - 2026-10-03T05:45:02.062Z - [REQUEST]: .nx/workspace-data/source-maps.json~071bc2b4,.nx/workspace-data/file-map.json~071bc2b4,.nx/workspace-data/project-graph.json~071bc2b4
[NX v20.8.4 Daemon Server] - 2026-10-03T05:45:02.063Z - Time taken for 'hash changed files from watcher' 0.4082079999934649ms
[NX v20.8.4 Daemon Server] - 2026-10-03T05:45:02.071Z - Time taken for 'build-project-configs' 6.5583750000078ms
[NX v20.8.4 Daemon Server] - 2026-10-03T05:45:02.085Z - [SYNC]: collect registered sync generators
[NX v20.8.4 Daemon Server] - 2026-10-03T05:45:02.085Z - [SYNC]: project graph hash is the same, not collecting task sync generators
[NX v20.8.4 Daemon Server] - 2026-10-03T05:45:02.085Z - [SYNC]: nx.json hash is the same, not collecting global sync generators
[NX v20.8.4 Daemon Server] - 2026-10-03T05:45:02.085Z - Time taken for 'total execution time for createProjectGraph()' 9.707457999989856ms
[NX v20.8.4 Daemon Server] - 2026-10-03T05:45:02.146Z - [WATCHER]: 3 file(s) created or restored, 0 file(s) modified, 3 file(s) deleted
[NX v20.8.4 Daemon Server] - 2026-10-03T05:45:02.252Z - [REQUEST]: Updated workspace context based on watched changes, recomputing project graph...
[NX v20.8.4 Daemon Server] - 2026-10-03T05:45:02.252Z - [REQUEST]: .nx/workspace-data/source-maps.json,.nx/workspace-data/file-map.json,.nx/workspace-data/project-graph.json
[NX v20.8.4 Daemon Server] - 2026-10-03T05:45:02.252Z - [REQUEST]: .nx/workspace-data/file-map.json~0fe8b26d,.nx/workspace-data/source-maps.json~0fe8b26d,.nx/workspace-data/project-graph.json~0fe8b26d
[NX v20.8.4 Daemon Server] - 2026-10-03T05:45:02.253Z - Time taken for 'hash changed files from watcher' 0.4949170000036247ms
[NX v20.8.4 Daemon Server] - 2026-10-03T05:45:02.262Z - Time taken for 'build-project-configs' 7.148874999998952ms
[NX v20.8.4 Daemon Server] - 2026-10-03T05:45:02.274Z - [SYNC]: collect registered sync generators
[NX v20.8.4 Daemon Server] - 2026-10-03T05:45:02.275Z - [SYNC]: project graph hash is the same, not collecting task sync generators
[NX v20.8.4 Daemon Server] - 2026-10-03T05:45:02.275Z - [SYNC]: nx.json hash is the same, not collecting global sync generators
[NX v20.8.4 Daemon Server] - 2026-10-03T05:45:02.275Z - Time taken for 'total execution time for createProjectGraph()' 9.722208000006503ms
[NX v20.8.4 Daemon Server] - 2026-10-03T05:45:02.338Z - [WATCHER]: 3 file(s) created or restored, 0 file(s) modified, 3 file(s) deleted
[NX v20.8.4 Daemon Server] - 2026-10-03T05:45:02.438Z - [REQUEST]: Updated workspace context based on watched changes, recomputing project graph...
[NX v20.8.4 Daemon Server] - 2026-10-03T05:45:02.438Z - [REQUEST]: .nx/workspace-data/project-graph.json,.nx/workspace-data/source-maps.json,.nx/workspace-data/file-map.json
[NX v20.8.4 Daemon Server] - 2026-10-03T05:45:02.438Z - [REQUEST]: .nx/workspace-data/file-map.json~624725e8,.nx/workspace-data/project-graph.json~624725e8,.nx/workspace-data/source-maps.json~624725e8
[NX v20.8.4 Daemon Server] - 2026-10-03T05:45:02.440Z - Time taken for 'hash changed files from watcher' 0.4515830000018468ms
[NX v20.8.4 Daemon Server] - 2026-10-03T05:45:02.449Z - Time taken for 'build-project-configs' 7.888833999997587ms
[NX v20.8.4 Daemon Server] - 2026-10-03T05:45:02.461Z - [SYNC]: collect registered sync generators
[NX v20.8.4 Daemon Server] - 2026-10-03T05:45:02.461Z - [SYNC]: project graph hash is the same, not collecting task sync generators
[NX v20.8.4 Daemon Server] - 2026-10-03T05:45:02.461Z - [SYNC]: nx.json hash is the same, not collecting global sync generators
[NX v20.8.4 Daemon Server] - 2026-10-03T05:45:02.462Z - Time taken for 'total execution time for createProjectGraph()' 10.022666000004392ms
[NX v20.8.4 Daemon Server] - 2026-10-03T05:45:02.525Z - [WATCHER]: 3 file(s) created or restored, 0 file(s) modified, 3 file(s) deleted
[NX v20.8.4 Daemon Server] - 2026-10-03T05:45:02.625Z - [REQUEST]: Updated workspace context based on watched changes, recomputing project graph...
[NX v20.8.4 Daemon Server] - 2026-10-03T05:45:02.626Z - [REQUEST]: .nx/workspace-data/project-graph.json,.nx/workspace-data/source-maps.json,.nx/workspace-data/file-map.json
[NX v20.8.4 Daemon Server] - 2026-10-03T05:45:02.626Z - [REQUEST]: .nx/workspace-data/source-maps.json~034ddedd,.nx/workspace-data/project-graph.json~034ddedd,.nx/workspace-data/file-map.json~034ddedd
[NX v20.8.4 Daemon Server] - 2026-10-03T05:45:02.627Z - Time taken for 'hash changed files from watcher' 0.4037089999910677ms
[NX v20.8.4 Daemon Server] - 2026-10-03T05:45:02.635Z - Time taken for 'build-project-configs' 6.726332999998704ms
[NX v20.8.4 Daemon Server] - 2026-10-03T05:45:02.648Z - [SYNC]: collect registered sync generators
[NX v20.8.4 Daemon Server] - 2026-10-03T05:45:02.648Z - [SYNC]: project graph hash is the same, not collecting task sync generators
[NX v20.8.4 Daemon Server] - 2026-10-03T05:45:02.648Z - [SYNC]: nx.json hash is the same, not collecting global sync generators
[NX v20.8.4 Daemon Server] - 2026-10-03T05:45:02.648Z - Time taken for 'total execution time for createProjectGraph()' 10.28925000000163ms
[NX v20.8.4 Daemon Server] - 2026-10-03T05:45:02.715Z - [WATCHER]: 3 file(s) created or restored, 0 file(s) modified, 3 file(s) deleted
[NX v20.8.4 Daemon Server] - 2026-10-03T05:45:02.817Z - [REQUEST]: Updated workspace context based on watched changes, recomputing project graph...
[NX v20.8.4 Daemon Server] - 2026-10-03T05:45:02.817Z - [REQUEST]: .nx/workspace-data/file-map.json,.nx/workspace-data/project-graph.json,.nx/workspace-data/source-maps.json
[NX v20.8.4 Daemon Server] - 2026-10-03T05:45:02.817Z - [REQUEST]: .nx/workspace-data/file-map.json~5a39b676,.nx/workspace-data/project-graph.json~5a39b676,.nx/workspace-data/source-maps.json~5a39b676
[NX v20.8.4 Daemon Server] - 2026-10-03T05:45:02.818Z - Time taken for 'hash changed files from watcher' 0.43687500001396984ms
[NX v20.8.4 Daemon Server] - 2026-10-03T05:45:02.826Z - Time taken for 'build-project-configs' 6.95808300000499ms
[NX v20.8.4 Daemon Server] - 2026-10-03T05:45:02.841Z - [SYNC]: collect registered sync generators
[NX v20.8.4 Daemon Server] - 2026-10-03T05:45:02.841Z - [SYNC]: project graph hash is the same, not collecting task sync generators
[NX v20.8.4 Daemon Server] - 2026-10-03T05:45:02.841Z - [SYNC]: nx.json hash is the same, not collecting global sync generators
[NX v20.8.4 Daemon Server] - 2026-10-03T05:45:02.841Z - Time taken for 'total execution time for createProjectGraph()' 11.89191700000083ms
[NX v20.8.4 Daemon Server] - 2026-10-03T05:45:02.906Z - [WATCHER]: 3 file(s) created or restored, 0 file(s) modified, 3 file(s) deleted
[NX v20.8.4 Daemon Server] - 2026-10-03T05:45:03.008Z - [REQUEST]: Updated workspace context based on watched changes, recomputing project graph...
[NX v20.8.4 Daemon Server] - 2026-10-03T05:45:03.008Z - [REQUEST]: .nx/workspace-data/file-map.json,.nx/workspace-data/source-maps.json,.nx/workspace-data/project-graph.json
[NX v20.8.4 Daemon Server] - 2026-10-03T05:45:03.008Z - [REQUEST]: .nx/workspace-data/source-maps.json~f4b2715b,.nx/workspace-data/file-map.json~f4b2715b,.nx/workspace-data/project-graph.json~f4b2715b
[NX v20.8.4 Daemon Server] - 2026-10-03T05:45:03.009Z - Time taken for 'hash changed files from watcher' 0.48325000000477303ms
[NX v20.8.4 Daemon Server] - 2026-10-03T05:45:03.019Z - Time taken for 'build-project-configs' 8.122000000003027ms
[NX v20.8.4 Daemon Server] - 2026-10-03T05:45:03.032Z - [SYNC]: collect registered sync generators
[NX v20.8.4 Daemon Server] - 2026-10-03T05:45:03.032Z - [SYNC]: project graph hash is the same, not collecting task sync generators
[NX v20.8.4 Daemon Server] - 2026-10-03T05:45:03.032Z - [SYNC]: nx.json hash is the same, not collecting global sync generators
[NX v20.8.4 Daemon Server] - 2026-10-03T05:45:03.032Z - Time taken for 'total execution time for createProjectGraph()' 10.41508399999293ms
[NX v20.8.4 Daemon Server] - 2026-10-03T05:45:03.094Z - [WATCHER]: 3 file(s) created or restored, 0 file(s) modified, 3 file(s) deleted
[NX v20.8.4 Daemon Server] - 2026-10-03T05:45:03.194Z - [REQUEST]: Updated workspace context based on watched changes, recomputing project graph...
[NX v20.8.4 Daemon Server] - 2026-10-03T05:45:03.194Z - [REQUEST]: .nx/workspace-data/file-map.json,.nx/workspace-data/project-graph.json,.nx/workspace-data/source-maps.json
[NX v20.8.4 Daemon Server] - 2026-10-03T05:45:03.194Z - [REQUEST]: .nx/workspace-data/file-map.json~7d1b03a7,.nx/workspace-data/project-graph.json~7d1b03a7,.nx/workspace-data/source-maps.json~7d1b03a7
[NX v20.8.4 Daemon Server] - 2026-10-03T05:45:03.196Z - Time taken for 'hash changed files from watcher' 0.4913329999981215ms
[NX v20.8.4 Daemon Server] - 2026-10-03T05:45:03.204Z - Time taken for 'build-project-configs' 6.475040999997873ms
[NX v20.8.4 Daemon Server] - 2026-10-03T05:45:03.216Z - [SYNC]: collect registered sync generators
[NX v20.8.4 Daemon Server] - 2026-10-03T05:45:03.216Z - [SYNC]: project graph hash is the same, not collecting task sync generators
[NX v20.8.4 Daemon Server] - 2026-10-03T05:45:03.216Z - [SYNC]: nx.json hash is the same, not collecting global sync generators
[NX v20.8.4 Daemon Server] - 2026-10-03T05:45:03.216Z - Time taken for 'total execution time for createProjectGraph()' 9.975208000003477ms
[NX v20.8.4 Daemon Server] - 2026-10-03T05:45:03.280Z - [WATCHER]: 3 file(s) created or restored, 0 file(s) modified, 3 file(s) deleted
[NX v20.8.4 Daemon Server] - 2026-10-03T05:45:03.381Z - [REQUEST]: Updated workspace context based on watched changes, recomputing project graph...
[NX v20.8.4 Daemon Server] - 2026-10-03T05:45:03.381Z - [REQUEST]: .nx/workspace-data/source-maps.json,.nx/workspace-data/project-graph.json,.nx/workspace-data/file-map.json
[NX v20.8.4 Daemon Server] - 2026-10-03T05:45:03.381Z - [REQUEST]: .nx/workspace-data/source-maps.json~11273d31,.nx/workspace-data/project-graph.json~11273d31,.nx/workspace-data/file-map.json~11273d31
[NX v20.8.4 Daemon Server] - 2026-10-03T05:45:03.382Z - Time taken for 'hash changed files from watcher' 0.64412500000617ms
[NX v20.8.4 Daemon Server] - 2026-10-03T05:45:03.390Z - Time taken for 'build-project-configs' 6.846333000008599ms
[NX v20.8.4 Daemon Server] - 2026-10-03T05:45:03.404Z - [SYNC]: collect registered sync generators
[NX v20.8.4 Daemon Server] - 2026-10-03T05:45:03.405Z - [SYNC]: project graph hash is the same, not collecting task sync generators
[NX v20.8.4 Daemon Server] - 2026-10-03T05:45:03.405Z - [SYNC]: nx.json hash is the same, not collecting global sync generators
[NX v20.8.4 Daemon Server] - 2026-10-03T05:45:03.405Z - Time taken for 'total execution time for createProjectGraph()' 11.251041000010446ms
[NX v20.8.4 Daemon Server] - 2026-10-03T05:45:03.469Z - [WATCHER]: 3 file(s) created or restored, 0 file(s) modified, 3 file(s) deleted
[NX v20.8.4 Daemon Server] - 2026-10-03T05:45:03.570Z - [REQUEST]: Updated workspace context based on watched changes, recomputing project graph...
[NX v20.8.4 Daemon Server] - 2026-10-03T05:45:03.570Z - [REQUEST]: .nx/workspace-data/project-graph.json,.nx/workspace-data/source-maps.json,.nx/workspace-data/file-map.json
[NX v20.8.4 Daemon Server] - 2026-10-03T05:45:03.570Z - [REQUEST]: .nx/workspace-data/file-map.json~0d2354c2,.nx/workspace-data/project-graph.json~0d2354c2,.nx/workspace-data/source-maps.json~0d2354c2
[NX v20.8.4 Daemon Server] - 2026-10-03T05:45:03.571Z - Time taken for 'hash changed files from watcher' 0.4536250000091968ms
[NX v20.8.4 Daemon Server] - 2026-10-03T05:45:03.580Z - Time taken for 'build-project-configs' 7.731625000000349ms
[NX v20.8.4 Daemon Server] - 2026-10-03T05:45:03.593Z - [SYNC]: collect registered sync generators
[NX v20.8.4 Daemon Server] - 2026-10-03T05:45:03.593Z - [SYNC]: project graph hash is the same, not collecting task sync generators
[NX v20.8.4 Daemon Server] - 2026-10-03T05:45:03.593Z - [SYNC]: nx.json hash is the same, not collecting global sync generators
[NX v20.8.4 Daemon Server] - 2026-10-03T05:45:03.593Z - Time taken for 'total execution time for createProjectGraph()' 9.72645800000464ms
[NX v20.8.4 Daemon Server] - 2026-10-03T05:45:03.659Z - [WATCHER]: 3 file(s) created or restored, 0 file(s) modified, 3 file(s) deleted
[NX v20.8.4 Daemon Server] - 2026-10-03T05:45:03.761Z - [REQUEST]: Updated workspace context based on watched changes, recomputing project graph...
[NX v20.8.4 Daemon Server] - 2026-10-03T05:45:03.761Z - [REQUEST]: .nx/workspace-data/source-maps.json,.nx/workspace-data/file-map.json,.nx/workspace-data/project-graph.json
[NX v20.8.4 Daemon Server] - 2026-10-03T05:45:03.761Z - [REQUEST]: .nx/workspace-data/project-graph.json~462a66b4,.nx/workspace-data/source-maps.json~462a66b4,.nx/workspace-data/file-map.json~462a66b4
[NX v20.8.4 Daemon Server] - 2026-10-03T05:45:03.762Z - Time taken for 'hash changed files from watcher' 0.4838750000053551ms
[NX v20.8.4 Daemon Server] - 2026-10-03T05:45:03.771Z - Time taken for 'build-project-configs' 7.7089580000028946ms
[NX v20.8.4 Daemon Server] - 2026-10-03T05:45:03.787Z - [SYNC]: collect registered sync generators
[NX v20.8.4 Daemon Server] - 2026-10-03T05:45:03.787Z - [SYNC]: project graph hash is the same, not collecting task sync generators
[NX v20.8.4 Daemon Server] - 2026-10-03T05:45:03.787Z - [SYNC]: nx.json hash is the same, not collecting global sync generators
[NX v20.8.4 Daemon Server] - 2026-10-03T05:45:03.787Z - Time taken for 'total execution time for createProjectGraph()' 12.665832999991835ms
[NX v20.8.4 Daemon Server] - 2026-10-03T05:45:03.841Z - [WATCHER]: 3 file(s) created or restored, 0 file(s) modified, 3 file(s) deleted
[NX v20.8.4 Daemon Server] - 2026-10-03T05:45:03.942Z - [REQUEST]: Updated workspace context based on watched changes, recomputing project graph...
[NX v20.8.4 Daemon Server] - 2026-10-03T05:45:03.942Z - [REQUEST]: .nx/workspace-data/source-maps.json,.nx/workspace-data/file-map.json,.nx/workspace-data/project-graph.json
[NX v20.8.4 Daemon Server] - 2026-10-03T05:45:03.942Z - [REQUEST]: .nx/workspace-data/project-graph.json~39a2bee5,.nx/workspace-data/source-maps.json~39a2bee5,.nx/workspace-data/file-map.json~39a2bee5
[NX v20.8.4 Daemon Server] - 2026-10-03T05:45:03.943Z - Time taken for 'hash changed files from watcher' 0.47699999999895226ms
[NX v20.8.4 Daemon Server] - 2026-10-03T05:45:03.951Z - Time taken for 'build-project-configs' 6.589791999998852ms
[NX v20.8.4 Daemon Server] - 2026-10-03T05:45:03.964Z - [SYNC]: collect registered sync generators
[NX v20.8.4 Daemon Server] - 2026-10-03T05:45:03.964Z - [SYNC]: project graph hash is the same, not collecting task sync generators
[NX v20.8.4 Daemon Server] - 2026-10-03T05:45:03.964Z - [SYNC]: nx.json hash is the same, not collecting global sync generators
[NX v20.8.4 Daemon Server] - 2026-10-03T05:45:03.964Z - Time taken for 'total execution time for createProjectGraph()' 9.667040999993333ms
[NX v20.8.4 Daemon Server] - 2026-10-03T05:45:04.044Z - [WATCHER]: 3 file(s) created or restored, 0 file(s) modified, 3 file(s) deleted
[NX v20.8.4 Daemon Server] - 2026-10-03T05:45:04.144Z - [REQUEST]: Updated workspace context based on watched changes, recomputing project graph...
[NX v20.8.4 Daemon Server] - 2026-10-03T05:45:04.144Z - [REQUEST]: .nx/workspace-data/project-graph.json,.nx/workspace-data/source-maps.json,.nx/workspace-data/file-map.json
[NX v20.8.4 Daemon Server] - 2026-10-03T05:45:04.144Z - [REQUEST]: .nx/workspace-data/project-graph.json~1e4b7ec3,.nx/workspace-data/source-maps.json~1e4b7ec3,.nx/workspace-data/file-map.json~1e4b7ec3
[NX v20.8.4 Daemon Server] - 2026-10-03T05:45:04.146Z - Time taken for 'hash changed files from watcher' 0.3886659999989206ms
[NX v20.8.4 Daemon Server] - 2026-10-03T05:45:04.156Z - Time taken for 'build-project-configs' 8.47179199999664ms
[NX v20.8.4 Daemon Server] - 2026-10-03T05:45:04.170Z - [SYNC]: collect registered sync generators
[NX v20.8.4 Daemon Server] - 2026-10-03T05:45:04.171Z - [SYNC]: project graph hash is the same, not collecting task sync generators
[NX v20.8.4 Daemon Server] - 2026-10-03T05:45:04.171Z - [SYNC]: nx.json hash is the same, not collecting global sync generators
[NX v20.8.4 Daemon Server] - 2026-10-03T05:45:04.171Z - Time taken for 'total execution time for createProjectGraph()' 12.161582999993698ms
[NX v20.8.4 Daemon Server] - 2026-10-03T05:45:04.236Z - [WATCHER]: 3 file(s) created or restored, 0 file(s) modified, 3 file(s) deleted
[NX v20.8.4 Daemon Server] - 2026-10-03T05:45:04.336Z - [REQUEST]: Updated workspace context based on watched changes, recomputing project graph...
[NX v20.8.4 Daemon Server] - 2026-10-03T05:45:04.336Z - [REQUEST]: .nx/workspace-data/project-graph.json,.nx/workspace-data/file-map.json,.nx/workspace-data/source-maps.json
[NX v20.8.4 Daemon Server] - 2026-10-03T05:45:04.336Z - [REQUEST]: .nx/workspace-data/source-maps.json~bb3f7939,.nx/workspace-data/project-graph.json~bb3f7939,.nx/workspace-data/file-map.json~bb3f7939
[NX v20.8.4 Daemon Server] - 2026-10-03T05:45:04.337Z - Time taken for 'hash changed files from watcher' 0.38712499999383ms
[NX v20.8.4 Daemon Server] - 2026-10-03T05:45:04.345Z - Time taken for 'build-project-configs' 6.407540999993216ms
[NX v20.8.4 Daemon Server] - 2026-10-03T05:45:04.358Z - [SYNC]: collect registered sync generators
[NX v20.8.4 Daemon Server] - 2026-10-03T05:45:04.358Z - [SYNC]: project graph hash is the same, not collecting task sync generators
[NX v20.8.4 Daemon Server] - 2026-10-03T05:45:04.358Z - [SYNC]: nx.json hash is the same, not collecting global sync generators
[NX v20.8.4 Daemon Server] - 2026-10-03T05:45:04.358Z - Time taken for 'total execution time for createProjectGraph()' 10.495083000001614ms
[NX v20.8.4 Daemon Server] - 2026-10-03T05:45:04.421Z - [WATCHER]: 3 file(s) created or restored, 0 file(s) modified, 3 file(s) deleted
[NX v20.8.4 Daemon Server] - 2026-10-03T05:45:04.522Z - [REQUEST]: Updated workspace context based on watched changes, recomputing project graph...
[NX v20.8.4 Daemon Server] - 2026-10-03T05:45:04.522Z - [REQUEST]: .nx/workspace-data/project-graph.json,.nx/workspace-data/file-map.json,.nx/workspace-data/source-maps.json
[NX v20.8.4 Daemon Server] - 2026-10-03T05:45:04.522Z - [REQUEST]: .nx/workspace-data/project-graph.json~8220524e,.nx/workspace-data/file-map.json~8220524e,.nx/workspace-data/source-maps.json~8220524e
[NX v20.8.4 Daemon Server] - 2026-10-03T05:45:04.523Z - Time taken for 'hash changed files from watcher' 0.6323750000010477ms
[NX v20.8.4 Daemon Server] - 2026-10-03T05:45:04.531Z - Time taken for 'build-project-configs' 6.7777920000080485ms
[NX v20.8.4 Daemon Server] - 2026-10-03T05:45:04.544Z - [SYNC]: collect registered sync generators
[NX v20.8.4 Daemon Server] - 2026-10-03T05:45:04.545Z - [SYNC]: project graph hash is the same, not collecting task sync generators
[NX v20.8.4 Daemon Server] - 2026-10-03T05:45:04.545Z - [SYNC]: nx.json hash is the same, not collecting global sync generators
[NX v20.8.4 Daemon Server] - 2026-10-03T05:45:04.545Z - Time taken for 'total execution time for createProjectGraph()' 9.942665999988094ms
[NX v20.8.4 Daemon Server] - 2026-10-03T05:45:04.608Z - [WATCHER]: 3 file(s) created or restored, 0 file(s) modified, 3 file(s) deleted
[NX v20.8.4 Daemon Server] - 2026-10-03T05:45:04.714Z - [REQUEST]: Updated workspace context based on watched changes, recomputing project graph...
[NX v20.8.4 Daemon Server] - 2026-10-03T05:45:04.714Z - [REQUEST]: .nx/workspace-data/project-graph.json,.nx/workspace-data/source-maps.json,.nx/workspace-data/file-map.json
[NX v20.8.4 Daemon Server] - 2026-10-03T05:45:04.714Z - [REQUEST]: .nx/workspace-data/source-maps.json~151a2658,.nx/workspace-data/file-map.json~151a2658,.nx/workspace-data/project-graph.json~151a2658
[NX v20.8.4 Daemon Server] - 2026-10-03T05:45:04.715Z - Time taken for 'hash changed files from watcher' 0.39637499999662396ms
[NX v20.8.4 Daemon Server] - 2026-10-03T05:45:04.725Z - Time taken for 'build-project-configs' 8.519499999994878ms
[NX v20.8.4 Daemon Server] - 2026-10-03T05:45:04.737Z - [SYNC]: collect registered sync generators
[NX v20.8.4 Daemon Server] - 2026-10-03T05:45:04.738Z - [SYNC]: project graph hash is the same, not collecting task sync generators
[NX v20.8.4 Daemon Server] - 2026-10-03T05:45:04.738Z - [SYNC]: nx.json hash is the same, not collecting global sync generators
[NX v20.8.4 Daemon Server] - 2026-10-03T05:45:04.738Z - Time taken for 'total execution time for createProjectGraph()' 9.802624999996624ms
[NX v20.8.4 Daemon Server] - 2026-10-03T05:45:04.800Z - [WATCHER]: 3 file(s) created or restored, 0 file(s) modified, 3 file(s) deleted
[NX v20.8.4 Daemon Server] - 2026-10-03T05:45:04.901Z - [REQUEST]: Updated workspace context based on watched changes, recomputing project graph...
[NX v20.8.4 Daemon Server] - 2026-10-03T05:45:04.901Z - [REQUEST]: .nx/workspace-data/project-graph.json,.nx/workspace-data/source-maps.json,.nx/workspace-data/file-map.json
[NX v20.8.4 Daemon Server] - 2026-10-03T05:45:04.901Z - [REQUEST]: .nx/workspace-data/source-maps.json~ba968e5b,.nx/workspace-data/file-map.json~ba968e5b,.nx/workspace-data/project-graph.json~ba968e5b
[NX v20.8.4 Daemon Server] - 2026-10-03T05:45:04.902Z - Time taken for 'hash changed files from watcher' 0.41308300000673626ms
[NX v20.8.4 Daemon Server] - 2026-10-03T05:45:04.910Z - Time taken for 'build-project-configs' 6.462958999996772ms
[NX v20.8.4 Daemon Server] - 2026-10-03T05:45:04.923Z - [SYNC]: collect registered sync generators
[NX v20.8.4 Daemon Server] - 2026-10-03T05:45:04.923Z - [SYNC]: project graph hash is the same, not collecting task sync generators
[NX v20.8.4 Daemon Server] - 2026-10-03T05:45:04.923Z - [SYNC]: nx.json hash is the same, not collecting global sync generators
[NX v20.8.4 Daemon Server] - 2026-10-03T05:45:04.923Z - Time taken for 'total execution time for createProjectGraph()' 10.465874999994412ms
[NX v20.8.4 Daemon Server] - 2026-10-03T05:45:04.985Z - [WATCHER]: 3 file(s) created or restored, 0 file(s) modified, 3 file(s) deleted
[NX v20.8.4 Daemon Server] - 2026-10-03T05:45:05.086Z - [REQUEST]: Updated workspace context based on watched changes, recomputing project graph...
[NX v20.8.4 Daemon Server] - 2026-10-03T05:45:05.086Z - [REQUEST]: .nx/workspace-data/file-map.json,.nx/workspace-data/project-graph.json,.nx/workspace-data/source-maps.json
[NX v20.8.4 Daemon Server] - 2026-10-03T05:45:05.087Z - [REQUEST]: .nx/workspace-data/source-maps.json~e4007497,.nx/workspace-data/project-graph.json~e4007497,.nx/workspace-data/file-map.json~e4007497
[NX v20.8.4 Daemon Server] - 2026-10-03T05:45:05.087Z - Time taken for 'hash changed files from watcher' 0.47266600000148173ms
[NX v20.8.4 Daemon Server] - 2026-10-03T05:45:05.095Z - Time taken for 'build-project-configs' 6.49612499999057ms
[NX v20.8.4 Daemon Server] - 2026-10-03T05:45:05.108Z - [SYNC]: collect registered sync generators
[NX v20.8.4 Daemon Server] - 2026-10-03T05:45:05.108Z - [SYNC]: project graph hash is the same, not collecting task sync generators
[NX v20.8.4 Daemon Server] - 2026-10-03T05:45:05.108Z - [SYNC]: nx.json hash is the same, not collecting global sync generators
[NX v20.8.4 Daemon Server] - 2026-10-03T05:45:05.108Z - Time taken for 'total execution time for createProjectGraph()' 10.081875000003492ms
[NX v20.8.4 Daemon Server] - 2026-10-03T05:45:05.172Z - [WATCHER]: 3 file(s) created or restored, 0 file(s) modified, 3 file(s) deleted
[NX v20.8.4 Daemon Server] - 2026-10-03T05:45:05.273Z - [REQUEST]: Updated workspace context based on watched changes, recomputing project graph...
[NX v20.8.4 Daemon Server] - 2026-10-03T05:45:05.273Z - [REQUEST]: .nx/workspace-data/project-graph.json,.nx/workspace-data/file-map.json,.nx/workspace-data/source-maps.json
[NX v20.8.4 Daemon Server] - 2026-10-03T05:45:05.273Z - [REQUEST]: .nx/workspace-data/file-map.json~593dce0f,.nx/workspace-data/source-maps.json~593dce0f,.nx/workspace-data/project-graph.json~593dce0f
[NX v20.8.4 Daemon Server] - 2026-10-03T05:45:05.274Z - Time taken for 'hash changed files from watcher' 0.42216699999698903ms
[NX v20.8.4 Daemon Server] - 2026-10-03T05:45:05.284Z - Time taken for 'build-project-configs' 7.79787499998929ms
[NX v20.8.4 Daemon Server] - 2026-10-03T05:45:05.296Z - [SYNC]: collect registered sync generators
[NX v20.8.4 Daemon Server] - 2026-10-03T05:45:05.297Z - [SYNC]: project graph hash is the same, not collecting task sync generators
[NX v20.8.4 Daemon Server] - 2026-10-03T05:45:05.297Z - [SYNC]: nx.json hash is the same, not collecting global sync generators
[NX v20.8.4 Daemon Server] - 2026-10-03T05:45:05.297Z - Time taken for 'total execution time for createProjectGraph()' 9.77499999999418ms
[NX v20.8.4 Daemon Server] - 2026-10-03T05:45:05.360Z - [WATCHER]: 3 file(s) created or restored, 0 file(s) modified, 3 file(s) deleted
[NX v20.8.4 Daemon Server] - 2026-10-03T05:45:05.460Z - [REQUEST]: Updated workspace context based on watched changes, recomputing project graph...
[NX v20.8.4 Daemon Server] - 2026-10-03T05:45:05.460Z - [REQUEST]: .nx/workspace-data/file-map.json,.nx/workspace-data/source-maps.json,.nx/workspace-data/project-graph.json
[NX v20.8.4 Daemon Server] - 2026-10-03T05:45:05.460Z - [REQUEST]: .nx/workspace-data/source-maps.json~2d0c8920,.nx/workspace-data/project-graph.json~2d0c8920,.nx/workspace-data/file-map.json~2d0c8920
[NX v20.8.4 Daemon Server] - 2026-10-03T05:45:05.462Z - Time taken for 'hash changed files from watcher' 0.5140830000018468ms
[NX v20.8.4 Daemon Server] - 2026-10-03T05:45:05.469Z - Time taken for 'build-project-configs' 6.337541000000783ms
[NX v20.8.4 Daemon Server] - 2026-10-03T05:45:05.483Z - [SYNC]: collect registered sync generators
[NX v20.8.4 Daemon Server] - 2026-10-03T05:45:05.483Z - [SYNC]: project graph hash is the same, not collecting task sync generators
[NX v20.8.4 Daemon Server] - 2026-10-03T05:45:05.483Z - [SYNC]: nx.json hash is the same, not collecting global sync generators
[NX v20.8.4 Daemon Server] - 2026-10-03T05:45:05.483Z - Time taken for 'total execution time for createProjectGraph()' 10.613790999996127ms
[NX v20.8.4 Daemon Server] - 2026-10-03T05:45:05.547Z - [WATCHER]: 3 file(s) created or restored, 0 file(s) modified, 3 file(s) deleted
[NX v20.8.4 Daemon Server] - 2026-10-03T05:45:05.648Z - [REQUEST]: Updated workspace context based on watched changes, recomputing project graph...
[NX v20.8.4 Daemon Server] - 2026-10-03T05:45:05.648Z - [REQUEST]: .nx/workspace-data/project-graph.json,.nx/workspace-data/source-maps.json,.nx/workspace-data/file-map.json
[NX v20.8.4 Daemon Server] - 2026-10-03T05:45:05.648Z - [REQUEST]: .nx/workspace-data/source-maps.json~a18fd5ab,.nx/workspace-data/file-map.json~a18fd5ab,.nx/workspace-data/project-graph.json~a18fd5ab
[NX v20.8.4 Daemon Server] - 2026-10-03T05:45:05.649Z - Time taken for 'hash changed files from watcher' 0.43979099999705795ms
[NX v20.8.4 Daemon Server] - 2026-10-03T05:45:05.657Z - Time taken for 'build-project-configs' 6.6773339999926975ms
[NX v20.8.4 Daemon Server] - 2026-10-03T05:45:05.670Z - [SYNC]: collect registered sync generators
[NX v20.8.4 Daemon Server] - 2026-10-03T05:45:05.670Z - [SYNC]: project graph hash is the same, not collecting task sync generators
[NX v20.8.4 Daemon Server] - 2026-10-03T05:45:05.670Z - [SYNC]: nx.json hash is the same, not collecting global sync generators
[NX v20.8.4 Daemon Server] - 2026-10-03T05:45:05.670Z - Time taken for 'total execution time for createProjectGraph()' 9.655333999995491ms
[NX v20.8.4 Daemon Server] - 2026-10-03T05:45:05.730Z - [WATCHER]: 3 file(s) created or restored, 0 file(s) modified, 3 file(s) deleted
[NX v20.8.4 Daemon Server] - 2026-10-03T05:45:05.830Z - [REQUEST]: Updated workspace context based on watched changes, recomputing project graph...
[NX v20.8.4 Daemon Server] - 2026-10-03T05:45:05.830Z - [REQUEST]: .nx/workspace-data/source-maps.json,.nx/workspace-data/file-map.json,.nx/workspace-data/project-graph.json
[NX v20.8.4 Daemon Server] - 2026-10-03T05:45:05.830Z - [REQUEST]: .nx/workspace-data/file-map.json~2affdd4c,.nx/workspace-data/project-graph.json~2affdd4c,.nx/workspace-data/source-maps.json~2affdd4c
[NX v20.8.4 Daemon Server] - 2026-10-03T05:45:05.831Z - Time taken for 'hash changed files from watcher' 0.46900000001187436ms
[NX v20.8.4 Daemon Server] - 2026-10-03T05:45:05.840Z - Time taken for 'build-project-configs' 7.052916999993613ms
[NX v20.8.4 Daemon Server] - 2026-10-03T05:45:05.853Z - [SYNC]: collect registered sync generators
[NX v20.8.4 Daemon Server] - 2026-10-03T05:45:05.854Z - [SYNC]: project graph hash is the same, not collecting task sync generators
[NX v20.8.4 Daemon Server] - 2026-10-03T05:45:05.854Z - [SYNC]: nx.json hash is the same, not collecting global sync generators
[NX v20.8.4 Daemon Server] - 2026-10-03T05:45:05.854Z - Time taken for 'total execution time for createProjectGraph()' 9.407791999998153ms
[NX v20.8.4 Daemon Server] - 2026-10-03T05:45:05.917Z - [WATCHER]: 3 file(s) created or restored, 0 file(s) modified, 3 file(s) deleted
[NX v20.8.4 Daemon Server] - 2026-10-03T05:45:06.017Z - [REQUEST]: Updated workspace context based on watched changes, recomputing project graph...
[NX v20.8.4 Daemon Server] - 2026-10-03T05:45:06.017Z - [REQUEST]: .nx/workspace-data/project-graph.json,.nx/workspace-data/file-map.json,.nx/workspace-data/source-maps.json
[NX v20.8.4 Daemon Server] - 2026-10-03T05:45:06.017Z - [REQUEST]: .nx/workspace-data/source-maps.json~ca5f0c82,.nx/workspace-data/file-map.json~ca5f0c82,.nx/workspace-data/project-graph.json~ca5f0c82
[NX v20.8.4 Daemon Server] - 2026-10-03T05:45:06.018Z - Time taken for 'hash changed files from watcher' 0.35916700000234414ms
[NX v20.8.4 Daemon Server] - 2026-10-03T05:45:06.026Z - Time taken for 'build-project-configs' 6.524583000005805ms
[NX v20.8.4 Daemon Server] - 2026-10-03T05:45:06.041Z - [SYNC]: collect registered sync generators
[NX v20.8.4 Daemon Server] - 2026-10-03T05:45:06.041Z - [SYNC]: project graph hash is the same, not collecting task sync generators
[NX v20.8.4 Daemon Server] - 2026-10-03T05:45:06.041Z - [SYNC]: nx.json hash is the same, not collecting global sync generators
[NX v20.8.4 Daemon Server] - 2026-10-03T05:45:06.041Z - Time taken for 'total execution time for createProjectGraph()' 10.426624999992782ms
[NX v20.8.4 Daemon Server] - 2026-10-03T05:45:06.102Z - [WATCHER]: 3 file(s) created or restored, 0 file(s) modified, 3 file(s) deleted
[NX v20.8.4 Daemon Server] - 2026-10-03T05:45:06.203Z - [REQUEST]: Updated workspace context based on watched changes, recomputing project graph...
[NX v20.8.4 Daemon Server] - 2026-10-03T05:45:06.203Z - [REQUEST]: .nx/workspace-data/project-graph.json,.nx/workspace-data/file-map.json,.nx/workspace-data/source-maps.json
[NX v20.8.4 Daemon Server] - 2026-10-03T05:45:06.203Z - [REQUEST]: .nx/workspace-data/source-maps.json~4e13ad5d,.nx/workspace-data/file-map.json~4e13ad5d,.nx/workspace-data/project-graph.json~4e13ad5d
[NX v20.8.4 Daemon Server] - 2026-10-03T05:45:06.204Z - Time taken for 'hash changed files from watcher' 0.45854200000758283ms
[NX v20.8.4 Daemon Server] - 2026-10-03T05:45:06.212Z - Time taken for 'build-project-configs' 6.59908300000825ms
[NX v20.8.4 Daemon Server] - 2026-10-03T05:45:06.226Z - [SYNC]: collect registered sync generators
[NX v20.8.4 Daemon Server] - 2026-10-03T05:45:06.226Z - [SYNC]: project graph hash is the same, not collecting task sync generators
[NX v20.8.4 Daemon Server] - 2026-10-03T05:45:06.226Z - [SYNC]: nx.json hash is the same, not collecting global sync generators
[NX v20.8.4 Daemon Server] - 2026-10-03T05:45:06.226Z - Time taken for 'total execution time for createProjectGraph()' 10.132791999989422ms
[NX v20.8.4 Daemon Server] - 2026-10-03T05:45:06.289Z - [WATCHER]: 3 file(s) created or restored, 0 file(s) modified, 3 file(s) deleted
[NX v20.8.4 Daemon Server] - 2026-10-03T05:45:06.390Z - [REQUEST]: Updated workspace context based on watched changes, recomputing project graph...
[NX v20.8.4 Daemon Server] - 2026-10-03T05:45:06.390Z - [REQUEST]: .nx/workspace-data/project-graph.json,.nx/workspace-data/file-map.json,.nx/workspace-data/source-maps.json
[NX v20.8.4 Daemon Server] - 2026-10-03T05:45:06.390Z - [REQUEST]: .nx/workspace-data/file-map.json~6e6e61d4,.nx/workspace-data/source-maps.json~6e6e61d4,.nx/workspace-data/project-graph.json~6e6e61d4
[NX v20.8.4 Daemon Server] - 2026-10-03T05:45:06.391Z - Time taken for 'hash changed files from watcher' 0.4668329999985872ms
[NX v20.8.4 Daemon Server] - 2026-10-03T05:45:06.401Z - Time taken for 'build-project-configs' 8.503791999988607ms
[NX v20.8.4 Daemon Server] - 2026-10-03T05:45:06.414Z - [SYNC]: collect registered sync generators
[NX v20.8.4 Daemon Server] - 2026-10-03T05:45:06.414Z - [SYNC]: project graph hash is the same, not collecting task sync generators
[NX v20.8.4 Daemon Server] - 2026-10-03T05:45:06.414Z - [SYNC]: nx.json hash is the same, not collecting global sync generators
[NX v20.8.4 Daemon Server] - 2026-10-03T05:45:06.414Z - Time taken for 'total execution time for createProjectGraph()' 9.956374999994296ms
[NX v20.8.4 Daemon Server] - 2026-10-03T05:45:06.476Z - [WATCHER]: 3 file(s) created or restored, 0 file(s) modified, 3 file(s) deleted
[NX v20.8.4 Daemon Server] - 2026-10-03T05:45:06.576Z - [REQUEST]: Updated workspace context based on watched changes, recomputing project graph...
[NX v20.8.4 Daemon Server] - 2026-10-03T05:45:06.577Z - [REQUEST]: .nx/workspace-data/project-graph.json,.nx/workspace-data/source-maps.json,.nx/workspace-data/file-map.json
[NX v20.8.4 Daemon Server] - 2026-10-03T05:45:06.577Z - [REQUEST]: .nx/workspace-data/source-maps.json~860ff54c,.nx/workspace-data/project-graph.json~860ff54c,.nx/workspace-data/file-map.json~860ff54c
[NX v20.8.4 Daemon Server] - 2026-10-03T05:45:06.578Z - Time taken for 'hash changed files from watcher' 0.4540830000041751ms
[NX v20.8.4 Daemon Server] - 2026-10-03T05:45:06.586Z - Time taken for 'build-project-configs' 6.569082999994862ms
[NX v20.8.4 Daemon Server] - 2026-10-03T05:45:06.600Z - [SYNC]: collect registered sync generators
[NX v20.8.4 Daemon Server] - 2026-10-03T05:45:06.600Z - [SYNC]: project graph hash is the same, not collecting task sync generators
[NX v20.8.4 Daemon Server] - 2026-10-03T05:45:06.600Z - [SYNC]: nx.json hash is the same, not collecting global sync generators
[NX v20.8.4 Daemon Server] - 2026-10-03T05:45:06.600Z - Time taken for 'total execution time for createProjectGraph()' 10.106291999996756ms
[NX v20.8.4 Daemon Server] - 2026-10-03T05:45:06.663Z - [WATCHER]: 3 file(s) created or restored, 0 file(s) modified, 3 file(s) deleted
[NX v20.8.4 Daemon Server] - 2026-10-03T05:45:06.763Z - [REQUEST]: Updated workspace context based on watched changes, recomputing project graph...
[NX v20.8.4 Daemon Server] - 2026-10-03T05:45:06.763Z - [REQUEST]: .nx/workspace-data/source-maps.json,.nx/workspace-data/file-map.json,.nx/workspace-data/project-graph.json
[NX v20.8.4 Daemon Server] - 2026-10-03T05:45:06.763Z - [REQUEST]: .nx/workspace-data/project-graph.json~2d06178a,.nx/workspace-data/file-map.json~2d06178a,.nx/workspace-data/source-maps.json~2d06178a
[NX v20.8.4 Daemon Server] - 2026-10-03T05:45:06.764Z - Time taken for 'hash changed files from watcher' 0.5428339999925811ms
[NX v20.8.4 Daemon Server] - 2026-10-03T05:45:06.772Z - Time taken for 'build-project-configs' 6.351582999996026ms
[NX v20.8.4 Daemon Server] - 2026-10-03T05:45:06.786Z - [SYNC]: collect registered sync generators
[NX v20.8.4 Daemon Server] - 2026-10-03T05:45:06.787Z - [SYNC]: project graph hash is the same, not collecting task sync generators
[NX v20.8.4 Daemon Server] - 2026-10-03T05:45:06.787Z - [SYNC]: nx.json hash is the same, not collecting global sync generators
[NX v20.8.4 Daemon Server] - 2026-10-03T05:45:06.787Z - Time taken for 'total execution time for createProjectGraph()' 11.238834000003408ms
[NX v20.8.4 Daemon Server] - 2026-10-03T05:45:06.849Z - [WATCHER]: 3 file(s) created or restored, 0 file(s) modified, 3 file(s) deleted
[NX v20.8.4 Daemon Server] - 2026-10-03T05:45:06.951Z - [REQUEST]: Updated workspace context based on watched changes, recomputing project graph...
[NX v20.8.4 Daemon Server] - 2026-10-03T05:45:06.951Z - [REQUEST]: .nx/workspace-data/source-maps.json,.nx/workspace-data/project-graph.json,.nx/workspace-data/file-map.json
[NX v20.8.4 Daemon Server] - 2026-10-03T05:45:06.951Z - [REQUEST]: .nx/workspace-data/source-maps.json~3099f937,.nx/workspace-data/file-map.json~3099f937,.nx/workspace-data/project-graph.json~3099f937
[NX v20.8.4 Daemon Server] - 2026-10-03T05:45:06.952Z - Time taken for 'hash changed files from watcher' 0.5089169999992009ms
[NX v20.8.4 Daemon Server] - 2026-10-03T05:45:06.961Z - Time taken for 'build-project-configs' 7.600416999994195ms
[NX v20.8.4 Daemon Server] - 2026-10-03T05:45:06.974Z - [SYNC]: collect registered sync generators
[NX v20.8.4 Daemon Server] - 2026-10-03T05:45:06.974Z - [SYNC]: project graph hash is the same, not collecting task sync generators
[NX v20.8.4 Daemon Server] - 2026-10-03T05:45:06.974Z - [SYNC]: nx.json hash is the same, not collecting global sync generators
[NX v20.8.4 Daemon Server] - 2026-10-03T05:45:06.974Z - Time taken for 'total execution time for createProjectGraph()' 9.489832999999635ms
[NX v20.8.4 Daemon Server] - 2026-10-03T05:45:07.036Z - [WATCHER]: 3 file(s) created or restored, 0 file(s) modified, 3 file(s) deleted
[NX v20.8.4 Daemon Server] - 2026-10-03T05:45:07.136Z - [REQUEST]: Updated workspace context based on watched changes, recomputing project graph...
[NX v20.8.4 Daemon Server] - 2026-10-03T05:45:07.136Z - [REQUEST]: .nx/workspace-data/file-map.json,.nx/workspace-data/project-graph.json,.nx/workspace-data/source-maps.json
[NX v20.8.4 Daemon Server] - 2026-10-03T05:45:07.136Z - [REQUEST]: .nx/workspace-data/file-map.json~c81139ab,.nx/workspace-data/project-graph.json~c81139ab,.nx/workspace-data/source-maps.json~c81139ab
[NX v20.8.4 Daemon Server] - 2026-10-03T05:45:07.137Z - Time taken for 'hash changed files from watcher' 0.45083300000987947ms
[NX v20.8.4 Daemon Server] - 2026-10-03T05:45:07.145Z - Time taken for 'build-project-configs' 6.25449999999546ms
[NX v20.8.4 Daemon Server] - 2026-10-03T05:45:07.157Z - [SYNC]: collect registered sync generators
[NX v20.8.4 Daemon Server] - 2026-10-03T05:45:07.157Z - [SYNC]: project graph hash is the same, not collecting task sync generators
[NX v20.8.4 Daemon Server] - 2026-10-03T05:45:07.157Z - [SYNC]: nx.json hash is the same, not collecting global sync generators
[NX v20.8.4 Daemon Server] - 2026-10-03T05:45:07.157Z - Time taken for 'total execution time for createProjectGraph()' 9.128292000008514ms
[NX v20.8.4 Daemon Server] - 2026-10-03T05:45:07.221Z - [WATCHER]: 3 file(s) created or restored, 0 file(s) modified, 3 file(s) deleted
[NX v20.8.4 Daemon Server] - 2026-10-03T05:45:07.322Z - [REQUEST]: Updated workspace context based on watched changes, recomputing project graph...
[NX v20.8.4 Daemon Server] - 2026-10-03T05:45:07.322Z - [REQUEST]: .nx/workspace-data/project-graph.json,.nx/workspace-data/source-maps.json,.nx/workspace-data/file-map.json
[NX v20.8.4 Daemon Server] - 2026-10-03T05:45:07.322Z - [REQUEST]: .nx/workspace-data/project-graph.json~8e32b6ed,.nx/workspace-data/file-map.json~8e32b6ed,.nx/workspace-data/source-maps.json~8e32b6ed
[NX v20.8.4 Daemon Server] - 2026-10-03T05:45:07.323Z - Time taken for 'hash changed files from watcher' 0.4561249999969732ms
[NX v20.8.4 Daemon Server] - 2026-10-03T05:45:07.330Z - Time taken for 'build-project-configs' 6.1979580000042915ms
[NX v20.8.4 Daemon Server] - 2026-10-03T05:45:07.343Z - [SYNC]: collect registered sync generators
[NX v20.8.4 Daemon Server] - 2026-10-03T05:45:07.343Z - [SYNC]: project graph hash is the same, not collecting task sync generators
[NX v20.8.4 Daemon Server] - 2026-10-03T05:45:07.343Z - [SYNC]: nx.json hash is the same, not collecting global sync generators
[NX v20.8.4 Daemon Server] - 2026-10-03T05:45:07.343Z - Time taken for 'total execution time for createProjectGraph()' 9.644375000003492ms
[NX v20.8.4 Daemon Server] - 2026-10-03T05:45:07.407Z - [WATCHER]: 3 file(s) created or restored, 0 file(s) modified, 3 file(s) deleted
[NX v20.8.4 Daemon Server] - 2026-10-03T05:45:07.507Z - [REQUEST]: Updated workspace context based on watched changes, recomputing project graph...
[NX v20.8.4 Daemon Server] - 2026-10-03T05:45:07.508Z - [REQUEST]: .nx/workspace-data/project-graph.json,.nx/workspace-data/source-maps.json,.nx/workspace-data/file-map.json
[NX v20.8.4 Daemon Server] - 2026-10-03T05:45:07.508Z - [REQUEST]: .nx/workspace-data/project-graph.json~7d90b477,.nx/workspace-data/source-maps.json~7d90b477,.nx/workspace-data/file-map.json~7d90b477
[NX v20.8.4 Daemon Server] - 2026-10-03T05:45:07.509Z - Time taken for 'hash changed files from watcher' 0.40241599999717437ms
[NX v20.8.4 Daemon Server] - 2026-10-03T05:45:07.517Z - Time taken for 'build-project-configs' 7.318583000000217ms
[NX v20.8.4 Daemon Server] - 2026-10-03T05:45:07.531Z - [SYNC]: collect registered sync generators
[NX v20.8.4 Daemon Server] - 2026-10-03T05:45:07.531Z - [SYNC]: project graph hash is the same, not collecting task sync generators
[NX v20.8.4 Daemon Server] - 2026-10-03T05:45:07.531Z - [SYNC]: nx.json hash is the same, not collecting global sync generators
[NX v20.8.4 Daemon Server] - 2026-10-03T05:45:07.531Z - Time taken for 'total execution time for createProjectGraph()' 9.579833000010694ms
[NX v20.8.4 Daemon Server] - 2026-10-03T05:45:07.590Z - [WATCHER]: 3 file(s) created or restored, 0 file(s) modified, 3 file(s) deleted
[NX v20.8.4 Daemon Server] - 2026-10-03T05:45:07.690Z - [REQUEST]: Updated workspace context based on watched changes, recomputing project graph...
[NX v20.8.4 Daemon Server] - 2026-10-03T05:45:07.690Z - [REQUEST]: .nx/workspace-data/file-map.json,.nx/workspace-data/source-maps.json,.nx/workspace-data/project-graph.json
[NX v20.8.4 Daemon Server] - 2026-10-03T05:45:07.690Z - [REQUEST]: .nx/workspace-data/file-map.json~95a6aacc,.nx/workspace-data/project-graph.json~95a6aacc,.nx/workspace-data/source-maps.json~95a6aacc
[NX v20.8.4 Daemon Server] - 2026-10-03T05:45:07.692Z - Time taken for 'hash changed files from watcher' 0.48258299998997245ms
[NX v20.8.4 Daemon Server] - 2026-10-03T05:45:07.700Z - Time taken for 'build-project-configs' 6.936791000000085ms
[NX v20.8.4 Daemon Server] - 2026-10-03T05:45:07.717Z - [SYNC]: collect registered sync generators
[NX v20.8.4 Daemon Server] - 2026-10-03T05:45:07.717Z - [SYNC]: project graph hash is the same, not collecting task sync generators
[NX v20.8.4 Daemon Server] - 2026-10-03T05:45:07.717Z - [SYNC]: nx.json hash is the same, not collecting global sync generators
[NX v20.8.4 Daemon Server] - 2026-10-03T05:45:07.717Z - Time taken for 'total execution time for createProjectGraph()' 9.878958000001148ms
[NX v20.8.4 Daemon Server] - 2026-10-03T05:45:07.777Z - [WATCHER]: 3 file(s) created or restored, 0 file(s) modified, 3 file(s) deleted
[NX v20.8.4 Daemon Server] - 2026-10-03T05:45:07.878Z - [REQUEST]: Updated workspace context based on watched changes, recomputing project graph...
[NX v20.8.4 Daemon Server] - 2026-10-03T05:45:07.878Z - [REQUEST]: .nx/workspace-data/source-maps.json,.nx/workspace-data/project-graph.json,.nx/workspace-data/file-map.json
[NX v20.8.4 Daemon Server] - 2026-10-03T05:45:07.878Z - [REQUEST]: .nx/workspace-data/source-maps.json~6d8b970b,.nx/workspace-data/project-graph.json~6d8b970b,.nx/workspace-data/file-map.json~6d8b970b
[NX v20.8.4 Daemon Server] - 2026-10-03T05:45:07.879Z - Time taken for 'hash changed files from watcher' 0.4133339999971213ms
[NX v20.8.4 Daemon Server] - 2026-10-03T05:45:07.886Z - Time taken for 'build-project-configs' 6.39412500000617ms
[NX v20.8.4 Daemon Server] - 2026-10-03T05:45:07.899Z - [SYNC]: collect registered sync generators
[NX v20.8.4 Daemon Server] - 2026-10-03T05:45:07.900Z - [SYNC]: project graph hash is the same, not collecting task sync generators
[NX v20.8.4 Daemon Server] - 2026-10-03T05:45:07.900Z - [SYNC]: nx.json hash is the same, not collecting global sync generators
[NX v20.8.4 Daemon Server] - 2026-10-03T05:45:07.900Z - Time taken for 'total execution time for createProjectGraph()' 10.234041999996407ms
[NX v20.8.4 Daemon Server] - 2026-10-03T05:45:07.966Z - [WATCHER]: 3 file(s) created or restored, 0 file(s) modified, 3 file(s) deleted
[NX v20.8.4 Daemon Server] - 2026-10-03T05:45:08.067Z - [REQUEST]: Updated workspace context based on watched changes, recomputing project graph...
[NX v20.8.4 Daemon Server] - 2026-10-03T05:45:08.067Z - [REQUEST]: .nx/workspace-data/file-map.json,.nx/workspace-data/source-maps.json,.nx/workspace-data/project-graph.json
[NX v20.8.4 Daemon Server] - 2026-10-03T05:45:08.067Z - [REQUEST]: .nx/workspace-data/file-map.json~30ccad91,.nx/workspace-data/project-graph.json~30ccad91,.nx/workspace-data/source-maps.json~30ccad91
[NX v20.8.4 Daemon Server] - 2026-10-03T05:45:08.068Z - Time taken for 'hash changed files from watcher' 0.5279580000060378ms
[NX v20.8.4 Daemon Server] - 2026-10-03T05:45:08.077Z - Time taken for 'build-project-configs' 7.478082999994513ms
[NX v20.8.4 Daemon Server] - 2026-10-03T05:45:08.092Z - [SYNC]: collect registered sync generators
[NX v20.8.4 Daemon Server] - 2026-10-03T05:45:08.092Z - [SYNC]: project graph hash is the same, not collecting task sync generators
[NX v20.8.4 Daemon Server] - 2026-10-03T05:45:08.092Z - [SYNC]: nx.json hash is the same, not collecting global sync generators
[NX v20.8.4 Daemon Server] - 2026-10-03T05:45:08.092Z - Time taken for 'total execution time for createProjectGraph()' 11.24216599999636ms
[NX v20.8.4 Daemon Server] - 2026-10-03T05:45:08.154Z - [WATCHER]: 3 file(s) created or restored, 0 file(s) modified, 3 file(s) deleted
[NX v20.8.4 Daemon Server] - 2026-10-03T05:45:08.254Z - [REQUEST]: Updated workspace context based on watched changes, recomputing project graph...
[NX v20.8.4 Daemon Server] - 2026-10-03T05:45:08.254Z - [REQUEST]: .nx/workspace-data/source-maps.json,.nx/workspace-data/project-graph.json,.nx/workspace-data/file-map.json
[NX v20.8.4 Daemon Server] - 2026-10-03T05:45:08.254Z - [REQUEST]: .nx/workspace-data/project-graph.json~d4645d12,.nx/workspace-data/file-map.json~d4645d12,.nx/workspace-data/source-maps.json~d4645d12
[NX v20.8.4 Daemon Server] - 2026-10-03T05:45:08.256Z - Time taken for 'hash changed files from watcher' 0.48208400000294205ms
[NX v20.8.4 Daemon Server] - 2026-10-03T05:45:08.264Z - Time taken for 'build-project-configs' 6.828125ms
[NX v20.8.4 Daemon Server] - 2026-10-03T05:45:08.278Z - [SYNC]: collect registered sync generators
[NX v20.8.4 Daemon Server] - 2026-10-03T05:45:08.278Z - [SYNC]: project graph hash is the same, not collecting task sync generators
[NX v20.8.4 Daemon Server] - 2026-10-03T05:45:08.278Z - [SYNC]: nx.json hash is the same, not collecting global sync generators
[NX v20.8.4 Daemon Server] - 2026-10-03T05:45:08.278Z - Time taken for 'total execution time for createProjectGraph()' 11.012249999999767ms
[NX v20.8.4 Daemon Server] - 2026-10-03T05:45:08.341Z - [WATCHER]: 4 file(s) created or restored, 0 file(s) modified, 4 file(s) deleted
[NX v20.8.4 Daemon Server] - 2026-10-03T05:45:08.401Z - [WATCHER]: 2 file(s) created or restored, 1 file(s) modified, 0 file(s) deleted
[NX v20.8.4 Daemon Server] - 2026-10-03T05:45:08.443Z - [REQUEST]: Updated workspace context based on watched changes, recomputing project graph...
[NX v20.8.4 Daemon Server] - 2026-10-03T05:45:08.443Z - [REQUEST]: .nx/workspace-data/project-graph.json,.git/config,.nx/workspace-data/file-map.json,.nx/workspace-data/source-maps.json,.git/index.lock,.git/objects/af/tmp_obj_OsY6Si,.git/info/exclude
[NX v20.8.4 Daemon Server] - 2026-10-03T05:45:08.443Z - [REQUEST]: .nx/workspace-data/project-graph.json~a15dd48b,.git/config.lock,.nx/workspace-data/source-maps.json~a15dd48b,.nx/workspace-data/file-map.json~a15dd48b
[NX v20.8.4 Daemon Server] - 2026-10-03T05:45:08.445Z - Time taken for 'hash changed files from watcher' 1.5457909999968251ms
[NX v20.8.4 Daemon Server] - 2026-10-03T05:45:08.456Z - Time taken for 'build-project-configs' 10.075916000001598ms
[NX v20.8.4 Daemon Server] - 2026-10-03T05:45:08.471Z - [SYNC]: collect registered sync generators
[NX v20.8.4 Daemon Server] - 2026-10-03T05:45:08.471Z - [SYNC]: project graph hash is the same, not collecting task sync generators
[NX v20.8.4 Daemon Server] - 2026-10-03T05:45:08.471Z - [SYNC]: nx.json hash is the same, not collecting global sync generators
[NX v20.8.4 Daemon Server] - 2026-10-03T05:45:08.471Z - Time taken for 'total execution time for createProjectGraph()' 11.235915999990539ms
